run,source_csv,source_png,bars,confidence_level,first_timestamp,last_timestamp,first_open,last_close,net_change_points,total_return_pct,highest_high,highest_high_time,lowest_low,lowest_low_time,high_low_range_points,high_low_range_pct_of_low,mean_close,median_close,mean_bar_change_points,median_bar_change_points,sd_bar_change_points,mean_valid_bar_return_pct,median_valid_bar_return_pct,realized_vol_per_bar_pct,valid_return_observations,sharpe_per_bar_no_rf,sortino_per_bar_no_rf,max_drawdown_points,max_drawdown_pct_positive_prices_only,bullish_candles,bearish_candles,bullish_candle_pct,bearish_candle_pct,avg_candle_body_points,avg_candle_range_points,median_candle_range_points,avg_true_range_points,atr14_last,rsi14_last,macd12_26_last,macd_signal9_last,macd_histogram_last,bollinger20_upper_last,bollinger20_lower_last,bollinger_percent_b_last,bollinger_width_pct_last,sma_bull_crossovers_5_12,sma_bear_crossovers_5_12,gap_bars,avg_abs_gap_points,winning_crossover_trades,valid_crossover_trades,best_long_entry,best_long_exit,best_long_entry_price,best_long_stop,best_long_target_2R,best_long_exit_price,best_long_pnl_per_unit,best_long_r_multiple,best_long_exit_reason,best_short_entry,best_short_exit,best_short_entry_price,best_short_stop,best_short_target_2R,best_short_exit_price,best_short_pnl_per_unit,best_short_r_multiple,best_short_exit_reason
1,data_1.csv,image_1.png,45,0.99,2026-09-14 09:00:00,2026-09-18 17:00:00,100.0,-237.0514,-337.0514,-337.0514,167.0611,2026-09-14 15:00:00,-239.2762,2026-09-18 17:00:00,406.3373,,-33.144457777777774,-71.2885,-6.874949999999999,-11.269949999999994,23.502830894215553,-164.49233423630378,-7.942603459077469,703.0168860223562,20,-0.23398063048953974,-0.18087077427643808,402.0648,,17,28,37.77777777777778,62.22222222222222,21.544102222222225,24.187331111111106,27.387100000000004,24.187331111111106,25.131625436558704,34.27198966848859,-50.32908887037944,-51.42467786319626,1.0955889928168219,-92.68379269983836,-226.95552730016163,-0.07518985831150542,84.01452900120252,0,0,0,0.0,0,0,,,,,,,,,no valid trade,,,,,,,,,no valid trade
2,data_2.csv,image_2.png,45,0.99,2026-09-14 09:00:00,2026-09-18 17:00:00,100.0,66.9569,-33.043099999999995,-33.043099999999995,100.4122,2026-09-14 09:00:00,-93.5172,2026-09-16 09:00:00,193.9294,,4.648715555555558,14.4834,-0.08720000000000008,-0.16159999999999997,21.396801199712073,-8.546040493547382,-10.59886089149426,142.63717225890232,28,-0.059914539514533904,-0.05514071553198196,182.373,,21,24,46.666666666666664,53.333333333333336,17.846966666666667,20.323299999999996,19.579299999999996,20.323299999999996,19.97610431119063,60.93883797886419,8.553895035094865,5.720329779210838,2.833565255884027,62.981165939844125,-6.5842359398441275,1.0571510255490484,246.69925075598354,2,1,0,0.0,1,2,2026-09-16 15:00:00,2026-09-18 17:00:00,13.416,-26.3505,92.949,66.9569,53.54090000000001,1.3463820049539186,time_exit,2026-09-18 09:00:00,2026-09-18 15:00:00,12.0238,27.1914,-18.311400000000006,27.1914,-15.167600000000002,-1.0,stop
3,data_3.csv,image_3.png,45,0.99,2026-09-14 09:00:00,2026-09-18 17:00:00,100.0,317.7078,217.70780000000002,217.70780000000002,378.2316,2026-09-18 09:00:00,55.9086,2026-09-14 15:00:00,322.32300000000004,576.5177450338589,215.06203333333332,212.9501,5.382752272727274,11.471900000000005,23.450358111169386,4.388115639570471,4.141863248509592,16.52135731065781,44,0.2656026110360636,0.35584801761064017,93.68990000000002,-58.16177874377689,25,20,55.55555555555556,44.44444444444444,20.63498222222223,23.483935555555554,23.757799999999975,23.483935555555554,26.27924166059415,58.298232910199964,32.21343476387494,41.53849789176062,-9.325063127885677,391.7067873377954,215.61286266220463,0.5797754665635394,57.990524322929694,0,1,0,0.0,0,1,,,,,,,,,no valid trade,2026-09-18 16:00:00,2026-09-18 17:00:00,299.9112,328.8943,241.94500000000005,317.7078,-17.796600000000012,-0.614033695498412,time_exit
4,data_4.csv,image_4.png,45,0.99,2026-09-14 09:00:00,2026-09-18 17:00:00,100.0,-240.5162,-340.5162,-340.51619999999997,101.5838,2026-09-14 09:00:00,-325.2187,2026-09-17 17:00:00,426.8025,,-128.4157822222222,-121.2414,-7.183229545454546,-12.1904,20.62186418924837,-596.526631406821,-14.52706235546868,2005.0438300069434,11,-0.2975130131717646,-0.2543031907058873,400.1121,,15,30,33.33333333333333,66.66666666666666,18.340831111111108,20.746651111111113,19.88129999999998,20.746651111111113,19.90334580497211,41.68822935887221,-38.766903107617594,-53.26425683366062,14.497353726043023,-184.80518249768227,-325.2114475023177,0.6032155865660378,55.05948502292384,1,0,0,0.0,1,1,2026-09-18 15:00:00,2026-09-18 15:00:00,-250.7934,-256.7244,-238.93139999999997,-238.93139999999997,11.862000000000023,2.0,target,,,,,,,,,no valid trade
5,data_5.csv,image_5.png,45,0.99,2026-09-14 09:00:00,2026-09-18 17:00:00,100.0,57.8286,-42.1714,-42.171400000000006,197.547,2026-09-14 14:00:00,35.1068,2026-09-18 16:00:00,162.4402,462.7029521346292,131.13950888888888,133.4385,-1.7184068181818184,-2.2875000000000014,22.407074780808472,0.641798902718157,-1.6137887508719417,23.953636798171054,44,0.026793380400890132,0.03296940196746672,158.7951,-81.3197454838751,22,23,48.888888888888886,51.11111111111111,19.51585777777778,21.765902222222223,20.914900000000017,21.765902222222223,25.34781458532154,43.83039995154948,-18.225139209567715,-11.24091612222744,-6.9842230873402755,172.8500632722467,40.17969672775327,0.13302822425178007,124.55571141280303,2,2,0,0.0,2,4,2026-09-17 16:00:00,2026-09-17 16:00:00,125.1676,115.4931,144.51659999999998,144.51659999999998,19.34899999999999,2.0,target,2026-09-18 14:00:00,2026-09-18 17:00:00,92.1792,123.6012,29.335199999999972,57.8286,34.35059999999999,1.093202215008592,time_exit
6,data_6.csv,image_6.png,45,0.99,2026-09-14 09:00:00,2026-09-18 17:00:00,100.0,10.3597,-89.6403,-89.64030000000001,101.508,2026-09-14 09:00:00,-40.7184,2026-09-18 11:00:00,142.2264,,16.508775555555555,15.8341,-1.682986363636364,-2.161,21.757961311032055,-13.904175297510102,-26.269820398794895,97.66699143233627,30,-0.14236309620679696,-0.1541186864829133,127.6987,,21,24,46.666666666666664,53.333333333333336,18.292824444444445,20.528128888888887,18.9517,20.528128888888887,21.795445147498032,50.86366559962117,-10.101330583960497,-9.248633267946998,-0.852697316013499,63.34514946545081,-50.261009465450805,0.5336040760107204,1736.5475901496259,3,3,0,0.0,0,6,2026-09-16 09:00:00,2026-09-16 10:00:00,30.0482,-3.5977,97.34,-3.5977,-33.645900000000005,-1.0,stop,2026-09-16 11:00:00,2026-09-16 13:00:00,-16.4451,17.5835,-84.50229999999999,17.5835,-34.0286,-1.0,stop
7,data_7.csv,image_7.png,45,0.99,2026-09-14 09:00:00,2026-09-18 17:00:00,100.0,127.5336,27.533600000000007,27.533600000000003,202.494,2026-09-15 12:00:00,71.8812,2026-09-15 17:00:00,130.6128,181.70648236256486,136.01994444444443,144.3047,1.1051250000000001,-0.17835000000000178,23.98182810160522,3.0455022079614125,-0.3598778335131503,20.286973495328624,44,0.15012107196091545,0.18418401500944778,126.8453,-63.22888508166723,22,23,48.888888888888886,51.11111111111111,21.514213333333334,24.13277111111111,24.501099999999994,24.13277111111111,23.867795585889628,52.57537853594329,-10.151679833127275,-5.778519505136067,-4.373160327991208,203.03073343660859,65.77200656339139,0.4499647843423203,102.12598790713012,1,2,0,0.0,1,3,2026-09-16 16:00:00,2026-09-16 16:00:00,183.1214,145.3276,258.709,145.3276,-37.793800000000005,-1.0,stop,2026-09-17 17:00:00,2026-09-18 09:00:00,160.4986,172.1593,137.17720000000003,137.17720000000003,23.321399999999983,2.0,target
8,data_8.csv,image_8.png,45,0.99,2026-09-14 09:00:00,2026-09-18 17:00:00,100.0,205.0179,105.0179,105.0179,205.982,2026-09-18 17:00:00,43.3401,2026-09-16 10:00:00,162.6419,375.2688618623399,107.61220888888889,108.1672,3.2493250000000002,7.237900000000003,23.172898182646765,6.204139906021319,5.683659534734664,27.22328187700723,44,0.22789830903015892,0.2674368408794341,108.2811,-66.75412461183676,26,19,57.77777777777777,42.22222222222222,20.4715,23.373824444444445,24.761799999999994,23.373824444444445,25.63863256882995,63.22497893441656,15.027242418927585,5.755777978280735,9.27146444064685,202.03217681008948,48.03233318991053,1.0193878326089372,123.16809260152826,2,2,0,0.0,1,4,2026-09-18 16:00:00,2026-09-18 17:00:00,159.3194,131.6911,214.576,205.0179,45.698499999999996,1.6540467564055696,time_exit,2026-09-15 17:00:00,2026-09-15 17:00:00,53.5216,75.3057,9.953399999999995,75.3057,-21.784100000000002,-1.0,stop
9,data_9.csv,image_9.png,45,0.99,2026-09-14 09:00:00,2026-09-18 17:00:00,100.0,166.6726,66.67259999999999,66.67259999999999,216.9244,2026-09-18 14:00:00,48.3335,2026-09-14 16:00:00,168.59089999999998,348.8075558360143,138.06560888888887,144.4111,2.0181431818181816,3.1036499999999876,23.63976920509065,3.4674483188111664,3.151193210108849,19.042165898543733,44,0.1820931682501696,0.22116958262028683,94.73060000000001,-65.85547619610391,23,22,51.11111111111111,48.888888888888886,20.374671111111113,22.66440888888889,22.365099999999984,22.66440888888889,25.613151396545693,53.81312193056138,9.67871822356065,13.957112820800788,-4.278394597240137,218.77032092923093,121.08848907076907,0.4666590507360772,57.48377207491656,3,2,0,0.0,0,5,2026-09-15 14:00:00,2026-09-15 14:00:00,108.4758,108.4274,108.57260000000001,108.4274,-0.04840000000000089,-1.0,stop,2026-09-16 14:00:00,2026-09-16 14:00:00,144.5139,146.463,140.61570000000003,146.463,-1.9490999999999872,-1.0,stop
10,data_10.csv,image_10.png,45,0.99,2026-09-14 09:00:00,2026-09-18 17:00:00,100.0,95.4468,-4.553200000000004,-4.553200000000002,251.4046,2026-09-17 10:00:00,68.4639,2026-09-18 10:00:00,182.9407,267.2075356501748,152.40440222222225,146.0738,-0.7155681818181822,-0.6674500000000165,25.831970468986526,1.1460397117711705,-0.42857174473207027,19.553278626340948,44,0.058611127763877814,0.06895557847442672,180.0113,-72.11956513029585,22,23,48.888888888888886,51.11111111111111,22.720288888888888,25.40646,28.576899999999995,25.40646,26.447584398402494,43.49414599751818,-18.227578035590525,-13.132063400789496,-5.095514634801029,263.8375614874808,34.876748512519185,0.2645433107110104,153.297518940396,2,3,0,0.0,1,5,2026-09-15 14:00:00,2026-09-16 10:00:00,193.6659,160.9695,259.05869999999993,160.9695,-32.69639999999998,-1.0,stop,2026-09-17 16:00:00,2026-09-18 17:00:00,127.1041,164.7947,51.722899999999996,95.4468,31.657300000000006,0.8399256047927071,time_exit
11,data_11.csv,image_11.png,45,0.99,2026-09-14 09:00:00,2026-09-18 17:00:00,100.0,150.9531,50.953100000000006,50.95309999999999,227.3393,2026-09-18 12:00:00,99.5365,2026-09-14 09:00:00,127.8028,128.397924379499,173.94793555555555,177.693,0.9378613636363636,2.905550000000005,19.641375089658528,1.445580773854361,1.6176412746480184,12.227329692553747,44,0.11822538609838067,0.136051022560431,88.13689999999998,-41.313461799875306,24,21,53.333333333333336,46.666666666666664,16.00758,18.516413333333336,17.382000000000005,18.516413333333336,17.845434388283557,41.29602935552955,5.245232473135076,10.503485902617493,-5.2582534294824175,234.80896087120476,143.94831912879522,0.07709367595117127,47.97829456500983,2,3,0,0.0,0,4,2026-09-16 17:00:00,2026-09-16 17:00:00,201.0615,179.8353,243.5139,179.8353,-21.226200000000006,-1.0,stop,2026-09-16 09:00:00,2026-09-16 09:00:00,133.4965,135.2906,129.90829999999997,135.2906,-1.7941000000000145,-1.0,stop
12,data_12.csv,image_12.png,45,0.99,2026-09-14 09:00:00,2026-09-18 17:00:00,100.0,303.3229,203.3229,203.3229,335.1702,2026-09-18 16:00:00,84.3445,2026-09-14 15:00:00,250.82570000000004,297.3824019349217,181.16971333333333,142.6698,3.9301931818181823,5.3703,19.798039676782164,2.903574092540377,4.056821515712306,14.112325701917488,44,0.20574738380264698,0.22693721204724213,53.310800000000015,-37.36656251007572,26,19,57.77777777777777,42.22222222222222,17.67283777777777,20.495582222222225,21.488799999999998,20.495582222222225,20.524628084537262,60.16958724962976,39.903462495689894,37.16423739304697,2.7392251026429264,337.92322468190065,187.50018531809945,0.7699798858722762,57.2578368229924,2,1,0,0.0,1,3,2026-09-16 15:00:00,2026-09-17 09:00:00,164.8511,136.2365,222.0803,222.0803,57.22919999999999,2.0,target,2026-09-16 12:00:00,2026-09-16 13:00:00,105.6855,123.7784,69.4997,123.7784,-18.0929,-1.0,stop
13,data_13.csv,image_13.png,45,0.99,2026-09-14 09:00:00,2026-09-18 17:00:00,100.0,37.958,-62.042,-62.041999999999994,146.8097,2026-09-14 10:00:00,-19.008,2026-09-18 12:00:00,165.8177,,67.8551111111111,73.0409,-2.164909090909091,-3.7474000000000007,22.111696147712244,-28.832956044128764,-6.670730852112838,226.54426803725693,42,-0.12727294446217005,-0.09931838402700514,161.85379999999998,,21,24,46.666666666666664,53.333333333333336,19.221462222222215,21.852535555555555,19.302999999999997,21.852535555555555,24.430423539932157,48.68275156298709,-8.478606183304784,-12.890588761494094,4.41198257818931,95.17100860851586,-24.445888608515872,0.521697937836415,338.2585910551491,3,2,0,0.0,0,4,2026-09-15 15:00:00,2026-09-15 16:00:00,132.0857,92.1169,212.0233,92.1169,-39.9688,-1.0,stop,2026-09-16 12:00:00,2026-09-16 12:00:00,94.9419,96.4847,91.8563,96.4847,-1.5427999999999997,-1.0,stop
14,data_14.csv,image_14.png,45,0.99,2026-09-14 09:00:00,2026-09-18 17:00:00,100.0,-45.8079,-145.8079,-145.8079,163.0324,2026-09-14 17:00:00,-88.4807,2026-09-18 12:00:00,251.5131,,39.42847555555555,38.9588,-3.0506659090909096,-4.071299999999994,23.352707226387455,-50.62031129216289,-10.372720517555528,158.3047430890537,32,-0.3197649691625894,-0.24203989634683284,247.5203,,20,25,44.44444444444444,55.55555555555556,20.31419777777778,22.928986666666667,23.388499999999993,22.928986666666667,24.708184864534335,45.214448186873156,-29.454773488003184,-29.741869272675153,0.28709578467196906,43.094059059135034,-89.51211905913503,0.32957905641587604,571.3559684237991,1,1,0,0.0,0,2,2026-09-17 16:00:00,2026-09-17 16:00:00,5.9212,4.6914,8.3808,4.6914,-1.2298,-1.0,stop,2026-09-17 17:00:00,2026-09-17 17:00:00,-30.945,6.8973,-106.62960000000001,6.8973,-37.8423,-1.0,stop
15,data_15.csv,image_15.png,45,0.99,2026-09-14 09:00:00,2026-09-18 17:00:00,100.0,246.3311,146.3311,146.3311,303.1806,2026-09-16 12:00:00,23.5234,2026-09-14 14:00:00,279.65720000000005,1188.84685037027,205.7413822222222,225.8681,3.979895454545455,5.18995000000001,22.918344127722737,5.456503707031741,2.1053471355656384,26.80574998115588,44,0.2035572110785036,0.35987840388070735,106.78029999999998,-71.72209909142433,23,22,51.11111111111111,48.888888888888886,20.51787777777778,23.057811111111114,24.701400000000003,23.057811111111114,20.308172266207563,55.269344270292876,11.493932876845406,12.846080952870743,-1.3521480760253368,287.97679055142663,193.02050944857336,0.5614224770837697,39.48308279603784,1,1,0,0.0,2,2,2026-09-18 15:00:00,2026-09-18 15:00:00,244.9889,242.7453,249.47610000000003,249.47610000000003,4.48720000000003,2.0,target,2026-09-17 10:00:00,2026-09-17 10:00:00,265.6032,266.4001,264.0094,264.0094,1.5937999999999874,2.0,target
16,data_16.csv,image_16.png,45,0.99,2026-09-14 09:00:00,2026-09-18 17:00:00,100.0,-134.7472,-234.7472,-234.74719999999996,127.6817,2026-09-16 14:00:00,-139.3428,2026-09-18 11:00:00,267.0245,,17.73854444444444,46.0536,-5.81023409090909,-11.1753,23.45924041524871,1.020833028380668,-15.041230431568732,67.90525836591029,31,0.015033195557255186,0.017148358412657393,263.5002,,18,27,40.0,60.0,21.16369333333333,23.45489777777778,24.142200000000003,23.45489777777778,20.26323716656339,26.690785554799135,-53.349229741693314,-48.69681764894251,-4.652412092750801,123.32280894475032,-219.91492894475033,0.24813043422448086,710.6951123745926,1,1,0,0.0,1,2,2026-09-15 16:00:00,2026-09-17 10:00:00,87.4009,57.4806,147.24149999999997,57.4806,-29.92029999999999,-1.0,stop,2026-09-17 11:00:00,2026-09-17 12:00:00,54.4972,73.6786,16.134399999999992,16.134399999999992,38.36280000000001,2.0,target
17,data_17.csv,image_17.png,45,0.99,2026-09-14 09:00:00,2026-09-18 17:00:00,100.0,269.5298,169.52980000000002,169.52980000000002,296.4701,2026-09-18 16:00:00,43.4707,2026-09-15 10:00:00,252.9994,581.9998297703971,150.4096933333333,147.1795,3.726965909090909,6.902000000000001,22.063512865403688,3.7462590401653126,4.535119882107241,18.156305937670247,44,0.20633376927146113,0.23563489492520862,92.6369,-67.44041799315818,26,19,57.77777777777777,42.22222222222222,18.841022222222218,21.220073333333332,20.4093,21.220073333333332,21.4258373976656,64.99250690031182,35.38372597574457,27.292171710713312,8.091554265031256,287.545729776562,117.897990223438,0.8938038913809376,83.68497583493165,2,1,0,0.0,1,3,2026-09-18 12:00:00,2026-09-18 12:00:00,194.7764,186.8064,210.7164,210.7164,15.939999999999998,2.0,target,2026-09-17 17:00:00,2026-09-17 17:00:00,147.1795,155.061,131.41649999999996,155.061,-7.881500000000017,-1.0,stop
18,data_18.csv,image_18.png,45,0.99,2026-09-14 09:00:00,2026-09-18 17:00:00,100.0,469.9297,369.9297,369.9297,470.4698,2026-09-18 17:00:00,63.2923,2026-09-14 11:00:00,407.1775,643.3286513525342,298.03744222222224,310.5156,8.5355,16.004349999999988,24.647746455335664,4.475311875083268,4.892882892916639,13.24844065289236,44,0.33779914122242233,0.4648440150133208,94.25990000000002,-30.351698727424747,29,16,64.44444444444444,35.55555555555556,22.864220000000007,25.348222222222223,25.85310000000004,25.348222222222223,24.972760373973358,66.39416260871523,50.82863504684127,43.559813308030066,7.268821738811205,495.50204670746234,238.68070329253774,0.9004274864096974,69.96114888695617,1,1,0,0.0,0,2,2026-09-17 12:00:00,2026-09-17 13:00:00,326.1806,308.0964,362.34900000000005,308.0964,-18.08420000000001,-1.0,stop,2026-09-16 14:00:00,2026-09-16 14:00:00,300.8618,301.788,299.0094,301.788,-0.9261999999999944,-1.0,stop
19,data_19.csv,image_19.png,45,0.99,2026-09-14 09:00:00,2026-09-18 17:00:00,100.0,74.6803,-25.319699999999997,-25.3197,203.4231,2026-09-14 13:00:00,74.6181,2026-09-18 17:00:00,128.805,172.6189758249004,147.63002,149.5243,-1.414215909090909,4.366650000000007,20.074685244703765,-0.2912664173282809,2.9581219787667923,14.904942852960335,44,-0.019541599065603342,-0.019022972626150107,126.79260000000001,-62.932831164886196,25,20,55.55555555555556,44.44444444444444,17.215926666666665,19.572106666666667,17.0377,19.572106666666667,20.974358188224617,39.79271001245332,-10.60137364640056,-4.611763136556716,-5.989610509843844,205.71672582577122,67.32866417422879,0.053123338372080386,101.3663418023959,2,2,0,0.0,1,3,2026-09-16 14:00:00,2026-09-17 10:00:00,157.8519,141.9132,189.72930000000002,189.72930000000002,31.877400000000023,2.0,target,2026-09-17 15:00:00,2026-09-17 16:00:00,79.0344,112.6736,11.756000000000029,112.6736,-33.63919999999999,-1.0,stop
20,data_20.csv,image_20.png,45,0.99,2026-09-14 09:00:00,2026-09-18 17:00:00,100.0,238.8828,138.8828,138.88280000000003,240.8477,2026-09-18 17:00:00,-30.403,2026-09-16 10:00:00,271.2507,,97.2623688888889,91.1567,3.5138136363636363,4.185000000000002,22.563694442411407,-9.762265003127931,4.217194290246862,103.47000672235438,42,-0.09434874232997247,-0.06605190357791245,179.0958,,25,20,55.55555555555556,44.44444444444444,19.564555555555554,21.70545333333333,22.1517,21.70545333333333,23.241123466877116,71.05956780374484,37.10940168217985,26.834031234115606,10.275370448064244,235.40534048586215,43.78786951413787,1.018147925116134,137.26513690768073,1,0,0,0.0,0,1,2026-09-16 15:00:00,2026-09-16 15:00:00,57.8408,55.9957,61.531000000000006,55.9957,-1.8451000000000022,-1.0,stop,,,,,,,,,no valid trade
21,data_21.csv,image_21.png,45,0.99,2026-09-14 09:00:00,2026-09-18 17:00:00,100.0,190.4283,90.42830000000001,90.42830000000002,246.2644,2026-09-18 10:00:00,20.4291,2026-09-14 14:00:00,225.8353,1105.4588797352797,133.51546888888888,128.9896,2.3811522727272734,6.061949999999989,24.169803325651873,7.578875491162772,2.955681914936703,39.652799285396014,44,0.1911309069661078,0.31993145745209767,74.9334,-76.58362392840937,23,22,51.11111111111111,48.888888888888886,21.585122222222218,23.971799999999998,24.6734,23.971799999999998,24.184299090796532,53.84437386918998,26.16895325054992,26.63155941695578,-0.4626061664058625,264.6491623084092,97.58331769159082,0.55573886165277,92.2423326681353,2,1,0,0.0,2,3,2026-09-15 13:00:00,2026-09-15 17:00:00,66.901,31.9739,136.7552,136.7552,69.8542,2.0000000000000004,target,2026-09-17 14:00:00,2026-09-17 16:00:00,125.2671,149.1657,77.46990000000002,149.1657,-23.898599999999988,-1.0,stop
22,data_22.csv,image_22.png,45,0.99,2026-09-14 09:00:00,2026-09-18 17:00:00,100.0,202.7496,102.74959999999999,102.74959999999997,203.3268,2026-09-18 17:00:00,16.4743,2026-09-17 11:00:00,186.8525,1134.2060057179972,90.28502,77.6917,2.1766931818181816,2.726849999999999,23.225971298701204,10.820887786860718,3.1920996435144677,47.47125640952448,44,0.2279461005521154,0.3376753976259989,88.6913,-82.90835904804015,25,20,55.55555555555556,44.44444444444444,20.061711111111112,22.724937777777782,23.2192,22.724937777777782,22.22175730664328,63.04182516541631,30.48293180404687,22.128234554705177,8.354697249341694,234.56184885914024,-8.025038859140281,0.8688624551872554,214.16995120420435,2,1,0,0.0,2,3,2026-09-15 13:00:00,2026-09-15 13:00:00,67.7131,66.8199,69.49949999999998,69.49949999999998,1.7863999999999862,2.0,target,2026-09-15 15:00:00,2026-09-16 10:00:00,73.9133,104.0465,13.64690000000003,104.0465,-30.133199999999988,-1.0,stop
23,data_23.csv,image_23.png,45,0.99,2026-09-14 09:00:00,2026-09-18 17:00:00,100.0,336.197,236.197,236.197,411.3862,2026-09-18 10:00:00,90.849,2026-09-14 09:00:00,320.5372,352.8241367543946,275.44564666666673,303.5774,5.551259090909091,8.56560000000001,23.15091501359416,3.4345757988037398,3.7422810894357617,9.711342261900255,44,0.35366643520312746,0.4925792363508191,105.45369999999997,-25.78134034306926,25,20,55.55555555555556,44.44444444444444,20.693568888888887,22.947399999999995,24.875400000000013,22.947399999999995,24.113420163581345,53.55890349946747,22.411997690271846,34.43239902132115,-12.020401331049307,407.9455343328934,294.01595566710665,0.3702378682241226,32.460350115726925,0,1,0,0.0,0,1,,,,,,,,,no valid trade,2026-09-18 16:00:00,2026-09-18 17:00:00,335.0098,364.471,276.08739999999995,336.197,-1.1872000000000185,-0.04029706868695157,time_exit
24,data_24.csv,image_24.png,45,0.99,2026-09-14 09:00:00,2026-09-18 17:00:00,100.0,-57.3999,-157.3999,-157.3999,101.9002,2026-09-14 09:00:00,-74.6333,2026-09-18 17:00:00,176.5335,,1.382364444444446,-5.5868,-3.043770454545455,-4.229650000000001,20.910425204307078,-13.257231113538175,-8.583962124423234,104.47904275437712,22,-0.12688890292290478,-0.12330503547730987,172.2468,,18,27,40.0,60.0,17.874371111111113,20.228502222222225,21.6817,20.228502222222225,16.856253252445224,46.317230482253194,-21.184246382727963,-23.38847636507994,2.2042299823519755,6.668776169868309,-102.4638061698683,0.4129280660617149,227.8460215310473,2,2,0,0.0,1,3,2026-09-16 11:00:00,2026-09-16 11:00:00,12.2206,11.9443,12.773199999999997,11.9443,-0.2762999999999991,-1.0,stop,2026-09-17 10:00:00,2026-09-17 10:00:00,-9.3123,-3.8713,-20.194300000000002,-20.194300000000002,10.882000000000001,2.0,target
25,data_25.csv,image_25.png,45,0.99,2026-09-14 09:00:00,2026-09-18 17:00:00,100.0,237.5918,137.5918,137.5918,296.8189,2026-09-18 11:00:00,74.0925,2026-09-14 11:00:00,222.72639999999998,300.60586429125755,201.2997466666667,205.7678,3.0077204545454546,3.669050000000013,22.4724686077812,2.8464710313310877,2.1085776662503553,14.533608201594092,44,0.19585439430098836,0.23879296972346759,124.5403,-47.40625164155266,26,19,57.77777777777777,42.22222222222222,19.040422222222226,21.437913333333334,20.98259999999999,21.437913333333334,19.06056967563682,53.085688553854986,16.852922192445135,20.344676006943473,-3.491753814498338,297.218953799656,174.69637620034402,0.5133374193721597,51.925661155916245,1,2,0,0.0,1,3,2026-09-17 10:00:00,2026-09-17 13:00:00,220.2001,187.858,284.88429999999994,187.858,-32.34209999999999,-1.0,stop,2026-09-16 12:00:00,2026-09-16 12:00:00,203.673,204.3265,202.36599999999999,202.36599999999999,1.3070000000000164,2.0,target
26,data_26.csv,image_26.png,45,0.99,2026-09-14 09:00:00,2026-09-18 17:00:00,100.0,9.804,-90.196,-90.196,178.4433,2026-09-15 12:00:00,-34.8312,2026-09-17 14:00:00,213.2745,,66.89818666666666,62.2993,-1.9919272727272725,-4.585150000000004,23.637234379852398,214.69503584136382,-7.8387131215944486,1517.7999289445722,38,0.1414514731138877,1.1505621627624598,209.2475,,21,24,46.666666666666664,53.333333333333336,19.35078222222222,22.069733333333332,21.018500000000003,22.069733333333332,19.67837669980901,42.420732576414636,-9.785499298468157,-17.35297227525928,7.567472976791123,77.10505549717543,-51.569795497175434,0.4769680712501458,1007.8209581132195,1,1,0,0.0,0,2,2026-09-18 13:00:00,2026-09-18 17:00:00,32.2291,-1.3667,99.42070000000001,9.804,-22.4251,-0.6674971276171425,time_exit,2026-09-16 09:00:00,2026-09-16 09:00:00,103.164,104.2979,100.89620000000001,104.2979,-1.133899999999997,-1.0,stop
27,data_27.csv,image_27.png,45,0.99,2026-09-14 09:00:00,2026-09-18 17:00:00,100.0,36.1582,-63.8418,-63.84179999999999,181.0001,2026-09-17 13:00:00,-79.4102,2026-09-15 13:00:00,260.4103,,52.38430666666665,50.8062,-1.7758250000000002,-1.2324500000000036,20.964689876142906,2.5645413365586123,-2.1011946594011564,52.69612566335448,34,0.04866660127809027,0.05797077661851924,192.2433,,21,24,46.666666666666664,53.333333333333336,17.231382222222223,20.02872222222222,18.21090000000001,20.02872222222222,19.75756659273512,39.29978384762478,-9.771137182994963,3.6142873644312328,-13.385424547426195,200.63725996636697,-4.770399966366966,0.19925547070527994,209.7421278237002,1,1,0,0.0,1,2,2026-09-16 10:00:00,2026-09-16 13:00:00,10.2558,-12.523,55.8134,55.8134,45.5576,2.0,target,2026-09-18 10:00:00,2026-09-18 10:00:00,89.8862,90.499,88.66060000000002,90.499,-0.6127999999999929,-1.0,stop
28,data_28.csv,image_28.png,45,0.99,2026-09-14 09:00:00,2026-09-18 17:00:00,100.0,-106.0152,-206.0152,-206.0152,100.9448,2026-09-14 09:00:00,-129.5453,2026-09-18 14:00:00,230.49009999999998,,9.511239999999999,34.1759,-4.425840909090908,-8.760550000000002,22.8987959173882,-17.119770568157147,-12.584044943211236,139.18851351837301,29,-0.12299700697570363,-0.0999246694862731,226.1707,,20,25,44.44444444444444,55.55555555555556,20.335293333333336,22.832913333333334,21.2534,22.832913333333334,23.05359666268197,35.59322209036726,-41.86190086695399,-36.55341229636777,-5.308488570586221,74.41280182059086,-163.24076182059085,0.24079404046720781,535.0872937781791,1,2,0,0.0,1,3,2026-09-16 16:00:00,2026-09-16 16:00:00,98.2686,85.2929,124.22000000000001,85.2929,-12.975700000000003,-1.0,stop,2026-09-17 12:00:00,2026-09-18 09:00:00,4.3923,42.4017,-71.6265,-71.6265,76.0188,2.0,target
29,data_29.csv,image_29.png,45,0.99,2026-09-14 09:00:00,2026-09-18 17:00:00,100.0,336.1879,236.1879,236.1879,336.4872,2026-09-18 17:00:00,76.9748,2026-09-15 16:00:00,259.51239999999996,337.1394274489832,189.4245711111111,180.0751,5.7442613636363635,9.556150000000002,23.967013638877646,4.371454516199288,5.211988395983724,15.476240234458755,44,0.2824623067342925,0.31741264693165716,137.5014,-63.44677193032646,27,18,60.0,40.0,21.700691111111116,23.83689111111111,25.859199999999987,23.83689111111111,25.0755473102136,69.42219422738529,42.96415646084188,34.77247964769183,8.191676813150046,363.5913537728255,94.76805622717441,0.8980614625926463,117.2980380377273,2,2,0,0.0,2,4,2026-09-17 14:00:00,2026-09-17 14:00:00,161.0891,150.8411,181.58509999999998,181.58509999999998,20.49599999999998,2.0,target,2026-09-15 14:00:00,2026-09-15 16:00:00,146.4856,167.8765,103.70380000000003,103.70380000000003,42.781799999999976,2.0,target
30,data_30.csv,image_30.png,45,0.99,2026-09-14 09:00:00,2026-09-18 17:00:00,100.0,-199.4324,-299.43240000000003,-299.4324,101.1727,2026-09-14 09:00:00,-199.6169,2026-09-18 17:00:00,300.7896,,-55.223459999999996,-66.2397,-6.486861363636365,-12.318900000000001,23.024164850527942,-11.035574110663429,-18.392606451711167,97.3565536765242,13,-0.11335214419493633,-0.16263375915941922,285.4219,,13,32,28.888888888888886,71.11111111111111,20.682999999999996,23.212595555555556,21.76910000000001,23.212595555555556,23.101308283766656,30.868293882413454,-35.463832764120795,-30.300058823461182,-5.163773940659613,2.9851514101159324,-211.80157141011597,0.05758815651034669,205.7182311814673,1,1,0,0.0,1,2,2026-09-17 10:00:00,2026-09-18 09:00:00,-54.6124,-96.4111,28.985000000000007,-96.4111,-41.798700000000004,-1.0,stop,2026-09-18 10:00:00,2026-09-18 17:00:00,-114.3759,-81.5033,-180.1211,-180.1211,65.74520000000001,2.0,target
31,data_31.csv,image_31.png,45,0.99,2026-09-14 09:00:00,2026-09-18 17:00:00,100.0,243.3621,143.3621,143.3621,310.4144,2026-09-18 13:00:00,97.4858,2026-09-16 09:00:00,212.92860000000002,218.42011862240452,194.4691288888889,192.636,2.6982500000000003,3.4734000000000123,20.762800135242994,2.292505953481728,1.5306732763802011,12.609347833936088,44,0.1818100336094946,0.19742451591681043,111.0811,-52.99617704211933,27,18,60.0,40.0,17.705380000000005,20.253459999999997,19.54530000000001,20.253459999999997,20.94240993309051,52.37770478431997,23.030871159252285,25.722268544510836,-2.6913973852585507,302.5809138258735,179.25033617412652,0.519836727003,51.19243621153546,1,1,0,0.0,1,2,2026-09-16 17:00:00,2026-09-16 17:00:00,173.9392,157.7141,206.3894,206.3894,32.450199999999995,2.0,target,2026-09-15 17:00:00,2026-09-16 10:00:00,126.3761,153.6821,71.7641,153.6821,-27.305999999999997,-1.0,stop
32,data_32.csv,image_32.png,45,0.99,2026-09-14 09:00:00,2026-09-18 17:00:00,100.0,154.9595,54.95949999999999,54.959499999999984,194.5518,2026-09-17 17:00:00,27.8525,2026-09-14 14:00:00,166.6993,598.5074948388834,93.84356444444444,81.2248,1.7026204545454546,2.008800000000001,22.707086664366702,5.885529125959435,2.3648473864755326,31.442620966029477,44,0.18718315920031428,0.2531819011641419,79.9425,-66.00505121216364,23,22,51.11111111111111,48.888888888888886,19.240815555555557,21.417624444444446,22.4225,21.417624444444446,23.252059644957825,57.57047465714096,14.643974484258266,15.278456047227248,-0.6344815629689826,201.67566391073532,33.79817608926464,0.7217246664995628,142.5869538811366,2,3,0,0.0,2,5,2026-09-17 13:00:00,2026-09-17 15:00:00,83.5284,53.2477,144.08980000000003,144.08980000000003,60.56140000000002,2.0000000000000004,target,2026-09-16 10:00:00,2026-09-16 15:00:00,66.9034,85.8319,29.046400000000006,85.8319,-18.9285,-1.0,stop
33,data_33.csv,image_33.png,45,0.99,2026-09-14 09:00:00,2026-09-18 17:00:00,100.0,159.3617,59.36170000000001,59.361700000000006,282.3643,2026-09-16 10:00:00,61.1043,2026-09-18 13:00:00,221.26000000000002,362.10217611526525,179.07724000000002,186.3986,0.5726386363636361,2.2942499999999946,23.051952697525163,1.5385072417728323,0.7681523619197328,15.34656260515354,44,0.10025093445070135,0.1142728851184223,217.47770000000003,-77.39714643938399,23,22,51.11111111111111,48.888888888888886,20.611371111111108,23.149322222222224,24.78060000000002,23.149322222222224,24.177217822170274,49.98516799919859,-21.382776456327036,-20.302228368793433,-1.0805480875336038,250.53162939256384,54.580090607436134,0.5347322610590113,128.4457632667324,3,4,0,0.0,3,7,2026-09-15 16:00:00,2026-09-16 11:00:00,259.0777,224.7124,327.8083,224.7124,-34.36529999999999,-1.0,stop,2026-09-16 14:00:00,2026-09-16 14:00:00,209.8659,211.018,207.56170000000003,207.56170000000003,2.3041999999999803,2.0,target
34,data_34.csv,image_34.png,45,0.99,2026-09-14 09:00:00,2026-09-18 17:00:00,100.0,-102.8985,-202.8985,-202.8985,231.6054,2026-09-16 12:00:00,-103.5734,2026-09-18 17:00:00,335.1788,,82.67181333333335,90.6305,-3.8876386363636373,-6.857050000000003,22.502925197479463,-30.13158783749151,-6.444998938515356,121.92737826388296,38,-0.24712733322518274,-0.1826180863556834,332.1151,,19,26,42.22222222222222,57.77777777777777,19.81930888888889,21.90210666666667,25.490800000000007,21.90210666666667,23.147800380570423,26.17469925263549,-53.67270532747516,-42.617842766225394,-11.054862561249763,132.4506231871516,-120.6558431871516,0.07015760380017866,4291.838701091554,0,1,0,0.0,1,1,,,,,,,,,no valid trade,2026-09-16 16:00:00,2026-09-17 10:00:00,122.9191,153.89,60.97730000000003,60.97730000000003,61.94179999999997,2.0,target
35,data_35.csv,image_35.png,45,0.99,2026-09-14 09:00:00,2026-09-18 17:00:00,100.0,271.1853,171.18529999999998,171.18529999999996,310.7145,2026-09-16 15:00:00,64.1413,2026-09-14 12:00:00,246.57319999999999,384.42189353817275,204.22269333333332,216.3603,3.6287090909090907,4.877750000000006,21.095232497402115,2.971729246724181,2.426034754846196,14.309380368603222,44,0.20767700418702753,0.2606981819631286,117.23910000000004,-41.50944072968497,27,18,60.0,40.0,18.096642222222222,20.56351777777778,20.004499999999993,20.56351777777778,19.5178283571112,56.49737263836307,17.974921926922605,16.0180515882277,1.9568703386949053,291.27658287795236,182.8009871220477,0.8147852266867246,45.76280449459132,1,1,0,0.0,1,2,2026-09-18 10:00:00,2026-09-18 10:00:00,237.0723,234.8309,241.5551,241.5551,4.4827999999999975,2.0,target,2026-09-17 11:00:00,2026-09-17 16:00:00,204.7704,243.2208,127.86959999999999,243.2208,-38.4504,-1.0,stop
36,data_36.csv,image_36.png,45,0.99,2026-09-14 09:00:00,2026-09-18 17:00:00,100.0,297.1977,197.1977,197.1977,299.3132,2026-09-18 14:00:00,85.393,2026-09-16 10:00:00,213.9202,250.51257128804468,165.51897555555553,146.138,4.215654545454545,8.08420000000001,21.231142067063644,3.371998785880443,5.214179066995039,15.154015962523678,44,0.2225151929507989,0.23231677517222218,60.510999999999996,-41.10918925675868,28,17,62.22222222222222,37.77777777777778,18.621082222222224,21.097600000000003,20.0753,21.097600000000003,21.949495012123442,66.83760557117014,37.93613159137698,30.65014086034891,7.285990731028068,306.22188720146727,133.92489279853277,0.9476242331867771,78.29069857238737,2,2,0,0.0,1,4,2026-09-16 17:00:00,2026-09-17 17:00:00,166.2028,131.4504,235.70759999999999,235.70759999999999,69.50479999999999,2.0,target,2026-09-15 13:00:00,2026-09-15 16:00:00,98.3384,136.5386,21.937999999999974,136.5386,-38.20020000000001,-1.0,stop
37,data_37.csv,image_37.png,45,0.99,2026-09-14 09:00:00,2026-09-18 17:00:00,100.0,-183.0673,-283.0673,-283.0673,117.4378,2026-09-14 14:00:00,-185.0215,2026-09-18 17:00:00,302.4593,,-21.24454,-47.882,-6.752943181818182,-11.935899999999997,24.671868783286765,-41.16303612215356,-18.49475725749411,95.34700242380997,15,-0.431718198535357,-0.35343390689137333,299.2851,,16,29,35.55555555555556,64.44444444444444,22.301833333333335,24.548735555555556,24.0927,24.548735555555556,24.772311988479416,27.647271178250307,-38.53685653761097,-27.391777685438853,-11.14507885217212,36.97092248251391,-175.9120024825139,-0.033611420543294114,306.4362605573928,1,1,0,0.0,0,2,2026-09-17 09:00:00,2026-09-18 10:00:00,-41.68,-75.8556,26.671199999999992,-75.8556,-34.175599999999996,-1.0,stop,2026-09-18 12:00:00,2026-09-18 12:00:00,-61.7822,-61.0639,-63.218800000000016,-61.0639,-0.7183000000000064,-1.0,stop
38,data_38.csv,image_38.png,45,0.99,2026-09-14 09:00:00,2026-09-18 17:00:00,100.0,331.2055,231.20549999999997,231.20549999999994,337.9154,2026-09-18 14:00:00,77.3629,2026-09-14 14:00:00,260.5525,336.79257111612935,192.17110666666665,177.5429,4.378306818181818,10.865550000000006,24.42868347889992,3.0099795436688113,6.665518152306293,14.263123906460429,44,0.2110322790020391,0.20253053495161522,80.9554,-42.47957563510393,29,16,64.44444444444444,35.55555555555556,22.358099999999997,24.865771111111112,26.659999999999997,24.865771111111112,27.019725587840604,62.06686964616385,39.588770754220036,34.963864892007535,4.6249058622125006,373.3884560831598,122.77819391684022,0.8316790552847961,101.01858404482428,1,1,0,0.0,0,2,2026-09-17 11:00:00,2026-09-17 11:00:00,227.8013,201.1541,281.09569999999997,201.1541,-26.647199999999998,-1.0,stop,2026-09-16 15:00:00,2026-09-16 15:00:00,134.6737,136.3823,131.25650000000002,136.3823,-1.70859999999999,-1.0,stop
39,data_39.csv,image_39.png,45,0.99,2026-09-14 09:00:00,2026-09-18 17:00:00,100.0,-21.7612,-121.7612,-121.76119999999999,148.9557,2026-09-14 10:00:00,-79.5833,2026-09-16 17:00:00,228.539,,27.269075555555556,30.9044,-3.135931818181818,-7.008299999999999,22.392334729719483,-13.167600000294113,-27.156205377911025,266.29936198131435,35,-0.049446607390738154,-0.05297522695217352,224.10379999999998,,20,25,44.44444444444444,55.55555555555556,20.116400000000002,22.41471111111111,21.4905,22.41471111111111,20.696019956124594,44.66266473330883,-2.8974948915817684,-1.5478159357914816,-1.3496789557902868,88.74557492585973,-68.90605492585973,0.29904451333742765,1589.2685896807932,1,1,0,0.0,1,2,2026-09-17 14:00:00,2026-09-18 17:00:00,30.9044,1.4053,89.90259999999999,1.4053,-29.4991,-1.0,stop,2026-09-18 16:00:00,2026-09-18 17:00:00,16.3819,32.0518,-14.957899999999995,-14.957899999999995,31.339799999999997,2.0,target
40,data_40.csv,image_40.png,45,0.99,2026-09-14 09:00:00,2026-09-18 17:00:00,100.0,134.5392,34.539199999999994,34.539199999999994,173.9027,2026-09-18 17:00:00,6.3781,2026-09-16 16:00:00,167.52460000000002,2626.5596337467277,96.12814,99.0119,1.2537068181818183,-5.806950000000008,25.00872218717039,12.05488557295558,-4.9641779872081955,66.81596006640423,44,0.1804192525404855,0.4756991072387198,137.3094,-94.04399149347114,19,26,42.22222222222222,57.77777777777777,22.21520444444445,24.467313333333337,27.6973,24.467313333333337,25.405144628403466,56.78545290151925,16.17376960602219,11.618418451266677,4.555351154755513,177.67061096714093,32.50235903285906,0.702886751115067,138.14169532293508,1,1,0,0.0,1,2,2026-09-17 12:00:00,2026-09-18 10:00:00,78.1373,45.4252,143.5615,143.5615,65.4242,2.0,target,2026-09-15 14:00:00,2026-09-15 14:00:00,74.4686,75.9872,71.43139999999998,75.9872,-1.5186000000000064,-1.0,stop
41,data_41.csv,image_41.png,45,0.99,2026-09-14 09:00:00,2026-09-18 17:00:00,100.0,-55.8641,-155.8641,-155.8641,174.992,2026-09-14 15:00:00,-87.1747,2026-09-18 15:00:00,262.1667,,46.31826444444445,60.6547,-3.7119863636363633,-4.443250000000003,20.080019113682543,-32.3174683738342,-16.58918778744728,85.33175143840212,33,-0.37872735328962515,-0.28326800073182007,258.4108,,21,24,46.666666666666664,53.333333333333336,17.283704444444446,19.547084444444444,20.028299999999998,19.547084444444444,19.817975021100626,36.02519810204136,-33.35209818113636,-28.84072934834978,-4.511368832786584,58.805807705876525,-84.58681770587653,0.20030819314033074,1112.3895100444324,1,1,0,0.0,1,2,2026-09-18 12:00:00,2026-09-18 12:00:00,-0.9193,-1.9055,1.0531,-1.9055,-0.9862,-1.0,stop,2026-09-18 13:00:00,2026-09-18 17:00:00,-32.2665,0.5401,-97.87970000000001,-55.8641,23.5976,0.7192942883444184,time_exit
42,data_42.csv,image_42.png,45,0.99,2026-09-14 09:00:00,2026-09-18 17:00:00,100.0,333.6533,233.6533,233.65330000000003,335.2865,2026-09-18 17:00:00,8.5805,2026-09-15 14:00:00,326.706,3807.5403531262746,109.04464888888887,88.0197,5.389475000000001,6.472600000000007,20.75556254264031,10.491307538892402,5.63416478915566,53.01371481404804,44,0.19789798876935752,0.36054542421109737,113.05680000000001,-91.59276764462362,28,17,62.22222222222222,37.77777777777778,17.526642222222225,20.11088444444444,17.409899999999993,20.11088444444444,22.271162191192325,82.7894374233054,59.95776253569295,35.46002679311137,24.497735742581582,345.0076119484695,-60.714521948469525,0.9720145611987892,285.42525173365203,2,2,0,0.0,2,4,2026-09-17 17:00:00,2026-09-17 17:00:00,88.0197,70.5221,123.01490000000001,123.01490000000001,34.99520000000001,2.0,target,2026-09-15 13:00:00,2026-09-15 13:00:00,53.1989,70.1602,19.2763,19.2763,33.9226,2.0,target
43,data_43.csv,image_43.png,45,0.99,2026-09-14 09:00:00,2026-09-18 17:00:00,100.0,-54.6002,-154.6002,-154.6002,149.6784,2026-09-14 16:00:00,-70.2305,2026-09-18 16:00:00,219.90890000000002,,61.50156222222222,68.3216,-3.8648750000000005,-5.742450000000005,22.36472818885697,23.26787131937811,-5.103988434755386,209.23402801691654,38,0.11120500589654043,0.37444618896578596,216.6392,,20,25,44.44444444444444,55.55555555555556,18.86950222222222,21.33838888888889,20.7115,21.33838888888889,22.93927264801282,35.86143281360424,-32.895655750760284,-25.75941867316593,-7.136237077594355,112.67460207977642,-74.34139207977641,0.10555884360850012,975.7387610354198,1,2,0,0.0,3,3,2026-09-17 11:00:00,2026-09-17 11:00:00,32.3064,31.1319,34.655399999999986,34.655399999999986,2.3489999999999895,2.0,target,2026-09-15 13:00:00,2026-09-15 13:00:00,106.9512,113.1787,94.49619999999999,94.49619999999999,12.455000000000013,2.0,target
44,data_44.csv,image_44.png,45,0.99,2026-09-14 09:00:00,2026-09-18 17:00:00,100.0,54.4446,-45.5554,-45.5554,155.6705,2026-09-15 13:00:00,52.4609,2026-09-18 17:00:00,103.2096,196.73623593952829,97.31183555555555,97.4961,-0.6850863636363634,0.6235999999999962,20.377206446734377,1.3406152165144773,0.6829707742169067,22.119007904254584,44,0.06060919288593457,0.06685440162178204,99.381,-64.60628139919493,23,22,51.11111111111111,48.888888888888886,16.384568888888893,18.780215555555554,18.522400000000005,18.780215555555554,17.21891020510573,40.49840337093871,-8.287304594533566,-6.270052863577218,-2.017251730956348,129.5510233376467,38.02187666235329,0.17942616023623123,109.24098905645651,2,3,0,0.0,1,5,2026-09-16 16:00:00,2026-09-16 16:00:00,114.6307,113.7911,116.30990000000001,113.7911,-0.8396000000000043,-1.0,stop,2026-09-18 17:00:00,2026-09-18 17:00:00,72.3276,73.3871,70.2086,70.2086,2.1189999999999998,2.0,target
45,data_45.csv,image_45.png,45,0.99,2026-09-14 09:00:00,2026-09-18 17:00:00,100.0,115.4535,15.453500000000005,15.453500000000009,182.1368,2026-09-17 16:00:00,76.2754,2026-09-16 13:00:00,105.86139999999999,138.78839049024978,131.7163911111111,133.3228,0.7004840909090911,3.7107500000000044,24.981322799531497,2.8456944208931416,2.5335440757541794,21.417914827891117,44,0.13286514788019346,0.1593414316405125,93.0391,-54.438532836922136,23,22,51.11111111111111,48.888888888888886,21.793784444444444,24.360426666666665,25.253,24.360426666666665,20.666989599349588,46.83758141391002,-0.5928866134291013,6.843954320976339,-7.43684093440544,193.880752497248,111.11565750275201,0.05241149662833666,54.27283225694098,2,3,0,0.0,1,5,2026-09-16 11:00:00,2026-09-16 11:00:00,101.1366,99.6067,104.1964,104.1964,3.0597999999999956,2.0,target,2026-09-15 13:00:00,2026-09-15 13:00:00,92.907,124.099,30.522999999999982,124.099,-31.192000000000007,-1.0,stop
46,data_46.csv,image_46.png,45,0.99,2026-09-14 09:00:00,2026-09-18 17:00:00,100.0,-125.8738,-225.87380000000002,-225.87380000000002,137.9758,2026-09-14 12:00:00,-168.1527,2026-09-18 12:00:00,306.12850000000003,,-33.223395555555555,-56.984,-5.391988636363635,-7.677100000000003,22.21694138422001,-5.781639021125688,-12.654956891227542,44.21233795947748,19,-0.1307698096948596,-0.13402774428868935,303.95730000000003,,19,26,42.22222222222222,57.77777777777777,19.498359999999998,21.68247111111111,20.131700000000002,21.68247111111111,21.672248358658514,46.300486421898796,-36.46988914676484,-40.55951795001376,4.089628803248921,-64.9247853546202,-178.60878464537979,0.4638734120401952,93.36207676893136,0,0,0,0.0,0,0,,,,,,,,,no valid trade,,,,,,,,,no valid trade
47,data_47.csv,image_47.png,45,0.99,2026-09-14 09:00:00,2026-09-18 17:00:00,100.0,59.5987,-40.4013,-40.40129999999999,234.8872,2026-09-17 10:00:00,2.8942,2026-09-14 17:00:00,231.993,8015.790201091839,116.64258222222222,102.239,-1.0971249999999995,-2.8947999999999894,22.21191936038287,14.959065419988699,-1.5686901167521194,103.29951016221514,44,0.14481254941575145,0.5693348767972414,184.98919999999998,-96.3505889376503,21,24,46.666666666666664,53.333333333333336,19.145242222222222,21.52293111111111,19.9399,21.52293111111111,20.20364403403761,37.93197029116434,-22.64467884274316,-12.554781676761202,-10.08989716598196,262.7242432716904,-1.2292932716904659,0.23044962408258302,201.88040843112339,1,1,0,0.0,2,2,2026-09-15 14:00:00,2026-09-15 14:00:00,86.5524,79.6664,100.32440000000003,100.32440000000003,13.77200000000002,2.0,target,2026-09-17 15:00:00,2026-09-17 15:00:00,160.7246,166.141,149.89180000000005,149.89180000000005,10.832799999999963,2.0,target
48,data_48.csv,image_48.png,45,0.99,2026-09-14 09:00:00,2026-09-18 17:00:00,100.0,428.1179,328.1179,328.11789999999996,429.4672,2026-09-18 17:00:00,98.5005,2026-09-14 09:00:00,330.9667,336.00509642083034,220.12714888888888,184.6123,7.317518181818183,11.946550000000002,20.21742021190582,3.897636841673338,6.39112564871226,11.780220258332106,44,0.33086281548229574,0.31158739663008406,83.14450000000002,-39.77045754265433,32,13,71.11111111111111,28.888888888888886,18.956197777777778,21.212966666666667,20.700400000000002,21.212966666666667,21.24043067120839,78.83403979228558,64.38079107974954,54.959472046515494,9.421319033234049,495.60992090962225,92.45122909037778,0.83259192402608,137.114547294697,2,2,0,0.0,2,4,2026-09-17 15:00:00,2026-09-17 17:00:00,248.3309,217.4406,310.1115000000001,310.1115000000001,61.78060000000008,2.000000000000001,target,2026-09-15 14:00:00,2026-09-15 14:00:00,134.0036,144.4114,113.18800000000005,113.18800000000005,20.81559999999996,2.0,target
49,data_49.csv,image_49.png,45,0.99,2026-09-14 09:00:00,2026-09-18 17:00:00,100.0,200.847,100.84700000000001,100.847,212.29,2026-09-16 14:00:00,91.2326,2026-09-15 11:00:00,121.05739999999999,132.6909459995659,138.5247688888889,136.7521,2.4751363636363637,5.300699999999999,23.15934540692486,3.348866469397361,3.8434392570955156,18.03692819454133,44,0.18566722854786644,0.2146590825957887,105.94720000000001,-50.47878691433293,24,21,53.333333333333336,46.666666666666664,19.603964444444447,22.052875555555556,22.386500000000012,22.052875555555556,21.152146802342877,62.131858492473675,15.146752810369378,10.454152048721049,4.692600761648329,207.38479693892626,96.83657306107372,0.940860226337512,72.67617253702628,2,1,0,0.0,1,3,2026-09-15 17:00:00,2026-09-15 17:00:00,133.1186,121.144,157.06779999999995,121.144,-11.974599999999981,-1.0,stop,2026-09-17 10:00:00,2026-09-17 10:00:00,155.0875,157.3244,150.61370000000002,150.61370000000002,4.473799999999983,2.0,target
50,data_50.csv,image_50.png,45,0.99,2026-09-14 09:00:00,2026-09-18 17:00:00,100.0,-57.8862,-157.8862,-157.8862,140.9152,2026-09-14 15:00:00,-89.4342,2026-09-18 16:00:00,230.3494,,26.064873333333335,24.166,-2.8910249999999995,-4.337499999999994,22.73173168833142,-36.16900497914417,-4.133310572204573,170.45595499646208,27,-0.21218974121434994,-0.15523239355192667,226.3612,,21,24,46.666666666666664,53.333333333333336,20.423444444444446,23.020731111111107,23.033900000000003,23.020731111111107,23.449359061965424,39.907309100317626,-27.39189253598953,-24.886016421864614,-2.5058761141249164,40.325498540832214,-92.31511854083222,0.2595654279837597,510.2580749067388,2,2,0,0.0,1,4,2026-09-16 09:00:00,2026-09-16 09:00:00,78.771,77.9309,80.45120000000001,77.9309,-0.8401000000000067,-1.0,stop,2026-09-16 10:00:00,2026-09-17 09:00:00,43.1348,79.2447,-29.084999999999994,-29.084999999999994,72.21979999999999,2.0,target
51,data_51.csv,image_51.png,45,0.99,2026-09-14 09:00:00,2026-09-18 17:00:00,100.0,348.8533,248.8533,248.8533,449.4049,2026-09-17 13:00:00,75.3192,2026-09-14 10:00:00,374.0857,496.66711807879005,296.20029555555556,310.5975,5.357881818181818,10.482800000000019,22.86669768864424,3.301017955069489,3.0612381618613016,12.220564054810502,44,0.27011993392973355,0.3184411936575561,99.37619999999998,-32.18197009013629,28,17,62.22222222222222,37.77777777777778,20.241615555555555,22.500091111111114,23.06450000000001,22.500091111111114,21.270462369639855,44.531273026864284,26.272319816075594,41.40238786019472,-15.130068044119128,469.00434440373476,329.42014559626523,0.13922173548124303,34.964909156899616,1,2,0,0.0,2,3,2026-09-18 15:00:00,2026-09-18 15:00:00,402.5604,401.9419,403.7974000000001,401.9419,-0.61850000000004,-1.0,stop,2026-09-18 11:00:00,2026-09-18 11:00:00,434.4052,435.4853,432.24499999999995,432.24499999999995,2.1602000000000317,2.0,target
52,data_52.csv,image_52.png,45,0.99,2026-09-14 09:00:00,2026-09-18 17:00:00,100.0,-0.2174,-100.2174,-100.21739999999998,101.915,2026-09-14 09:00:00,-102.501,2026-09-15 13:00:00,204.416,,-22.27577111111111,-23.3388,-1.6583977272727268,-3.444300000000001,21.744474212100243,-282.71212680984377,-56.70969923988882,608.2096476593366,8,-0.4648267713244056,-0.4168160631126036,173.15449999999998,,21,24,46.666666666666664,53.333333333333336,18.907475555555557,21.29308888888889,23.848700000000004,21.29308888888889,21.237433440226496,52.11627627537996,-0.503129410684906,-4.712648653942104,4.209519243257198,16.35796264545196,-73.49378264545194,0.8155254236655327,314.5198416366613,3,2,0,0.0,0,5,2026-09-16 10:00:00,2026-09-16 16:00:00,-10.1258,-47.0988,63.8202,-47.0988,-36.973,-1.0,stop,2026-09-17 10:00:00,2026-09-17 10:00:00,-23.0929,-17.4819,-34.3149,-17.4819,-5.611000000000001,-1.0,stop
53,data_53.csv,image_53.png,45,0.99,2026-09-14 09:00:00,2026-09-18 17:00:00,100.0,222.8776,122.8776,122.87759999999999,225.0911,2026-09-18 17:00:00,44.1849,2026-09-16 11:00:00,180.9062,409.4299183657766,128.59060666666664,111.8706,2.5228863636363634,2.7089499999999944,19.058897437162383,3.581529873263451,2.3302979096219367,20.656186890140294,44,0.17338775507366286,0.20110102820897194,75.7119,-62.23446622810731,26,19,57.77777777777777,42.22222222222222,15.491337777777773,18.017233333333333,14.314499999999981,18.017233333333333,16.757936351123035,61.88928581443543,24.804175256204445,25.001436989011346,-0.19726173280690062,242.91857224128285,118.08867775871715,0.839453743637652,69.1564474024085,1,1,0,0.0,1,2,2026-09-17 09:00:00,2026-09-17 17:00:00,141.1498,108.9097,205.63,205.63,64.4802,2.0,target,2026-09-15 15:00:00,2026-09-15 15:00:00,78.5877,81.0417,73.67969999999998,81.0417,-2.4540000000000077,-1.0,stop
54,data_54.csv,image_54.png,45,0.99,2026-09-14 09:00:00,2026-09-18 17:00:00,100.0,-3.8839,-103.8839,-103.88390000000001,128.0449,2026-09-14 16:00:00,-117.2387,2026-09-18 09:00:00,245.2836,,-17.622044444444445,-31.3421,-1.5824795454545453,-3.2766999999999995,21.300594781078566,-36.79826061913752,-11.673108727346815,99.59051206266749,11,-0.3694956462919094,-0.3137326823514119,242.33839999999998,,19,26,42.22222222222222,57.77777777777777,18.44380222222222,20.972913333333334,21.834899999999998,20.972913333333334,19.712432435303253,61.594888034443976,-4.279377296717833,-15.286087030353732,11.0067097336359,-2.5411669801692724,-117.30070301983073,0.9882995952565835,191.51826659524167,2,1,0,0.0,1,3,2026-09-18 16:00:00,2026-09-18 17:00:00,-35.2766,-41.3579,-23.114000000000004,-23.114000000000004,12.162599999999998,2.0,target,2026-09-18 10:00:00,2026-09-18 13:00:00,-115.7226,-80.3592,-186.4494,-80.3592,-35.3634,-1.0,stop
55,data_55.csv,image_55.png,45,0.99,2026-09-14 09:00:00,2026-09-18 17:00:00,100.0,248.2853,148.2853,148.2853,288.3258,2026-09-17 15:00:00,-14.685,2026-09-14 17:00:00,303.0108,,164.58929333333333,194.1132,2.581052272727273,10.38924999999999,23.562469130589747,34.95005602666994,3.913245549452804,244.9091260568426,43,0.14270622164793542,0.6444176796957886,147.5002,,26,19,57.77777777777777,42.22222222222222,21.061588888888885,23.48144,22.77019999999999,23.48144,21.514555523452085,51.36895551041329,26.168288459958575,31.399698729008648,-5.231410269050073,297.7298738531039,196.47774614689604,0.5116687918245849,40.97554291299996,1,1,0,0.0,1,1,2026-09-15 13:00:00,2026-09-16 11:00:00,92.0567,51.3313,173.50750000000002,173.50750000000002,81.45080000000002,2.0,target,,,,,,,,,no valid trade
56,data_56.csv,image_56.png,45,0.99,2026-09-14 09:00:00,2026-09-18 17:00:00,100.0,27.838,-72.162,-72.16199999999999,155.0388,2026-09-14 17:00:00,-11.6583,2026-09-18 16:00:00,166.6971,,76.52174,74.9041,-2.110504545454545,-1.3683499999999982,21.35494965328641,11.846741808130332,-1.2137682043021347,114.13054749385758,42,0.10379992095252075,0.23178793641983095,163.09470000000002,,22,23,48.888888888888886,51.11111111111111,18.377906666666664,20.807904444444443,19.643500000000003,20.807904444444443,22.165811670684896,49.06484243498259,-19.65305244796835,-18.791770848129666,-0.8612815998386836,98.68410297044991,-22.797512970449908,0.41681626127762267,320.1662268416589,1,2,0,0.0,1,3,2026-09-16 14:00:00,2026-09-17 09:00:00,89.6744,69.3372,130.34880000000004,69.3372,-20.33720000000001,-1.0,stop,2026-09-15 14:00:00,2026-09-17 11:00:00,79.0272,115.8545,5.372599999999977,5.372599999999977,73.65460000000002,2.0,target
57,data_57.csv,image_57.png,45,0.99,2026-09-14 09:00:00,2026-09-18 17:00:00,100.0,66.2902,-33.7098,-33.7098,184.1054,2026-09-16 10:00:00,-1.858,2026-09-14 14:00:00,185.9634,,110.1511066666667,118.2202,-0.4276477272727272,-3.7274499999999957,20.431241745442012,1.649682712565503,-5.186233063753809,33.97756432420147,43,0.04855211800424642,0.06264141745624169,118.218,,19,26,42.22222222222222,57.77777777777777,17.40700888888889,19.614606666666663,18.45689999999999,19.614606666666663,20.505659314042983,39.549344646703446,-12.481311290832721,-3.933945349118133,-8.547365941714588,194.2156995922237,53.33336040777628,0.09196922529274752,113.82175249176662,2,2,0,0.0,1,4,2026-09-15 13:00:00,2026-09-15 16:00:00,85.1788,54.6963,146.1438,146.1438,60.965,2.0000000000000004,target,2026-09-16 16:00:00,2026-09-16 16:00:00,148.9924,150.6672,145.6428,150.6672,-1.6748000000000047,-1.0,stop
58,data_58.csv,image_58.png,45,0.99,2026-09-14 09:00:00,2026-09-18 17:00:00,100.0,12.8426,-87.1574,-87.15740000000001,177.3828,2026-09-15 16:00:00,-21.3952,2026-09-18 15:00:00,198.778,,77.24717333333332,83.9849,-1.4937522727272734,0.7787000000000077,20.060257996109115,16.24368840437594,-3.5086713109989787,197.42256958471302,42,0.08227878118770943,0.17580270387581012,195.6219,,22,23,48.888888888888886,51.11111111111111,17.22992888888889,19.64918,19.6834,19.64918,19.498840220488063,44.83277897442075,-21.126226316266226,-19.514008777991066,-1.6122175382751607,64.93487860342108,-16.00725860342108,0.3564257085243155,330.86480481512143,1,2,0,0.0,0,3,2026-09-18 09:00:00,2026-09-18 09:00:00,40.8835,40.3282,41.99409999999999,40.3282,-0.5552999999999955,-1.0,stop,2026-09-16 11:00:00,2026-09-16 12:00:00,84.9986,114.7719,25.451999999999984,114.7719,-29.773300000000006,-1.0,stop
59,data_59.csv,image_59.png,45,0.99,2026-09-14 09:00:00,2026-09-18 17:00:00,100.0,-217.5033,-317.50329999999997,-317.5033,133.5756,2026-09-14 09:00:00,-217.8052,2026-09-18 17:00:00,351.3808,,-36.967217777777776,-50.6778,-7.935175000000001,-10.217700000000002,19.863569065422315,-45.715482476598716,-18.778401445394046,109.16144236854086,17,-0.4187878199910395,-0.3404833400719218,349.1477,,14,31,31.11111111111111,68.88888888888889,18.400886666666665,20.889326666666662,20.948800000000006,20.889326666666662,19.760990767391288,23.097494155762362,-51.398619456631224,-45.51402101481163,-5.884598441819591,-21.182849861688496,-223.92851013831154,0.03169098726722478,165.4314677839681,0,0,0,0.0,0,0,,,,,,,,,no valid trade,,,,,,,,,no valid trade
60,data_60.csv,image_60.png,45,0.99,2026-09-14 09:00:00,2026-09-18 17:00:00,100.0,-180.8805,-280.8805,-280.88050000000004,118.4287,2026-09-14 10:00:00,-182.4795,2026-09-18 17:00:00,300.9082,,2.8823266666666663,18.986,-5.961100000000001,-10.677050000000008,25.72897286121277,100.60316583115845,2.51919879089999,382.5897018730305,27,0.26295314625207944,1.2437894251946815,296.9913,,20,25,44.44444444444444,55.55555555555556,23.93608222222222,26.592997777777782,28.6456,26.592997777777782,25.385831050399332,32.7994582928242,-51.19582077365019,-40.65120417024247,-10.544616603407718,85.14371626886458,-206.7898762688646,0.08875092463199856,479.9717352980631,1,2,0,0.0,1,3,2026-09-17 09:00:00,2026-09-17 09:00:00,6.0383,5.9468,6.221299999999999,5.9468,-0.09149999999999991,-1.0,stop,2026-09-15 15:00:00,2026-09-15 16:00:00,66.6112,92.8493,14.134999999999991,14.134999999999991,52.476200000000006,2.0,target
61,data_61.csv,image_61.png,45,0.99,2026-09-14 09:00:00,2026-09-18 17:00:00,100.0,-7.1573,-107.1573,-107.15729999999999,101.5231,2026-09-14 09:00:00,-85.802,2026-09-17 16:00:00,187.32510000000002,,-7.170168888888887,-17.2751,-1.9653613636363636,-5.534949999999995,19.584276472831117,-11.89785206007553,-29.016436067772126,107.61731643886677,20,-0.11055704094641908,-0.14247104835092927,162.9624,,15,30,33.33333333333333,66.66666666666666,16.20085555555555,18.58968888888889,18.3906,18.58968888888889,17.18455995152349,52.16139133654011,-5.737967855882783,-14.36757663831537,8.629608782432587,-7.622617246103282,-92.6408827538967,1.0054731444275422,169.5896622555435,2,1,0,0.0,1,3,2026-09-15 13:00:00,2026-09-15 13:00:00,50.7049,49.5249,53.0649,49.5249,-1.1799999999999997,-1.0,stop,2026-09-16 11:00:00,2026-09-16 12:00:00,30.2421,48.7366,-6.746900000000004,-6.746900000000004,36.989000000000004,2.0,target
62,data_62.csv,image_62.png,45,0.99,2026-09-14 09:00:00,2026-09-18 17:00:00,100.0,-94.0749,-194.0749,-194.07489999999999,168.6569,2026-09-14 14:00:00,-197.7989,2026-09-18 09:00:00,366.4558,,3.7262911111111117,13.29,-5.155627272727273,-12.634200000000003,20.577320996414265,-3.441485363043811,-10.714339125494254,53.118601424860344,24,-0.06478870434704521,-0.08956833942081788,363.26189999999997,,19,26,42.22222222222222,57.77777777777777,18.874775555555555,21.224335555555555,22.239499999999992,21.224335555555555,21.67352589506281,42.89036693155906,-31.336373041188736,-46.26092291289623,14.924549871707491,-7.384420869533784,-210.11603913046625,0.5723879685166408,186.41948459413135,1,0,0,0.0,1,1,2026-09-18 14:00:00,2026-09-18 17:00:00,-96.2845,-110.4517,-67.95009999999998,-94.0749,2.2095999999999947,0.15596589304873182,time_exit,,,,,,,,,no valid trade
63,data_63.csv,image_63.png,45,0.99,2026-09-14 09:00:00,2026-09-18 17:00:00,100.0,247.6463,147.6463,147.6463,336.3376,2026-09-17 12:00:00,50.7348,2026-09-14 17:00:00,285.6028,562.9327404463996,204.34120222222222,222.4646,3.2701022727272733,7.362650000000002,21.884059060978917,3.1969472083201493,3.29245639177137,15.87338342233858,44,0.20140301051514273,0.22994250844968406,114.23830000000001,-65.34426354306274,27,18,60.0,40.0,18.699899999999996,21.127633333333335,21.762,21.127633333333335,20.464626727073277,49.13923244145523,11.31576185926221,24.770650782455313,-13.454888923193103,347.24141412864805,219.71649587135192,0.21901448368150683,44.98567389501493,1,1,0,0.0,0,2,2026-09-15 14:00:00,2026-09-15 14:00:00,109.2729,107.915,111.98870000000001,107.915,-1.3579000000000008,-1.0,stop,2026-09-17 17:00:00,2026-09-18 10:00:00,266.8183,288.1891,224.07670000000007,288.1891,-21.370799999999974,-1.0,stop
64,data_64.csv,image_64.png,45,0.99,2026-09-14 09:00:00,2026-09-18 17:00:00,100.0,265.5251,165.5251,165.52510000000004,266.9352,2026-09-18 17:00:00,40.0235,2026-09-16 10:00:00,226.9117,566.9461691256387,124.39591777777777,114.0458,4.147134090909091,4.147100000000002,21.702601878436763,5.01278607159759,3.5261940678708137,22.72530820507206,44,0.22058165400277333,0.2734838006976591,99.07739999999998,-70.73602234368842,26,19,57.77777777777777,42.22222222222222,17.585459999999998,19.824122222222222,17.28949999999999,19.824122222222222,20.881114887307298,72.9420134354877,38.265388092295666,28.40638212958969,9.859005962705975,276.1966523022775,48.07979769772244,0.9532189222897324,140.69282835960192,2,2,0,0.0,1,4,2026-09-18 09:00:00,2026-09-18 17:00:00,175.1563,134.6198,256.22929999999997,256.22929999999997,81.07299999999998,2.0,target,2026-09-15 13:00:00,2026-09-15 14:00:00,92.4369,99.7023,77.9061,99.7023,-7.2654,-1.0,stop
65,data_65.csv,image_65.png,45,0.99,2026-09-14 09:00:00,2026-09-18 17:00:00,100.0,257.4684,157.46839999999997,157.46839999999995,287.5203,2026-09-16 17:00:00,68.5742,2026-09-14 09:00:00,218.9461,319.28349145888683,194.26119777777777,212.6028,4.2494499999999995,4.4486499999999864,21.703444093748466,4.14876287339601,2.3919949778468563,15.588152782379932,44,0.2661484610341749,0.30281925386722086,106.03019999999998,-43.86452857304944,27,18,60.0,40.0,18.476915555555554,20.778788888888887,21.996099999999984,20.778788888888887,20.724883156878644,61.56906004947505,9.05701910930867,13.708106405719658,-4.651087296410989,299.2673054589695,185.71546454103049,0.6318958361126307,46.827164980701895,2,1,0,0.0,1,2,2026-09-15 14:00:00,2026-09-15 15:00:00,149.2817,126.4043,195.0365,195.0365,45.75479999999999,2.0,target,2026-09-17 17:00:00,2026-09-17 17:00:00,223.0437,248.2199,172.6913,248.2199,-25.176199999999994,-1.0,stop
66,data_66.csv,image_66.png,45,0.99,2026-09-14 09:00:00,2026-09-18 17:00:00,100.0,50.0898,-49.9102,-49.9102,255.0944,2026-09-14 16:00:00,-25.3221,2026-09-18 15:00:00,280.4165,,126.97756000000003,147.7592,-0.46834545454545484,-0.6945000000000086,23.468756436555196,4.695968933435389,-1.838669121976455,56.04213696700423,40,0.08379353799802855,0.12353700805524338,278.56919999999997,,22,23,48.888888888888886,51.11111111111111,20.305893333333334,22.753417777777777,22.344799999999992,22.753417777777777,23.902054708775992,48.78090440464294,-37.34429032732822,-35.15604659924503,-2.1882437280831866,192.5292501098961,-62.655720109896095,0.4418188109307055,392.97456567137607,1,2,0,0.0,2,3,2026-09-16 17:00:00,2026-09-16 17:00:00,197.2214,196.8316,198.00099999999995,196.8316,-0.3897999999999797,-1.0,stop,2026-09-15 16:00:00,2026-09-15 16:00:00,186.7423,188.8831,182.46069999999997,182.46069999999997,4.281600000000026,2.0,target
67,data_67.csv,image_67.png,45,0.99,2026-09-14 09:00:00,2026-09-18 17:00:00,100.0,-11.9943,-111.9943,-111.9943,186.3908,2026-09-14 17:00:00,-72.0415,2026-09-18 10:00:00,258.4323,,52.45513777777779,31.7377,-3.0759250000000007,-3.5924500000000013,24.405958044593877,-66.2778973261944,-12.88800132279656,221.84083076844217,33,-0.298763293919393,-0.23514284961142964,254.74779999999998,,22,23,48.888888888888886,51.11111111111111,21.222828888888888,23.57469333333334,26.192400000000006,23.57469333333334,23.812197466840477,42.23304579705517,-14.69198898317286,-21.81915481712662,7.127165833953759,42.64322020646423,-62.32339020646423,0.47947714047804796,1066.7246310669923,2,2,0,0.0,0,4,2026-09-18 09:00:00,2026-09-18 09:00:00,4.5454,4.1803,5.2756,4.1803,-0.3651,-1.0,stop,2026-09-15 14:00:00,2026-09-15 15:00:00,97.4962,122.9217,46.6452,122.9217,-25.4255,-1.0,stop
68,data_68.csv,image_68.png,45,0.99,2026-09-14 09:00:00,2026-09-18 17:00:00,100.0,333.2281,233.22809999999998,233.2281,335.1583,2026-09-18 17:00:00,59.7782,2026-09-15 09:00:00,275.38009999999997,460.66977593838556,164.5827,150.0089,5.4365772727272725,8.099950000000007,18.959577786129856,3.9579369922650565,4.204605791471705,14.889963454122654,44,0.26581240474228324,0.32139753195759685,59.645900000000005,-48.979891818030275,26,19,57.77777777777777,42.22222222222222,16.759228888888888,18.848213333333334,18.5539,18.848213333333334,19.557577687128184,73.31828561186036,46.517181268425276,36.873773871796864,9.643407396628412,345.603549078471,102.30756092152889,0.9491341835423606,108.63583542589163,1,0,0,0.0,0,1,2026-09-15 15:00:00,2026-09-15 15:00:00,114.4966,114.4182,114.6534,114.4182,-0.07840000000000202,-1.0,stop,,,,,,,,,no valid trade
69,data_69.csv,image_69.png,45,0.99,2026-09-14 09:00:00,2026-09-18 17:00:00,100.0,-92.7716,-192.7716,-192.77160000000003,195.6879,2026-09-15 09:00:00,-93.6813,2026-09-18 17:00:00,289.3692,,51.65348000000001,37.1598,-4.983072727272728,-10.416749999999993,22.692012385320037,13.733173544218962,-6.923744466369309,182.24686794603528,30,0.07535478496280915,0.1838681401420014,286.8859,,20,25,44.44444444444444,55.55555555555556,19.85448444444444,22.25177111111111,21.73479999999998,22.25177111111111,25.657723329292153,37.5438901836983,-35.884553129485575,-33.6339482032451,-2.2506049262404773,58.84570946446181,-97.02858946446182,0.027310400070526923,816.4617175494548,1,2,0,0.0,2,3,2026-09-17 09:00:00,2026-09-17 09:00:00,46.7503,46.2289,47.7931,46.2289,-0.5213999999999999,-1.0,stop,2026-09-15 14:00:00,2026-09-15 17:00:00,99.2243,126.6617,44.349500000000006,44.349500000000006,54.87479999999999,2.0,target
70,data_70.csv,image_70.png,45,0.99,2026-09-14 09:00:00,2026-09-18 17:00:00,100.0,258.1526,158.1526,158.1526,263.7727,2026-09-18 14:00:00,77.9184,2026-09-16 13:00:00,185.85429999999997,238.52427667919252,161.54436222222225,138.9366,3.6395886363636363,12.54685,25.787947593754723,3.98974222284163,6.700962840620606,19.209490548450862,44,0.20769640989585644,0.21502559957743703,77.1656,-49.24969237131931,28,17,62.22222222222222,37.77777777777778,23.30324444444445,25.850171111111113,26.269999999999996,25.850171111111113,24.99295157487736,61.754353483190506,30.30599027421843,30.127844882178096,0.17814539204033508,301.7680145103156,126.6120254896844,0.7509910180394789,81.77598051516647,2,2,0,0.0,1,4,2026-09-16 14:00:00,2026-09-16 14:00:00,79.5168,77.9184,82.7136,82.7136,3.196799999999996,2.0,target,2026-09-15 14:00:00,2026-09-15 15:00:00,83.4595,122.2205,5.937500000000014,122.2205,-38.760999999999996,-1.0,stop
71,data_71.csv,image_71.png,45,0.99,2026-09-14 09:00:00,2026-09-18 17:00:00,100.0,39.5431,-60.4569,-60.45689999999999,140.9634,2026-09-16 13:00:00,-8.0318,2026-09-17 16:00:00,148.9952,,78.51591777777777,82.0083,-2.2037818181818185,-2.382800000000003,22.573704431538314,29.732446655266344,-3.93155326960809,209.26607871126026,43,0.14207962818613512,0.6694600215960653,146.88260000000002,,21,24,46.666666666666664,53.333333333333336,19.96617555555556,22.04281111111111,22.793999999999997,22.04281111111111,23.44031458281468,43.32329611058088,-16.511150926921943,-16.42176496037985,-0.08938596654209263,124.98777257801575,-19.52612257801575,0.40874424230444256,274.059613434896,2,3,0,0.0,1,4,2026-09-16 15:00:00,2026-09-16 15:00:00,97.4733,96.7254,98.9691,96.7254,-0.7479000000000013,-1.0,stop,2026-09-17 13:00:00,2026-09-17 15:00:00,64.7185,94.0274,6.1007000000000176,6.1007000000000176,58.61779999999999,2.0,target
72,data_72.csv,image_72.png,45,0.99,2026-09-14 09:00:00,2026-09-18 17:00:00,100.0,244.7565,144.7565,144.7565,275.0842,2026-09-18 15:00:00,93.1112,2026-09-18 09:00:00,181.973,195.43620960743718,157.1733755555556,142.8652,2.9301431818181816,2.089099999999995,21.85112773006313,2.809063127691056,1.6324606250151974,15.251247586597097,44,0.1841857927845641,0.2301772905924822,126.9894,-57.58749040884182,24,21,53.333333333333336,46.666666666666664,18.90049555555556,21.443244444444453,20.707800000000006,21.443244444444453,23.56471417764152,64.30903374316873,28.25437217896382,13.693973272629929,14.56039890633389,280.4885732716928,32.22400672830719,0.8560726012205675,158.7813106485103,2,2,0,0.0,1,4,2026-09-18 12:00:00,2026-09-18 13:00:00,165.1807,135.3295,224.8831,224.8831,59.70240000000001,2.0,target,2026-09-15 17:00:00,2026-09-16 12:00:00,135.2255,160.6814,84.31370000000004,160.6814,-25.455899999999986,-1.0,stop
73,data_73.csv,image_73.png,45,0.99,2026-09-14 09:00:00,2026-09-18 17:00:00,100.0,136.3492,36.349199999999996,36.349199999999996,139.4836,2026-09-18 14:00:00,-63.8507,2026-09-16 17:00:00,203.33429999999998,,39.48343777777778,33.697,1.5799999999999996,3.823299999999998,24.144775340462278,-124.09672549435768,-1.8558401686294412,708.5768747904708,33,-0.17513516163091492,-0.1267622432180076,170.5539,,24,21,53.333333333333336,46.666666666666664,21.590208888888892,23.908891111111114,23.9332,23.908891111111114,24.24053618327397,64.5023004386494,31.04673515326043,20.373175356587836,10.673559796672592,183.37567544797122,-83.5339854479712,0.823811265241894,534.6657511425185,1,0,0,0.0,0,1,2026-09-17 13:00:00,2026-09-17 13:00:00,15.2373,6.2482,33.2155,6.2482,-8.9891,-1.0,stop,,,,,,,,,no valid trade
74,data_74.csv,image_74.png,45,0.99,2026-09-14 09:00:00,2026-09-18 17:00:00,100.0,-29.9889,-129.9889,-129.9889,171.2006,2026-09-15 10:00:00,-40.3775,2026-09-17 16:00:00,211.5781,,74.57678444444446,96.4046,-3.5352227272727275,-2.0137,19.893276346134076,-19.585720361127898,-8.49591780785971,83.16175953790062,37,-0.23551353975623604,-0.2034812844633013,209.18060000000003,,20,25,44.44444444444444,55.55555555555556,17.231166666666667,19.304102222222223,20.232,19.304102222222223,19.765710968723365,38.34742748857833,-27.54784920749182,-27.501153146313072,-0.04669606117874636,98.086898968398,-65.21149896839802,0.21569470009149005,993.4382421920101,2,3,0,0.0,2,5,2026-09-16 15:00:00,2026-09-16 16:00:00,132.9166,117.0156,164.71859999999995,117.0156,-15.900999999999982,-1.0,stop,2026-09-17 10:00:00,2026-09-17 11:00:00,69.4482,85.6573,37.02999999999999,37.02999999999999,32.41820000000001,2.0,target
75,data_75.csv,image_75.png,45,0.99,2026-09-14 09:00:00,2026-09-18 17:00:00,100.0,223.0061,123.0061,123.0061,304.4536,2026-09-17 10:00:00,56.5467,2026-09-14 11:00:00,247.9069,438.41090638357326,188.39362666666668,176.3435,3.160504545454545,6.253700000000009,21.903564160741052,3.6745697406157234,2.72244590567704,17.534302443030487,44,0.20956463780378595,0.25504872519763017,80.012,-34.56968964449757,25,20,55.55555555555556,44.44444444444444,18.610584444444445,20.99244666666667,18.422799999999995,20.99244666666667,20.35975872752943,44.711570666771024,17.15469553508393,29.678560710918862,-12.523865175834931,314.7664113712108,227.99684862878917,-0.05751727300510168,31.973263165388765,1,2,0,0.0,2,3,2026-09-18 13:00:00,2026-09-18 14:00:00,289.5768,261.3719,345.9866,261.3719,-28.20490000000001,-1.0,stop,2026-09-18 14:00:00,2026-09-18 14:00:00,279.4921,289.7044,259.06749999999994,259.06749999999994,20.424600000000055,2.0,target
76,data_76.csv,image_76.png,45,0.99,2026-09-14 09:00:00,2026-09-18 17:00:00,100.0,205.963,105.963,105.96299999999998,207.4817,2026-09-18 17:00:00,95.7318,2026-09-14 11:00:00,111.74989999999998,116.73226660315586,151.5104311111111,150.0753,2.0559931818181814,4.160849999999996,22.016965414957642,2.3610368413317837,2.506030015419669,14.654036548795931,44,0.1611185309569725,0.16995031387262005,89.9572,-44.983953090417764,27,18,60.0,40.0,18.950764444444445,21.25712888888889,21.74159999999999,21.25712888888889,22.416968814035826,58.68045239884398,3.979524708994603,-1.04565876001847,5.025183469013073,209.64544698372904,96.20444301627097,0.9675386601410421,74.18083685919133,3,3,0,0.0,4,6,2026-09-16 13:00:00,2026-09-16 17:00:00,158.0661,146.4457,181.30690000000004,181.30690000000004,23.240800000000036,2.0,target,2026-09-16 10:00:00,2026-09-16 10:00:00,183.4495,185.5128,179.3229,179.3229,4.126599999999996,2.0,target
77,data_77.csv,image_77.png,45,0.99,2026-09-14 09:00:00,2026-09-18 17:00:00,100.0,281.8833,181.88330000000002,181.88330000000002,285.5167,2026-09-18 16:00:00,22.1717,2026-09-15 11:00:00,263.345,1187.7528561183854,143.40067555555558,118.7315,4.770297727272728,5.0955999999999975,21.633277837031095,7.702432170667213,5.29017851264455,33.5438097854469,44,0.229623057724616,0.3279522137651517,82.9148,-78.08236077405454,26,19,57.77777777777777,42.22222222222222,19.00243333333333,21.425908888888884,21.843999999999994,21.425908888888884,22.01612639021744,68.18227802714121,38.666867454083956,37.270993517031776,1.3958739370521798,305.5677247986332,137.77785520136678,0.8588447273039717,75.69258707722605,1,0,0,0.0,1,1,2026-09-15 17:00:00,2026-09-17 10:00:00,85.4139,47.6511,160.9395,160.9395,75.52560000000001,2.0000000000000004,target,,,,,,,,,no valid trade
78,data_78.csv,image_78.png,45,0.99,2026-09-14 09:00:00,2026-09-18 17:00:00,100.0,265.456,165.45600000000002,165.45600000000002,314.3449,2026-09-18 16:00:00,44.604,2026-09-14 16:00:00,269.7409,604.7459869070038,183.1522733333333,209.8052,3.290779545454546,7.274899999999995,25.627031279768303,4.019030637250187,5.571321635097104,21.286660132763227,44,0.18880513016996597,0.20827757345900114,134.42479999999998,-63.69583450252896,26,19,57.77777777777777,42.22222222222222,22.810337777777775,25.43447777777777,27.481800000000007,25.43447777777777,24.754236118252077,52.27570826304432,28.912458097064643,28.699906169308164,0.21255192775647913,331.55135784556103,178.89508215443902,0.5670315056074376,59.812847628488505,2,1,0,0.0,1,3,2026-09-15 16:00:00,2026-09-15 16:00:00,79.5041,71.9307,94.65089999999998,94.65089999999998,15.146799999999985,2.0,target,2026-09-17 14:00:00,2026-09-17 16:00:00,173.9482,212.6216,96.60140000000004,212.6216,-38.67339999999999,-1.0,stop
79,data_79.csv,image_79.png,45,0.99,2026-09-14 09:00:00,2026-09-18 17:00:00,100.0,23.8384,-76.16159999999999,-76.16159999999999,166.974,2026-09-17 09:00:00,16.6457,2026-09-15 12:00:00,150.32829999999998,903.1059072312968,89.05373333333334,97.8628,-2.5023750000000002,-5.860700000000001,23.38357640933527,2.838144635341983,-6.122219364920667,38.340816222422006,44,0.0740241057696162,0.09495436223661922,141.0872,-86.61592358515765,22,23,48.888888888888886,51.11111111111111,21.098795555555558,23.375553333333336,24.511899999999997,23.375553333333336,24.32106077420079,38.912913287994314,-12.731891814800363,-5.454171851115883,-7.27771996368448,168.98542831773506,17.14432168226493,0.04408607435801796,163.15619253286496,2,2,0,0.0,0,4,2026-09-16 11:00:00,2026-09-16 11:00:00,102.4635,102.0308,103.32889999999999,102.0308,-0.432699999999997,-1.0,stop,2026-09-17 15:00:00,2026-09-17 16:00:00,40.4144,76.4973,-31.75139999999999,76.4973,-36.082899999999995,-1.0,stop
80,data_80.csv,image_80.png,45,0.99,2026-09-14 09:00:00,2026-09-18 17:00:00,100.0,33.0952,-66.9048,-66.90480000000001,133.4796,2026-09-14 10:00:00,-37.3627,2026-09-18 09:00:00,170.8423,,17.832724444444445,11.1101,-2.2360249999999997,-3.9479500000000014,19.260762944271107,362.1367228916946,-28.543279682162336,1972.717542462742,31,0.18357251613406494,2.336760855199027,166.7898,,20,25,44.44444444444444,55.55555555555556,16.753284444444443,19.26154888888889,18.805999999999997,19.26154888888889,19.82421316515076,54.04719460004331,-4.354011480961339,-10.682896231099207,6.328884750137868,39.89970748040588,-44.47357748040588,0.9193523461417163,3689.360867747083,2,1,0,0.0,1,3,2026-09-16 13:00:00,2026-09-16 13:00:00,20.2903,17.878,25.114899999999995,25.114899999999995,4.824599999999997,2.0,target,2026-09-17 12:00:00,2026-09-17 13:00:00,2.7036,3.8649,0.38099999999999934,3.8649,-1.1613000000000002,-1.0,stop
81,data_81.csv,image_81.png,45,0.99,2026-09-14 09:00:00,2026-09-18 17:00:00,100.0,12.9089,-87.0911,-87.0911,102.316,2026-09-14 09:00:00,-121.0972,2026-09-17 12:00:00,223.41320000000002,,-20.656660000000002,-23.3285,-1.5180727272727275,0.5987500000000026,23.30002527375976,-40.83489513396993,-24.857018105440442,176.2260918507371,18,-0.23171878071583715,-0.1965755475289985,199.5094,,23,22,51.11111111111111,48.888888888888886,20.307766666666666,22.684628888888884,23.805000000000007,22.684628888888884,23.201863031361825,58.56809379254956,4.822605163376153,-8.719319060538515,13.541924223914668,17.88993207979427,-130.89589207979427,0.9665221326834765,263.32385328984157,2,1,0,0.0,1,3,2026-09-18 14:00:00,2026-09-18 17:00:00,-2.685,-41.0089,73.96279999999999,12.9089,15.5939,0.4068975234775167,time_exit,2026-09-17 14:00:00,2026-09-17 14:00:00,-82.322,-80.4727,-86.0206,-80.4727,-1.8492999999999995,-1.0,stop
82,data_82.csv,image_82.png,45,0.99,2026-09-14 09:00:00,2026-09-18 17:00:00,100.0,-5.1116,-105.1116,-105.1116,173.1837,2026-09-15 15:00:00,-5.3401,2026-09-18 17:00:00,178.5238,,97.49911111111109,96.3413,-1.5350886363636365,-0.3067999999999955,20.135800774869043,-2.538840953578183,-0.09778556436652042,28.642371288945046,44,-0.08863934232142598,-0.07640300879116702,178.024,,22,23,48.888888888888886,51.11111111111111,16.865817777777774,19.552393333333335,16.39409999999998,19.552393333333335,21.341779067189876,31.693850263021233,-18.123727435174068,-9.786232877698026,-8.337494557476042,145.02663114378993,11.513608856210098,-0.12452125321828382,170.5798103894306,2,3,0,0.0,1,5,2026-09-17 11:00:00,2026-09-17 12:00:00,118.0543,88.0332,178.0965,88.0332,-30.021100000000004,-1.0,stop,2026-09-18 17:00:00,2026-09-18 17:00:00,23.7823,46.0191,-20.691300000000005,-5.1116,28.8939,1.299373111239027,time_exit
83,data_83.csv,image_83.png,45,0.99,2026-09-14 09:00:00,2026-09-18 17:00:00,100.0,198.7785,98.77850000000001,98.77850000000001,206.2558,2026-09-17 16:00:00,76.3286,2026-09-15 16:00:00,129.9272,170.2208608568741,131.36362000000005,125.9328,1.6316295454545455,1.7483999999999966,22.292644741317595,2.543988514122309,1.031948208073874,17.84455431078376,44,0.14256385840832878,0.16263385716945059,73.88979999999998,-46.77643806956377,25,20,55.55555555555556,44.44444444444444,19.582415555555556,22.148093333333335,23.1695,22.148093333333335,22.086724576825414,58.191187098614385,15.675837403540811,11.134236447271316,4.541600956269495,214.7646211641565,82.84480883584355,0.8788194064105296,88.65297872336434,4,4,0,0.0,1,7,2026-09-16 12:00:00,2026-09-16 12:00:00,105.4497,103.699,108.95110000000003,108.95110000000003,3.501400000000018,2.0,target,2026-09-15 13:00:00,2026-09-16 09:00:00,118.5874,146.4655,62.831200000000024,146.4655,-27.87809999999999,-1.0,stop
84,data_84.csv,image_84.png,45,0.99,2026-09-14 09:00:00,2026-09-18 17:00:00,100.0,74.71,-25.290000000000006,-25.290000000000003,200.6236,2026-09-14 17:00:00,44.1827,2026-09-18 13:00:00,156.4409,354.0772745893755,128.91428888888888,132.3376,-1.4060659090909091,0.7985499999999917,21.703105881587902,0.48625204226843594,0.48020223719217325,19.541286688038852,44,0.02488331756404091,0.026582366793230013,151.688,-76.50484888466575,24,21,53.333333333333336,46.666666666666664,18.774333333333328,21.394942222222223,19.687000000000012,21.394942222222223,21.03115304775523,41.43101397263898,-19.765046567455556,-14.25784600340795,-5.507200564047606,183.7274663366433,35.17608366335671,0.2661295750009368,135.72313712891966,2,2,0,0.0,1,4,2026-09-16 13:00:00,2026-09-16 15:00:00,182.8529,149.9379,248.6829,149.9379,-32.91499999999999,-1.0,stop,2026-09-18 11:00:00,2026-09-18 17:00:00,95.7898,135.1126,17.144200000000026,74.71,21.079800000000006,0.5360706765540606,time_exit
85,data_85.csv,image_85.png,45,0.99,2026-09-14 09:00:00,2026-09-18 17:00:00,100.0,237.6872,137.6872,137.68720000000002,239.4584,2026-09-18 17:00:00,89.5059,2026-09-16 11:00:00,149.95250000000001,167.5336486198117,156.0437822222222,153.6434,2.836338636363636,3.7149000000000143,19.36108527540478,2.5796583992490763,2.706819837888119,13.357635069293355,44,0.1931223892453251,0.22007465910139687,125.29390000000001,-58.040453339781564,24,21,53.333333333333336,46.666666666666664,17.036315555555554,19.764237777777776,21.063999999999993,19.764237777777776,21.437670144628726,66.52743020666058,20.167248471010424,10.718115442391879,9.449133028618546,231.50509920136346,95.95292079863658,1.0456067978507098,82.79056863699773,2,2,0,0.0,2,4,2026-09-18 09:00:00,2026-09-18 09:00:00,147.7257,145.7601,151.65689999999998,151.65689999999998,3.93119999999999,2.0,target,2026-09-16 09:00:00,2026-09-16 09:00:00,138.7603,141.7042,132.87250000000003,132.87250000000003,5.88779999999997,2.0,target
86,data_86.csv,image_86.png,45,0.99,2026-09-14 09:00:00,2026-09-18 17:00:00,100.0,28.7994,-71.20060000000001,-71.20060000000001,199.5318,2026-09-16 15:00:00,-1.3566,2026-09-18 11:00:00,200.8884,,107.79399333333335,112.1137,-1.3561477272727271,-1.178450000000006,22.537084521568456,102.61392125483168,-0.9959352835930912,538.7822097664648,44,0.19045528860225303,2.566181793780129,197.9172,-99.55813911374295,22,23,48.888888888888886,51.11111111111111,19.12478666666667,21.285400000000003,22.8139,21.285400000000003,21.91384281177949,46.01042689962931,-23.721128046055895,-24.68837675788717,0.9672487118312745,166.73343554799374,-38.852415547993736,0.32906844117598,321.52676151001526,2,2,0,0.0,2,3,2026-09-16 13:00:00,2026-09-16 13:00:00,151.5456,146.4196,161.79760000000002,161.79760000000002,10.25200000000001,2.0,target,2026-09-17 12:00:00,2026-09-17 17:00:00,86.4439,112.3469,34.63789999999999,34.63789999999999,51.80600000000001,2.0,target
87,data_87.csv,image_87.png,45,0.99,2026-09-14 09:00:00,2026-09-18 17:00:00,100.0,181.0583,81.0583,81.0583,269.0795,2026-09-18 10:00:00,56.9617,2026-09-15 12:00:00,212.1178,372.3867089640934,172.48499333333334,177.9515,2.2894068181818183,2.010249999999999,22.48629406074357,3.2355461095993796,1.1697642414036258,17.535791883492273,44,0.1845109779527685,0.2425526289004926,86.63329999999999,-60.02069967695959,25,20,55.55555555555556,44.44444444444444,18.84367333333334,21.032293333333335,20.846299999999985,21.032293333333335,22.218161516623127,49.74031365462538,13.808305716084192,21.115126703298007,-7.306820987213815,270.8536534809174,159.6218365190826,0.1927188107362533,51.678583122971666,2,2,0,0.0,2,3,2026-09-15 17:00:00,2026-09-15 17:00:00,159.8773,156.6688,166.29429999999996,166.29429999999996,6.416999999999973,2.0,target,2026-09-17 13:00:00,2026-09-17 13:00:00,210.9949,212.988,207.0087,207.0087,3.9861999999999966,2.0,target
88,data_88.csv,image_88.png,45,0.99,2026-09-14 09:00:00,2026-09-18 17:00:00,100.0,-6.8722,-106.8722,-106.87219999999999,194.5006,2026-09-18 11:00:00,-8.9295,2026-09-18 17:00:00,203.43009999999998,,83.68131555555557,85.0928,-2.4879340909090915,-4.626099999999994,23.435934356929298,-0.17243718328654759,-4.37795099223019,44.50713657684741,44,-0.0038743715401419313,-0.004215405441143373,199.3251,,22,23,48.888888888888886,51.11111111111111,19.939417777777777,22.44135777777778,20.582499999999996,22.44135777777778,25.363246175207173,35.64492790133701,-8.985884598838908,5.642671203079261,-14.628555801918168,191.66095927588026,4.366560724119765,-0.0600058560801744,191.08990263383475,1,1,0,0.0,1,2,2026-09-16 15:00:00,2026-09-16 15:00:00,55.7052,54.7453,57.62499999999999,54.7453,-0.9598999999999975,-1.0,stop,2026-09-18 16:00:00,2026-09-18 17:00:00,48.7157,77.3664,-8.585700000000003,-8.585700000000003,57.3014,2.0,target
89,data_89.csv,image_89.png,45,0.99,2026-09-14 09:00:00,2026-09-18 17:00:00,100.0,110.0132,10.013199999999998,10.013199999999989,207.1867,2026-09-18 11:00:00,17.9259,2026-09-16 09:00:00,189.26080000000002,1055.79524598486,119.35942444444444,120.2003,-0.34761590909090906,-3.400349999999996,23.1659066848491,4.740351926575227,-2.9804796574227743,37.338358560314795,44,0.1269566234122977,0.2216132751746892,167.6954,-89.42781692018575,21,24,46.666666666666664,53.333333333333336,19.80564,22.361526666666666,22.407899999999998,22.361526666666666,21.82536881547608,45.26567914130707,12.214039067224775,13.901873577779437,-1.6878345105546622,215.05179258668795,45.688707413312045,0.3798023195009667,129.9093045947031,2,3,0,0.0,2,4,2026-09-17 17:00:00,2026-09-18 10:00:00,136.0372,101.9471,204.21740000000003,204.21740000000003,68.18020000000001,2.0,target,2026-09-17 14:00:00,2026-09-17 14:00:00,96.7628,98.0451,94.19819999999999,94.19819999999999,2.564600000000013,2.0,target
90,data_90.csv,image_90.png,45,0.99,2026-09-14 09:00:00,2026-09-18 17:00:00,100.0,85.6411,-14.358900000000006,-14.358900000000007,135.6829,2026-09-18 14:00:00,-27.3876,2026-09-16 13:00:00,163.07049999999998,,49.187355555555555,53.2846,-0.0697886363636361,1.9761499999999983,22.025119149071546,-4.319329466194269,-7.327121188201124,100.87207141322834,38,-0.04281987477485104,-0.03849513864374965,131.8177,,23,22,51.11111111111111,48.888888888888886,18.989304444444446,21.27197111111111,21.619499999999995,21.27197111111111,21.59307696062398,52.10356195262841,18.274713618712035,11.427440781760346,6.847272836951689,148.60098894417058,-43.245768944170564,0.6718219810583687,364.1903227734537,1,1,0,0.0,2,2,2026-09-17 13:00:00,2026-09-18 11:00:00,31.8785,11.2638,73.1079,73.1079,41.2294,2.0,target,2026-09-15 15:00:00,2026-09-15 15:00:00,80.0001,82.3163,75.36770000000001,75.36770000000001,4.63239999999999,2.0,target
91,data_91.csv,image_91.png,45,0.99,2026-09-14 09:00:00,2026-09-18 17:00:00,100.0,394.3283,294.3283,294.3283,396.1666,2026-09-18 17:00:00,91.0361,2026-09-14 09:00:00,305.1305,335.1752766210327,278.7106533333333,296.2006,6.867072727272728,5.493400000000008,21.198141531949002,3.815337386574752,1.5329811760667056,9.975205945965733,44,0.38248206676051505,0.559706549947563,106.42809999999997,-29.243140598463324,27,18,60.0,40.0,17.892980000000005,20.55105333333333,18.929000000000002,20.55105333333333,18.0544472845612,70.3748723952476,34.35957208280729,31.663207740321425,2.6963643424858645,423.702553784599,223.8675662154011,0.8530074530896278,61.71840898687478,1,1,0,0.0,1,2,2026-09-18 09:00:00,2026-09-18 17:00:00,326.8674,290.6684,399.2653999999999,394.3283,67.46090000000004,1.8636122544821714,time_exit,2026-09-16 16:00:00,2026-09-18 09:00:00,296.2006,328.492,231.6178,328.492,-32.29140000000001,-1.0,stop
92,data_92.csv,image_92.png,45,0.99,2026-09-14 09:00:00,2026-09-18 17:00:00,100.0,27.6662,-72.3338,-72.3338,126.459,2026-09-15 10:00:00,-30.3745,2026-09-17 17:00:00,156.83350000000002,,59.64547555555555,61.3738,-1.944381818181818,-1.3688999999999965,21.93422285028976,-7.438865690695931,-1.2791691492124557,43.81849174514921,38,-0.16976544363874477,-0.13618499753858615,154.4695,,23,22,51.11111111111111,48.888888888888886,18.425106666666665,20.688028888888887,16.945700000000002,20.688028888888887,20.509082451048226,43.88402676265707,-2.112088737201816,-8.732138894617428,6.620050157415612,87.38925348884631,-32.958473488846295,0.5037458954258733,442.20467528737447,2,2,0,0.0,2,4,2026-09-16 13:00:00,2026-09-16 13:00:00,79.8543,73.3508,92.86129999999997,92.86129999999997,13.006999999999977,2.0,target,2026-09-16 16:00:00,2026-09-17 11:00:00,40.389,56.6085,7.95000000000001,7.95000000000001,32.43899999999999,2.0,target
93,data_93.csv,image_93.png,45,0.99,2026-09-14 09:00:00,2026-09-18 17:00:00,100.0,48.2278,-51.7722,-51.7722,150.7978,2026-09-17 17:00:00,-28.1335,2026-09-16 10:00:00,178.9313,,59.08585111111111,57.594,-0.31857272727272734,2.712200000000001,22.603560467523835,7.163593607804199,3.579035353254567,59.82437252833258,41,0.11974373161058312,0.1422981382820434,142.1971,,24,21,53.333333333333336,46.666666666666664,19.35506666666667,21.733884444444445,20.760199999999998,21.733884444444445,22.8290596377764,44.14917591530381,-5.206469486756063,3.392084797149172,-8.598554283905235,151.81225105039442,-14.536461050394465,0.37730536207798404,242.3569547125373,2,3,0,0.0,2,5,2026-09-17 16:00:00,2026-09-17 16:00:00,98.1556,91.1178,112.23120000000002,112.23120000000002,14.075600000000009,2.0,target,2026-09-15 16:00:00,2026-09-15 16:00:00,52.8734,58.1254,42.36939999999999,42.36939999999999,10.504000000000005,2.0,target
94,data_94.csv,image_94.png,45,0.99,2026-09-14 09:00:00,2026-09-18 17:00:00,100.0,160.2635,60.26349999999999,60.2635,178.1794,2026-09-14 13:00:00,29.3347,2026-09-17 17:00:00,148.8447,507.4014733404466,101.45517111111113,93.9655,0.647647727272727,4.349950000000007,23.628773921822507,5.602846292749087,4.343231580781726,34.99710965401998,44,0.16009454346769203,0.20181126466370236,145.8567,-82.42247077484865,27,18,60.0,40.0,19.766379999999995,22.095855555555552,20.963799999999992,22.095855555555552,23.735413608655506,61.70445886551237,12.405359906565323,2.8640560929911127,9.54130381357421,164.14653771935468,24.910432280645338,0.972111847662502,147.295395074521,3,2,0,0.0,2,5,2026-09-18 13:00:00,2026-09-18 14:00:00,120.5331,107.734,146.1313,146.1313,25.598200000000006,1.999999999999999,target,2026-09-17 17:00:00,2026-09-17 17:00:00,63.2206,63.885,61.891799999999996,61.891799999999996,1.328800000000001,2.0,target
95,data_95.csv,image_95.png,45,0.99,2026-09-14 09:00:00,2026-09-18 17:00:00,100.0,-78.226,-178.226,-178.226,118.442,2026-09-15 09:00:00,-190.0248,2026-09-18 10:00:00,308.4668,,-9.625499999999999,-3.7698,-3.967820454545454,-8.78655,21.938857357533987,-19.50242288384173,-15.807702802364403,96.42955809496824,20,-0.2022452790319214,-0.21922098875662038,304.907,,18,27,40.0,60.0,18.743471111111113,21.245248888888888,20.3365,21.245248888888888,21.642500365843354,47.260939030700214,-27.414541496862128,-37.483189023125654,10.068647526263526,6.0828731496258825,-184.3276131496259,0.5572256823233733,213.6506090437808,1,0,0,0.0,0,1,2026-09-18 16:00:00,2026-09-18 16:00:00,-77.8833,-80.0783,-73.49330000000002,-80.0783,-2.194999999999993,-1.0,stop,,,,,,,,,no valid trade
96,data_96.csv,image_96.png,45,0.99,2026-09-14 09:00:00,2026-09-18 17:00:00,100.0,69.5352,-30.464799999999997,-30.464799999999993,143.3942,2026-09-18 11:00:00,37.8886,2026-09-14 14:00:00,105.50560000000002,278.462651034876,95.09635111111113,97.5894,-0.6993386363636364,-0.5918499999999938,21.667027773986565,2.32986021852598,-0.5224137710243493,25.63434045233071,44,0.09088824512019561,0.10793625413418939,87.2535,-65.17388208588005,22,23,48.888888888888886,51.11111111111111,17.84726222222222,20.358175555555555,18.135899999999992,20.358175555555555,20.49916603227848,44.033271947492615,-6.392332400065584,-0.6926969750978204,-5.699635424967764,144.03937590206465,58.11860409793537,0.1328735259512178,85.00359155164618,2,3,0,0.0,2,5,2026-09-17 11:00:00,2026-09-17 13:00:00,121.7191,95.3422,174.47289999999998,95.3422,-26.376899999999992,-1.0,stop,2026-09-18 16:00:00,2026-09-18 16:00:00,85.9123,86.5035,84.7299,84.7299,1.1824000000000012,2.0,target
97,data_97.csv,image_97.png,45,0.99,2026-09-14 09:00:00,2026-09-18 17:00:00,100.0,-5.6213,-105.6213,-105.6213,142.6424,2026-09-15 12:00:00,-47.388,2026-09-18 14:00:00,190.03040000000001,,60.455799999999996,59.38,-1.879659090909091,-4.276699999999995,22.47895580837846,-19.56724044296546,-9.126492938003617,167.66947023142652,39,-0.11670127194866002,-0.09817644868043812,187.2544,,20,25,44.44444444444444,55.55555555555556,19.7589,21.907195555555553,21.039899999999996,21.907195555555553,24.620534266470724,42.79329634252043,-22.21652481923126,-21.795866128189772,-0.42065869104148845,97.77147581611095,-52.23609581611095,0.31074961956185687,658.8616220276274,1,2,0,0.0,1,3,2026-09-17 12:00:00,2026-09-17 12:00:00,85.4063,83.0458,90.1273,83.0458,-2.360500000000002,-1.0,stop,2026-09-16 11:00:00,2026-09-18 12:00:00,65.2716,101.8214,-7.8279999999999745,-7.8279999999999745,73.09959999999998,2.0,target
98,data_98.csv,image_98.png,45,0.99,2026-09-14 09:00:00,2026-09-18 17:00:00,100.0,46.8309,-53.1691,-53.1691,113.1786,2026-09-15 09:00:00,-33.9064,2026-09-18 10:00:00,147.085,,43.228615555555564,44.9377,-0.8260590909090915,-1.100050000000004,23.991681573667172,-34.06212089880897,-11.620459076521827,186.31322154617277,38,-0.18282181273092088,-0.15086187863416162,144.2721,,21,24,46.666666666666664,53.333333333333336,20.6853,23.16958,24.4705,23.16958,24.380297621064045,54.45075645951116,-9.998638245892467,-12.982473039286331,2.9838347933938643,77.39329173299679,-32.36827173299679,0.721556519714976,487.558088662675,2,2,0,0.0,1,3,2026-09-17 11:00:00,2026-09-17 11:00:00,60.0357,55.4407,69.22569999999999,55.4407,-4.594999999999999,-1.0,stop,2026-09-15 15:00:00,2026-09-15 15:00:00,85.5561,87.1292,82.40990000000001,82.40990000000001,3.1461999999999932,2.0,target
99,data_99.csv,image_99.png,45,0.99,2026-09-14 09:00:00,2026-09-18 17:00:00,100.0,130.7461,30.746100000000013,30.74610000000002,142.0264,2026-09-17 11:00:00,39.6003,2026-09-18 09:00:00,102.42609999999999,258.64980820852367,102.73232222222227,98.3914,0.4296204545454549,-0.8408999999999978,22.011529496898387,3.2771064302772124,-0.8823903298361135,24.911912865458707,44,0.13154776383394637,0.16553749304077095,99.50810000000001,-70.61579053442222,22,23,48.888888888888886,51.11111111111111,18.43902888888889,20.711646666666667,22.08269999999999,20.711646666666667,21.242190853239926,56.44673452892404,2.4740343012431936,-2.8221279489317515,5.296162250174945,144.8836277106251,49.34166228937491,0.8520280836981751,98.38262094627346,2,2,0,0.0,2,4,2026-09-16 17:00:00,2026-09-17 10:00:00,94.7406,83.1509,117.92000000000002,117.92000000000002,23.179400000000015,2.0,target,2026-09-15 16:00:00,2026-09-17 10:00:00,86.7578,118.4783,23.3168,118.4783,-31.7205,-1.0,stop
100,data_100.csv,image_100.png,45,0.99,2026-09-14 09:00:00,2026-09-18 17:00:00,100.0,-222.1429,-322.1429,-322.1429,100.6921,2026-09-14 09:00:00,-224.5085,2026-09-18 17:00:00,325.2006,,-80.44766888888888,-90.0021,-6.6711136363636365,-14.873899999999999,22.179306498401665,-42.98002484476296,-32.00403697751913,60.92459379561785,6,-0.7054626410632614,-0.5630926684685794,309.69,,15,30,33.33333333333333,66.66666666666666,21.10343333333333,23.825195555555553,23.365800000000007,23.825195555555553,26.016912926485418,32.52359253298559,-33.46604783269106,-20.693761458128773,-12.772286374562288,1.5924201658622792,-212.79156016586228,-0.04361958304752077,203.01595956472602,1,1,0,0.0,1,2,2026-09-16 15:00:00,2026-09-16 15:00:00,-111.793,-113.2971,-108.78480000000002,-113.2971,-1.504099999999994,-1.0,stop,2026-09-18 12:00:00,2026-09-18 12:00:00,-90.8128,-83.5336,-105.37119999999997,-105.37119999999997,14.558399999999978,2.0,target
101,data_101.csv,image_101.png,45,0.99,2026-09-14 09:00:00,2026-09-18 17:00:00,100.0,-94.7515,-194.7515,-194.7515,130.4383,2026-09-14 12:00:00,-107.5289,2026-09-18 17:00:00,237.9672,,20.76638222222222,28.431,-4.694172727272727,-6.382849999999996,20.69316643025909,-41.988455307545685,-12.436744499718866,482.8056707441926,31,-0.08696761005898095,-0.08650795854959294,234.8535,,18,27,40.0,60.0,18.042224444444443,20.579424444444445,19.579900000000002,20.579424444444445,20.649794756525022,34.340900787263564,-34.903409702723025,-31.53659292804674,-3.366816774676284,46.50698341271734,-116.54276341271733,0.13364794387597326,465.6184219706975,1,1,0,0.0,0,2,2026-09-15 17:00:00,2026-09-15 17:00:00,100.9484,80.0698,142.7056,80.0698,-20.878600000000006,-1.0,stop,2026-09-16 12:00:00,2026-09-16 13:00:00,5.1258,42.7986,-70.2198,42.7986,-37.6728,-1.0,stop
102,data_102.csv,image_102.png,45,0.99,2026-09-14 09:00:00,2026-09-18 17:00:00,100.0,351.199,251.199,251.19899999999998,351.4814,2026-09-18 17:00:00,97.9497,2026-09-14 09:00:00,253.5317,258.83866923533196,252.58743333333337,273.8994,5.0154272727272735,7.256049999999988,20.959693035779953,2.6626599386718337,2.991013363821138,9.001519782758786,44,0.2958011539086772,0.3797269585813787,74.94400000000002,-26.12067086624895,25,20,55.55555555555556,44.44444444444444,18.56554666666667,21.03666222222222,20.077799999999996,21.03666222222222,20.344878203696474,65.30129412957419,19.86382882974533,20.354006490710375,-0.49017766096504545,354.49151298878854,261.69576701121144,0.9645187076831719,30.119331894542547,1,1,0,0.0,1,2,2026-09-18 14:00:00,2026-09-18 17:00:00,304.4236,284.5519,344.1670000000001,344.1670000000001,39.743400000000065,2.0,target,2026-09-17 16:00:00,2026-09-18 09:00:00,271.2871,299.857,214.14729999999997,299.857,-28.56990000000002,-1.0,stop
103,data_103.csv,image_103.png,45,0.99,2026-09-14 09:00:00,2026-09-18 17:00:00,100.0,-95.7854,-195.78539999999998,-195.7854,102.1197,2026-09-14 09:00:00,-133.5366,2026-09-17 09:00:00,235.6563,,-66.97589111111111,-73.7085,-3.9291931818181833,-2.4550500000000035,20.632939722284867,-1811.1429091935265,-73.01814274673622,3513.612620850577,4,-0.5154645957399493,-0.5114642860249607,209.2486,,20,25,44.44444444444444,55.55555555555556,17.38297777777778,19.636422222222226,17.397200000000005,19.636422222222226,18.61810206646498,42.15727213468225,-7.420913572037222,-11.665465083421637,4.244551511384415,-57.22805145929304,-138.62471854070697,0.5263031040061944,83.12026128751094,2,1,0,0.0,0,3,2026-09-16 12:00:00,2026-09-16 12:00:00,-71.3863,-72.8567,-68.44550000000001,-72.8567,-1.470399999999998,-1.0,stop,2026-09-17 09:00:00,2026-09-17 12:00:00,-132.1495,-109.177,-178.09449999999995,-109.177,-22.972499999999982,-1.0,stop
104,data_104.csv,image_104.png,45,0.99,2026-09-14 09:00:00,2026-09-18 17:00:00,100.0,61.4656,-38.5344,-38.534400000000005,160.6259,2026-09-15 09:00:00,-30.797,2026-09-17 13:00:00,191.4229,,59.87272444444445,49.9155,-0.9924295454545455,-2.5533,20.51706208814122,-24.794473777793947,-8.071001026358793,165.58204364556676,41,-0.14974131996381956,-0.11727109125593117,188.2837,,21,24,46.666666666666664,53.333333333333336,17.150408888888887,19.550222222222217,18.676,19.550222222222217,18.052385739129225,50.29765115723664,1.0077348450476151,-5.657922450377458,6.665657295425073,86.93575955018302,-22.607649550183012,0.7674879779681979,340.5771103810326,1,1,0,0.0,2,2,2026-09-18 10:00:00,2026-09-18 10:00:00,24.6492,23.4643,27.019,27.019,2.369799999999998,2.0,target,2026-09-15 17:00:00,2026-09-15 17:00:00,94.3152,103.5963,75.75300000000001,75.75300000000001,18.56219999999999,2.0,target
105,data_105.csv,image_105.png,45,0.99,2026-09-14 09:00:00,2026-09-18 17:00:00,100.0,290.192,190.192,190.192,340.4821,2026-09-16 12:00:00,98.6286,2026-09-14 09:00:00,241.8535,245.21639767775267,277.88179333333335,291.441,3.722461363636364,8.156600000000026,23.981931938985795,2.33986626602629,2.6409017636361276,9.54944750973271,44,0.24502634981149637,0.2897766507388972,86.90000000000003,-25.689446810724657,27,18,60.0,40.0,21.544933333333333,23.973071111111103,25.903899999999993,23.973071111111103,21.862164311278164,52.46273140311984,0.3838671825714073,7.0838303678859935,-6.699963185314586,338.517506424381,252.638703575619,0.4372824862325427,29.054521088008872,1,2,0,0.0,0,3,2026-09-17 14:00:00,2026-09-17 14:00:00,325.8014,323.0767,331.25079999999997,323.0767,-2.7246999999999844,-1.0,stop,2026-09-16 17:00:00,2026-09-17 14:00:00,305.4788,327.1313,262.1737999999999,327.1313,-21.652500000000032,-1.0,stop
106,data_106.csv,image_106.png,45,0.99,2026-09-14 09:00:00,2026-09-18 17:00:00,100.0,394.6241,294.6241,294.6241,472.1006,2026-09-17 15:00:00,72.9331,2026-09-14 10:00:00,399.1675,547.306367067902,301.5040533333333,318.3959,6.864284090909091,14.330549999999988,25.276732943540058,4.118265634034058,4.050961344098402,12.896510916579679,44,0.31933176815596226,0.3767805448988159,102.66639999999995,-23.558610030667094,29,16,64.44444444444444,35.55555555555556,23.13842,25.539817777777778,27.0419,25.539817777777778,22.85328674535988,54.195099023301644,26.922638824719115,40.82463855639346,-13.901999731674344,485.09392390242607,314.2346660975739,0.47050089608982926,42.750693505120886,0,1,0,0.0,0,1,,,,,,,,,no valid trade,2026-09-18 14:00:00,2026-09-18 14:00:00,369.6298,381.0457,346.79799999999994,381.0457,-11.415900000000022,-1.0,stop
107,data_107.csv,image_107.png,45,0.99,2026-09-14 09:00:00,2026-09-18 17:00:00,100.0,-32.3099,-132.3099,-132.3099,125.2527,2026-09-14 10:00:00,-33.6633,2026-09-18 17:00:00,158.916,,51.485795555555555,55.0127,-3.2956477272727267,-1.9508500000000009,19.898224592784114,-0.12731246123873138,-4.809679793896094,194.22169394280579,42,-0.0006555007252496841,-0.0007821926889093853,155.6251,,20,25,44.44444444444444,55.55555555555556,16.289300000000004,18.866533333333333,18.0163,18.866533333333333,18.12809998221123,36.71851490297673,-19.810194043680923,-16.579554808191926,-3.2306392354889972,80.75090668877945,-39.398536688779444,0.058998497949791055,581.1006400724258,2,2,0,0.0,2,4,2026-09-17 09:00:00,2026-09-17 09:00:00,92.4688,60.0721,157.2622,60.0721,-32.3967,-1.0,stop,2026-09-17 13:00:00,2026-09-18 17:00:00,15.0389,44.1531,-43.18950000000001,-32.3099,47.3488,1.62631293320785,time_exit
108,data_108.csv,image_108.png,45,0.99,2026-09-14 09:00:00,2026-09-18 17:00:00,100.0,150.7729,50.77289999999999,50.772899999999986,239.2784,2026-09-16 15:00:00,59.2903,2026-09-15 12:00:00,179.9881,303.57090451557843,146.95021999999997,143.9493,0.48106363636363625,-2.149249999999995,23.680180804592307,2.352778063991002,-1.2653333617585083,20.942767049692478,44,0.11234322849547002,0.1457444975532247,108.6663,-55.49041694029234,22,23,48.888888888888886,51.11111111111111,20.067802222222227,22.407480000000003,23.778599999999983,22.407480000000003,19.301134887025142,48.071430548702104,-3.6627942325557967,2.6779146016541904,-6.3407088342099875,238.06148228439798,112.91572771560202,0.3025046468003585,71.31275251107954,1,1,0,0.0,2,2,2026-09-15 17:00:00,2026-09-16 14:00:00,119.4321,83.8321,190.63210000000004,190.63210000000004,71.20000000000003,2.0000000000000004,target,2026-09-18 09:00:00,2026-09-18 17:00:00,166.4239,199.1337,101.0043,150.7729,15.65100000000001,0.47848045539868816,time_exit
109,data_109.csv,image_109.png,45,0.99,2026-09-14 09:00:00,2026-09-18 17:00:00,100.0,185.2042,85.20419999999999,85.2042,269.0896,2026-09-17 14:00:00,17.8843,2026-09-14 15:00:00,251.20530000000002,1404.6135437227067,119.84042666666669,89.7329,2.6180999999999996,3.52055,24.16797333678275,7.6724937476734825,4.227263436126371,37.143936814150905,44,0.20656113502622736,0.2994034662879173,138.3315,-77.78656632482775,25,20,55.55555555555556,44.44444444444444,20.779062222222223,22.966246666666667,24.547299999999993,22.966246666666667,22.205068027647403,57.521656023798585,13.29709461817373,21.211624867739555,-7.914530249565825,260.99796524245767,106.71022475754235,0.5087505656363668,83.91857711133132,1,2,0,0.0,2,3,2026-09-16 15:00:00,2026-09-16 15:00:00,89.7329,79.7375,109.72370000000001,109.72370000000001,19.990800000000007,2.0,target,2026-09-16 10:00:00,2026-09-16 10:00:00,61.9701,62.508,60.8943,60.8943,1.075800000000001,2.0,target
110,data_110.csv,image_110.png,45,0.99,2026-09-14 09:00:00,2026-09-18 17:00:00,100.0,-33.897,-133.897,-133.897,115.9646,2026-09-14 11:00:00,-151.1646,2026-09-18 13:00:00,267.1292,,-21.14245555555556,-34.322,-2.5705386363636364,-5.461549999999999,21.033215410052783,809.0899659367424,-15.768444612181282,3556.8953426345347,18,0.2274708384693328,7.912209972278348,264.8496,,19,26,42.22222222222222,57.77777777777777,18.216240000000003,20.51427111111111,21.9063,20.51427111111111,22.58503397334988,54.97909453736108,-13.352446248919172,-22.395272325073933,9.04282607615476,-8.306717503104338,-136.09854249689567,0.7997502383416237,176.9905403636839,2,1,0,0.0,0,2,2026-09-17 15:00:00,2026-09-17 15:00:00,-41.2755,-51.2751,-21.2763,-51.2751,-9.999600000000001,-1.0,stop,2026-09-18 12:00:00,2026-09-18 14:00:00,-122.325,-94.5266,-177.92180000000002,-94.5266,-27.7984,-1.0,stop
111,data_111.csv,image_111.png,45,0.99,2026-09-14 09:00:00,2026-09-18 17:00:00,100.0,-30.4108,-130.4108,-130.4108,107.0487,2026-09-15 14:00:00,-89.9475,2026-09-17 16:00:00,196.9962,,3.459848888888888,-1.0383,-2.3622818181818186,-4.816549999999998,22.33118024968335,-19.515759905447666,-15.877353041643888,61.521936326754435,20,-0.3172162820395613,-0.29157295271540473,195.6539,,19,26,42.22222222222222,57.77777777777777,18.710777777777775,21.05625111111111,22.269,21.05625111111111,22.000226556836452,47.505733079716535,-6.934011681997827,-15.098571548022253,8.164559866024426,14.777951287502596,-88.9751612875026,0.5644588372726194,279.6685012145476,1,1,0,0.0,1,2,2026-09-18 14:00:00,2026-09-18 17:00:00,-26.3068,-54.1196,29.3188,-30.4108,-4.103999999999999,-0.14755795892538684,time_exit,2026-09-16 10:00:00,2026-09-17 15:00:00,-0.6739,35.8486,-73.7189,-73.7189,73.045,2.0,target
112,data_112.csv,image_112.png,45,0.99,2026-09-14 09:00:00,2026-09-18 17:00:00,100.0,93.6998,-6.300200000000004,-6.3002,120.4668,2026-09-14 15:00:00,-33.9076,2026-09-17 13:00:00,154.3744,,42.80272000000001,47.3885,0.12068863636363648,1.4297,22.448396343254043,13.195694639468222,-3.6301511744418367,222.87787283129808,36,0.05920594302089548,0.0779905186631851,152.9147,,23,22,51.11111111111111,48.888888888888886,18.775240000000004,21.007317777777775,18.0629,21.007317777777775,19.545935021174856,57.211816024597475,15.805477748907123,6.813318363099059,8.992159385808064,126.60625609934289,-46.286676099342884,0.8096714788692039,430.5125405254504,2,1,0,0.0,2,3,2026-09-18 09:00:00,2026-09-18 15:00:00,51.7145,29.3948,96.35390000000001,96.35390000000001,44.63940000000001,2.0000000000000004,target,2026-09-17 10:00:00,2026-09-17 15:00:00,-4.6317,12.9598,-39.8147,12.9598,-17.5915,-1.0,stop
113,data_113.csv,image_113.png,45,0.99,2026-09-14 09:00:00,2026-09-18 17:00:00,100.0,396.1911,296.1911,296.1911,397.4331,2026-09-18 17:00:00,54.881,2026-09-15 14:00:00,342.5521,624.1724822798418,195.76836444444444,198.9745,6.742745454545454,8.389999999999993,20.48012436854105,4.458312507134565,4.365065648334654,16.536210783654496,44,0.2696090758314148,0.29866350845575834,72.8193,-56.698719945185005,29,16,64.44444444444444,35.55555555555556,17.898922222222218,20.238913333333333,18.821799999999996,20.238913333333333,20.681139774692817,76.54259336756084,56.30008554077182,48.3007576957346,7.9993278450372145,407.6541954766874,165.6704245233127,0.9526286600480489,84.4142262557553,1,0,0,0.0,1,1,2026-09-16 09:00:00,2026-09-16 09:00:00,122.9013,121.6225,125.45890000000001,125.45890000000001,2.557600000000008,2.0,target,,,,,,,,,no valid trade
114,data_114.csv,image_114.png,45,0.99,2026-09-14 09:00:00,2026-09-18 17:00:00,100.0,370.28,270.28,270.28,471.3259,2026-09-18 11:00:00,99.5047,2026-09-14 09:00:00,371.8212,373.6719974031377,313.51906888888885,310.3787,5.6029159090909095,9.109399999999994,22.352298201594323,2.8353225961052346,2.781204089744349,8.246551013264353,44,0.34381920290612344,0.44466090811548903,103.30380000000002,-21.998295993327076,30,15,66.66666666666666,33.33333333333333,19.862524444444443,22.48273333333333,21.856899999999996,22.48273333333333,24.842662614158932,51.40015276472116,30.689607870344958,40.65943412745439,-9.969826257109432,481.54741802294427,289.7541419770557,0.419857565828729,49.732370837131086,0,1,0,0.0,0,1,,,,,,,,,no valid trade,2026-09-18 17:00:00,2026-09-18 17:00:00,366.2953,398.3877,302.1105,370.28,-3.9846999999999753,-0.12416335331729554,time_exit
115,data_115.csv,image_115.png,45,0.99,2026-09-14 09:00:00,2026-09-18 17:00:00,100.0,232.7725,132.7725,132.7725,282.8423,2026-09-18 16:00:00,50.8758,2026-09-14 10:00:00,231.96650000000002,455.94663867693487,159.9673,178.4306,3.7891636363636363,7.020099999999999,22.996768205777848,4.7552700053598285,5.617761639004815,20.08787828266302,44,0.23672335815892995,0.31937789023965735,86.45230000000001,-37.393214451316794,23,22,51.11111111111111,48.888888888888886,21.025380000000002,23.598513333333337,23.15360000000001,23.598513333333337,25.027096140504355,54.60755368408827,24.03760636494883,23.702737040425987,0.3348693245228418,277.3549433583364,162.72126664166356,0.611087730628009,52.09719321872584,1,1,0,0.0,0,2,2026-09-18 15:00:00,2026-09-18 17:00:00,243.5862,213.5434,303.67179999999996,232.7725,-10.813699999999983,-0.35994314777583925,time_exit,2026-09-17 17:00:00,2026-09-17 17:00:00,193.0575,208.07,163.03250000000003,208.07,-15.012499999999989,-1.0,stop
116,data_116.csv,image_116.png,45,0.99,2026-09-14 09:00:00,2026-09-18 17:00:00,100.0,146.9645,46.96449999999999,46.96449999999999,158.3522,2026-09-18 15:00:00,-67.199,2026-09-16 14:00:00,225.5512,,52.09764444444444,61.2754,0.5250500000000002,1.8930500000000006,22.98585966399322,-4.01526596587505,2.5398201362686,53.31207688991929,32,-0.07531625477967996,-0.06565565856000527,188.8782,,24,21,53.333333333333336,46.666666666666664,20.146246666666663,22.769693333333333,25.246000000000002,22.769693333333333,22.75821501742694,58.914089756063916,30.639481707741155,22.20651258633316,8.432969121407993,186.87633331846973,-23.885373318469718,0.8106305269807749,258.61766399429695,1,0,0,0.0,1,1,2026-09-17 09:00:00,2026-09-18 09:00:00,25.091,-9.7823,94.83760000000001,94.83760000000001,69.7466,2.0,target,,,,,,,,,no valid trade
117,data_117.csv,image_117.png,45,0.99,2026-09-14 09:00:00,2026-09-18 17:00:00,100.0,191.1679,91.1679,91.16790000000002,214.6038,2026-09-18 11:00:00,67.1794,2026-09-14 12:00:00,147.4244,219.44881913205535,151.48770666666667,156.256,1.7075159090909091,9.37585,23.62863846498166,2.5075769527205125,5.09687377085446,16.7311961630686,44,0.1498743382290611,0.15815857773188727,77.9967,-42.66518827357857,26,19,57.77777777777777,42.22222222222222,21.06265111111111,23.557731111111117,23.897199999999998,23.557731111111117,24.328117848764386,51.8863450322684,12.699312407294258,11.62346974228857,1.0758426650056876,229.76531588880016,103.92205411119983,0.693289769006366,75.42584652071208,1,2,0,0.0,0,2,2026-09-17 16:00:00,2026-09-18 09:00:00,194.1457,158.4185,265.6001,158.4185,-35.72720000000001,-1.0,stop,2026-09-16 16:00:00,2026-09-17 14:00:00,136.8561,160.0125,90.54330000000002,160.0125,-23.15639999999999,-1.0,stop
118,data_118.csv,image_118.png,45,0.99,2026-09-14 09:00:00,2026-09-18 17:00:00,100.0,-48.6929,-148.6929,-148.6929,115.7574,2026-09-15 15:00:00,-81.3597,2026-09-18 15:00:00,197.1171,,14.46918888888889,14.5766,-2.7541363636363627,-5.875999999999998,22.684490622860523,-24.750785655731192,-19.089628647617353,111.11109073840133,25,-0.22275711174507462,-0.17983862992281524,195.065,,21,24,46.666666666666664,53.333333333333336,20.318197777777783,22.680951111111114,20.616600000000005,22.680951111111114,21.395593346920997,41.111690573028085,-21.3505765713956,-20.584179189015877,-0.7663973823797221,19.967528337942323,-70.16323833794232,0.2382131998849058,359.11740933990035,2,2,0,0.0,1,4,2026-09-15 14:00:00,2026-09-15 16:00:00,93.4697,59.8611,160.6869,59.8611,-33.6086,-1.0,stop,2026-09-16 12:00:00,2026-09-18 10:00:00,42.9456,80.9799,-33.123000000000005,-33.123000000000005,76.0686,2.0,target
119,data_119.csv,image_119.png,45,0.99,2026-09-14 09:00:00,2026-09-18 17:00:00,100.0,352.2291,252.22910000000002,252.22910000000002,368.2825,2026-09-17 12:00:00,77.6099,2026-09-14 10:00:00,290.67260000000005,374.5303112102967,247.78542222222225,260.6078,5.543277272727273,5.273250000000004,20.502905202455256,3.3770386353405852,3.5706609720537186,12.019256883758905,44,0.28096900399090646,0.3419675106294147,55.70509999999999,-28.14110893097824,29,16,64.44444444444444,35.55555555555556,17.42069111111111,19.919906666666666,18.5261,19.919906666666666,18.070070051915845,57.63280047235712,31.32538973512021,36.92861676175765,-5.603227026637441,389.04438329824535,283.01036670175466,0.6527974278448321,31.555172133368803,1,1,0,0.0,0,2,2026-09-18 16:00:00,2026-09-18 16:00:00,353.2606,348.6283,362.5252,348.6283,-4.6322999999999865,-1.0,stop,2026-09-18 11:00:00,2026-09-18 12:00:00,315.6538,352.8645,241.23239999999993,352.8645,-37.21070000000003,-1.0,stop
120,data_120.csv,image_120.png,45,0.99,2026-09-14 09:00:00,2026-09-18 17:00:00,100.0,4.3324,-95.6676,-95.6676,123.5629,2026-09-16 10:00:00,-4.0785,2026-09-18 16:00:00,127.6414,,62.57099777777777,63.994,-2.197995454545454,-1.9545999999999992,21.313610752853794,14.892986966153101,-4.867557364038566,91.9015768647921,43,0.1620536608209023,0.35518757612935437,124.34009999999999,,22,23,48.888888888888886,51.11111111111111,18.26351111111111,20.83954222222222,21.925799999999995,20.83954222222222,20.611619366377425,37.03230763534106,-16.921887358882877,-9.826612792921175,-7.095274565961702,123.29848253005471,-2.7329625300547136,0.05606031515932361,209.0671446697355,1,1,0,0.0,1,2,2026-09-15 15:00:00,2026-09-16 09:00:00,57.25,26.397,118.956,118.956,61.706,2.0,target,2026-09-16 17:00:00,2026-09-16 17:00:00,90.0234,91.2085,87.65319999999998,91.2085,-1.1851000000000056,-1.0,stop
121,data_121.csv,image_121.png,45,0.99,2026-09-14 09:00:00,2026-09-18 17:00:00,100.0,37.5769,-62.4231,-62.4231,134.9856,2026-09-15 11:00:00,-26.7115,2026-09-16 15:00:00,161.6971,,42.27861111111111,37.3833,-0.755977272727273,-3.938299999999998,22.42594255323211,23.43349114115805,-11.707843286704689,244.33099430677498,41,0.09590879457452553,0.1635280053486712,158.2132,,21,24,46.666666666666664,53.333333333333336,18.92350888888889,21.516640000000002,18.6766,21.516640000000002,20.393005562654263,47.98487052931699,-4.019604248485926,-3.2720866586162645,-0.7475175898696618,61.867650273469835,7.765539726530168,0.5510202831663124,155.39173358836402,1,2,0,0.0,0,3,2026-09-17 11:00:00,2026-09-18 16:00:00,31.842,9.3579,76.8102,9.3579,-22.484099999999998,-1.0,stop,2026-09-18 15:00:00,2026-09-18 17:00:00,16.7574,44.717,-39.1618,37.5769,-20.8195,-0.7446279632040517,time_exit
122,data_122.csv,image_122.png,45,0.99,2026-09-14 09:00:00,2026-09-18 17:00:00,100.0,419.2034,319.2034,319.2034,471.2518,2026-09-18 14:00:00,87.0128,2026-09-14 17:00:00,384.23900000000003,441.58905356453306,259.8556733333334,231.701,7.120963636363635,8.78765,24.176187949034045,3.977229692882488,4.797565713962493,12.897638897414723,44,0.30836882041097513,0.3222910176421124,86.075,-49.43699547126681,30,15,66.66666666666666,33.33333333333333,21.558404444444445,24.013933333333338,27.27619999999999,24.013933333333338,23.648304654681183,64.22017306653834,59.9955202511685,58.6063191467005,1.3892011044680004,503.6278988537207,231.0340311462793,0.6902920100010157,74.20933536257729,2,1,0,0.0,2,3,2026-09-15 14:00:00,2026-09-15 15:00:00,200.3781,178.8867,243.3609,243.3609,42.9828,2.0,target,2026-09-16 14:00:00,2026-09-16 14:00:00,217.7097,219.1509,214.82729999999998,219.1509,-1.4412000000000091,-1.0,stop
123,data_123.csv,image_123.png,45,0.99,2026-09-14 09:00:00,2026-09-18 17:00:00,100.0,82.107,-17.893,-17.893000000000004,100.1541,2026-09-14 09:00:00,-52.6564,2026-09-17 10:00:00,152.8105,,18.91315555555555,14.6577,0.04029999999999958,-3.6531000000000007,24.294830141008706,-11.7997716086788,-12.074073365849925,104.21955841712767,27,-0.11322031860326516,-0.1234015459618321,140.8004,,20,25,44.44444444444444,55.55555555555556,20.60193777777778,22.92472,23.8104,22.92472,24.375860313165656,60.02848505478751,13.312978890110802,2.9348276684897385,10.378151221621064,83.32301928485768,-56.815729284857674,0.9913227476535318,1057.3600588344968,3,2,0,0.0,1,5,2026-09-16 16:00:00,2026-09-16 16:00:00,-29.907,-30.3736,-28.9738,-30.3736,-0.4665999999999997,-1.0,stop,2026-09-17 14:00:00,2026-09-17 14:00:00,20.5687,22.5221,16.661900000000003,16.661900000000003,3.906799999999997,2.0,target
124,data_124.csv,image_124.png,45,0.99,2026-09-14 09:00:00,2026-09-18 17:00:00,100.0,4.1964,-95.8036,-95.8036,138.4669,2026-09-15 17:00:00,-54.0743,2026-09-18 15:00:00,192.5412,,51.89145777777777,58.7667,-1.482072727272727,-5.320450000000001,24.73074504562685,-18.222391238313783,-11.113268928986642,74.23844492943843,35,-0.24545760967425514,-0.20581418831816636,188.1882,,19,26,42.22222222222222,57.77777777777777,22.30143111111111,24.833055555555553,28.699299999999997,24.833055555555553,27.071865388704385,46.48394936510776,-22.483912432619036,-19.37999353662987,-3.1039188959891675,89.31007430078338,-65.29330430078338,0.44947080024601194,1287.4618743616795,2,2,0,0.0,1,4,2026-09-15 15:00:00,2026-09-15 15:00:00,97.2954,96.5916,98.703,96.5916,-0.7038000000000011,-1.0,stop,2026-09-18 12:00:00,2026-09-18 12:00:00,23.5926,24.0226,22.7326,22.7326,0.8599999999999994,2.0,target
125,data_125.csv,image_125.png,45,0.99,2026-09-14 09:00:00,2026-09-18 17:00:00,100.0,88.0305,-11.969499999999996,-11.9695,216.6348,2026-09-17 15:00:00,60.9556,2026-09-15 13:00:00,155.6792,255.39769930900525,113.39234666666665,109.037,0.1287159090909089,-6.271799999999999,23.805790381167068,2.708445747601441,-5.317136307041304,23.680933334784964,44,0.11437242397971706,0.1558148544875477,126.66369999999999,-58.99726215240095,19,26,42.22222222222222,57.77777777777777,20.754344444444445,22.87898444444444,23.573499999999996,22.87898444444444,23.152671831623017,42.53614220636739,-0.1555351298943748,6.580106191640659,-6.7356413215350335,208.58417444375215,54.43269555624788,0.21795317622785138,117.21794034542668,2,3,0,0.0,0,5,2026-09-16 09:00:00,2026-09-16 13:00:00,142.1653,107.325,211.8459,107.325,-34.8403,-1.0,stop,2026-09-15 14:00:00,2026-09-15 14:00:00,78.5275,80.0497,75.48310000000001,80.0497,-1.522199999999998,-1.0,stop
126,data_126.csv,image_126.png,45,0.99,2026-09-14 09:00:00,2026-09-18 17:00:00,100.0,46.216,-53.784,-53.784,222.6719,2026-09-14 14:00:00,45.7094,2026-09-18 17:00:00,176.96249999999998,387.14684506906667,127.73498444444445,127.1188,-1.5876249999999994,1.249450000000003,25.254432662895226,0.3420072962493463,0.8638954774942698,21.939481350422803,44,0.015588668245466767,0.015771765406479288,174.2176,-79.03404925564887,24,21,53.333333333333336,46.666666666666664,22.472973333333332,24.69674888888889,26.0831,24.69674888888889,23.17825004422883,38.58381327959647,-6.04555046792747,2.5291819422452377,-8.574732410172707,196.0890409965122,40.2386190034878,0.03835331929213345,131.8935092007634,2,2,0,0.0,2,4,2026-09-15 17:00:00,2026-09-15 17:00:00,155.9221,136.8247,194.1169,136.8247,-19.097399999999993,-1.0,stop,2026-09-17 09:00:00,2026-09-17 09:00:00,96.0038,98.2054,91.6006,91.6006,4.403199999999998,2.0,target
127,data_127.csv,image_127.png,45,0.99,2026-09-14 09:00:00,2026-09-18 17:00:00,100.0,139.0915,39.091499999999996,39.09149999999999,273.5347,2026-09-15 10:00:00,68.0963,2026-09-14 11:00:00,205.4384,301.6880505989312,169.8711866666667,164.6136,1.2374272727272726,3.8854499999999916,24.07868554905773,2.2094492602887996,2.411260096713941,15.007012105146863,44,0.14722779223527369,0.16734161487053598,146.42629999999997,-53.72070106130691,24,21,53.333333333333336,46.666666666666664,20.74921555555556,23.128651111111107,24.885400000000004,23.128651111111107,19.740467884690055,42.77503417779232,-8.690492624374059,-0.3536656056677623,-8.336827018706296,253.74321165892047,97.88560834107955,0.2643816585251163,88.64893572594016,1,2,0,0.0,3,3,2026-09-17 11:00:00,2026-09-17 11:00:00,191.0774,179.5275,214.17720000000003,214.17720000000003,23.099800000000016,2.0,target,2026-09-15 16:00:00,2026-09-15 16:00:00,188.9904,190.2358,186.49959999999996,186.49959999999996,2.4908000000000357,2.0,target
128,data_128.csv,image_128.png,45,0.99,2026-09-14 09:00:00,2026-09-18 17:00:00,100.0,263.6017,163.6017,163.6017,265.2186,2026-09-18 17:00:00,22.5574,2026-09-16 17:00:00,242.66119999999998,1075.7498647893817,117.96705777777778,109.0979,2.989627272727273,4.709299999999999,23.16370643209463,6.312945915267472,6.685767570928702,33.74875106928336,44,0.18705717145821257,0.25571638961438026,126.18539999999999,-83.47759472032432,26,19,57.77777777777777,42.22222222222222,20.61655777777778,23.436826666666665,23.61850000000001,23.436826666666665,25.396394785563835,69.1981546876916,38.75247980571157,29.245836151214228,9.506643654497346,299.6137134891803,7.892486510819737,0.876553331884033,189.73355787841714,2,1,0,0.0,1,3,2026-09-17 12:00:00,2026-09-17 16:00:00,89.832,69.893,129.70999999999998,129.70999999999998,39.877999999999986,2.0,target,2026-09-16 12:00:00,2026-09-16 12:00:00,48.7182,59.6701,26.814400000000013,59.6701,-10.951899999999995,-1.0,stop
129,data_129.csv,image_129.png,45,0.99,2026-09-14 09:00:00,2026-09-18 17:00:00,100.0,46.4539,-53.5461,-53.546099999999996,152.2128,2026-09-14 17:00:00,-18.4384,2026-09-18 09:00:00,170.6512,,76.52513111111111,89.5095,-1.1029386363636364,-3.536299999999998,21.765063656451886,72.02345956455274,-4.741533440371515,481.37547674471534,42,0.1496201261676412,1.332370489039151,166.7147,,20,25,44.44444444444444,55.55555555555556,18.47743333333333,21.39779777777778,22.475300000000004,21.39779777777778,22.495672396372537,49.743879365348576,-15.267559673650723,-17.411113529525593,2.1435538558748704,122.205126396693,-33.199736396693,0.5125556238390955,349.20326239430216,2,2,0,0.0,3,4,2026-09-16 11:00:00,2026-09-16 11:00:00,100.0562,98.0353,104.098,104.098,4.041799999999995,2.0,target,2026-09-15 13:00:00,2026-09-15 13:00:00,78.649,85.2316,65.4838,65.4838,13.165199999999999,2.0,target
130,data_130.csv,image_130.png,45,0.99,2026-09-14 09:00:00,2026-09-18 17:00:00,100.0,-195.6195,-295.6195,-295.6195,102.1061,2026-09-14 09:00:00,-255.154,2026-09-18 16:00:00,357.26009999999997,,-91.67946,-66.9376,-6.22245,-9.672350000000002,21.947947239050386,-132.12334709245295,-79.9856621480709,140.33560086609626,5,-0.9414813224658569,-0.7249917682508357,333.0443,,15,30,33.33333333333333,66.66666666666666,19.47949111111111,21.815848888888887,21.652600000000003,21.815848888888887,21.478373212515276,39.66694583761313,-45.84615811645179,-46.41496620172687,0.5688080852750801,-82.36049789017079,-268.5096421098292,0.39156850500380436,106.10714506492825,1,1,0,0.0,2,2,2026-09-16 13:00:00,2026-09-16 13:00:00,-66.9376,-68.697,-63.418800000000005,-63.418800000000005,3.518799999999999,2.0,target,2026-09-16 16:00:00,2026-09-16 16:00:00,-71.6913,-54.6471,-105.77969999999999,-105.77969999999999,34.08839999999999,2.0,target
131,data_131.csv,image_131.png,45,0.99,2026-09-14 09:00:00,2026-09-18 17:00:00,100.0,-41.4938,-141.4938,-141.4938,100.7601,2026-09-14 09:00:00,-41.6778,2026-09-18 17:00:00,142.43789999999998,,30.883731111111107,26.7278,-2.3548909090909085,-5.8325,21.034168607356605,86.22439349717446,-22.091408101072197,830.2195062787293,35,0.10385734476856098,0.2652276952856072,138.8576,,20,25,44.44444444444444,55.55555555555556,18.41488888888889,20.538457777777776,17.607400000000002,20.538457777777776,21.64551740928297,39.691594481293166,-15.572588420925818,-10.785288570572718,-4.787299850353101,55.479044319622204,-41.5053043196222,0.0001186203731180432,1388.09436327346,2,2,0,0.0,3,4,2026-09-15 15:00:00,2026-09-15 16:00:00,51.4302,49.0524,56.1858,56.1858,4.755600000000001,2.0,target,2026-09-16 16:00:00,2026-09-16 16:00:00,69.4138,71.6594,64.92259999999997,64.92259999999997,4.4912000000000205,2.0,target
132,data_132.csv,image_132.png,45,0.99,2026-09-14 09:00:00,2026-09-18 17:00:00,100.0,203.62,103.62,103.62,225.2449,2026-09-17 15:00:00,50.2516,2026-09-14 12:00:00,174.9933,348.2342850774901,131.93752666666668,123.6057,2.701302272727273,4.875300000000003,19.835330652422336,3.784705671448175,3.308224891395928,19.436171195808726,44,0.1947248577571863,0.2291299776167292,72.3895,-56.431778194061486,25,20,55.55555555555556,44.44444444444444,16.37054666666667,18.614853333333333,17.4054,18.614853333333333,20.049656998655347,57.15362277656803,19.38150422454467,22.68002699525958,-3.2985227707149107,240.24951588424028,128.6296741157597,0.6718368768142817,60.51837284097299,1,2,0,0.0,1,3,2026-09-16 12:00:00,2026-09-17 10:00:00,110.6529,81.3545,169.24970000000002,169.24970000000002,58.596800000000016,2.0000000000000004,target,2026-09-15 14:00:00,2026-09-16 11:00:00,55.8884,94.5135,-21.361799999999995,94.5135,-38.625099999999996,-1.0,stop
133,data_133.csv,image_133.png,45,0.99,2026-09-14 09:00:00,2026-09-18 17:00:00,100.0,-241.8755,-341.8755,-341.8755,110.1874,2026-09-14 10:00:00,-242.1108,2026-09-18 17:00:00,352.2982,,-48.843271111111115,-19.0676,-7.523481818181818,-12.954400000000014,21.5223268509409,-6.130878242598596,1.804888442698866,74.22562654978546,22,-0.08259786447860326,-0.07235116305306269,350.7519,,17,28,37.77777777777778,62.22222222222222,19.802691111111113,22.17723111111111,21.628799999999984,22.17723111111111,22.149241639158237,30.46592483563768,-52.816399788734685,-51.68764411530443,-1.1287556734302555,-83.6860866716231,-249.95422332837688,0.04858852387968191,99.66909373555838,2,2,0,0.0,3,4,2026-09-16 10:00:00,2026-09-16 10:00:00,45.2966,43.3553,49.179199999999994,49.179199999999994,3.8825999999999965,2.0,target,2026-09-16 14:00:00,2026-09-16 17:00:00,-19.0676,15.2173,-87.6374,-87.6374,68.5698,2.0,target
134,data_134.csv,image_134.png,45,0.99,2026-09-14 09:00:00,2026-09-18 17:00:00,100.0,149.0754,49.0754,49.07539999999999,224.3918,2026-09-17 13:00:00,93.1847,2026-09-15 12:00:00,131.20709999999997,140.80326491366068,154.06590888888888,151.2187,1.227406818181818,3.400100000000002,22.27795420899009,2.0801292353213183,2.2484311744706553,14.825036991139568,44,0.14031190860195106,0.16302052692048835,73.7757,-33.10537843429985,23,22,51.11111111111111,48.888888888888886,19.081355555555557,21.74363111111111,21.658500000000004,21.74363111111111,22.588281585913247,47.368485364181595,7.208546690717299,12.84325923869893,-5.634712547981632,225.22306381529495,143.13267618470508,0.07239244431439924,44.57125474987297,3,3,0,0.0,1,5,2026-09-16 17:00:00,2026-09-17 10:00:00,162.2864,146.0521,194.75499999999997,194.75499999999997,32.46859999999998,2.0,target,2026-09-16 15:00:00,2026-09-16 16:00:00,140.4951,162.3143,96.85670000000002,162.3143,-21.819199999999995,-1.0,stop
135,data_135.csv,image_135.png,45,0.99,2026-09-14 09:00:00,2026-09-18 17:00:00,100.0,-47.101,-147.101,-147.101,151.1687,2026-09-14 13:00:00,-111.821,2026-09-18 09:00:00,262.98969999999997,,29.30096888888889,16.7728,-3.066,-4.83665,23.624714953013992,-14.227921377701314,-10.394158767353773,56.099432851234646,24,-0.253619700852077,-0.2033332225872487,258.9597,,18,27,40.0,60.0,19.68112444444444,22.182528888888886,21.885400000000004,22.182528888888886,19.199868734462356,40.02989189419073,-21.08647694207867,-26.384096406323437,5.297619464244768,39.7297345034362,-99.4452045034362,0.3761036640429314,466.12691487439486,3,2,0,0.0,2,5,2026-09-15 14:00:00,2026-09-15 14:00:00,116.7551,114.6558,120.9537,114.6558,-2.0992999999999995,-1.0,stop,2026-09-16 11:00:00,2026-09-16 12:00:00,48.5653,73.1074,-0.518899999999995,-0.518899999999995,49.084199999999996,2.0,target
136,data_136.csv,image_136.png,45,0.99,2026-09-14 09:00:00,2026-09-18 17:00:00,100.0,212.7908,112.79079999999999,112.79079999999996,214.2763,2026-09-18 17:00:00,6.25,2026-09-15 17:00:00,208.0263,3328.4207999999994,84.62494222222223,66.7399,2.906865909090909,1.2445000000000013,22.983399829461785,14.248908575386302,1.7038817319240729,59.11499239932202,44,0.24103713790800926,0.4368962249538034,79.99430000000001,-90.31272713564938,23,22,51.11111111111111,48.888888888888886,18.676297777777776,21.03312222222222,21.133399999999995,21.03312222222222,22.101097167213698,64.37117850931344,37.404619700489434,31.144995666633108,6.259624033856326,253.0384761044367,10.482403895563252,0.8340685692264259,184.08869324424953,3,2,0,0.0,1,5,2026-09-15 15:00:00,2026-09-15 17:00:00,46.6858,18.8107,102.436,18.8107,-27.8751,-1.0,stop,2026-09-15 16:00:00,2026-09-15 16:00:00,43.5593,48.0134,34.65110000000001,34.65110000000001,8.908199999999994,2.0,target
137,data_137.csv,image_137.png,45,0.99,2026-09-14 09:00:00,2026-09-18 17:00:00,100.0,158.6639,58.66390000000001,58.66390000000001,179.8927,2026-09-15 12:00:00,9.645,2026-09-16 14:00:00,170.24769999999998,1765.1394504924829,115.40310666666664,118.7889,1.253627272727273,0.7524000000000086,24.536458275640808,8.941511839721528,0.8245603587150208,48.32096713917656,44,0.18504414065156688,0.3249950717756388,166.9437,-93.42126100798042,24,21,53.333333333333336,46.666666666666664,20.536375555555555,22.87051111111111,26.195400000000006,22.87051111111111,24.641547155622213,60.40755858129161,8.740047392878225,2.2963352251466445,6.44371216773158,165.0187862981569,54.990663701843104,0.9422430725145374,100.02126962847622,2,2,0,0.0,2,4,2026-09-17 10:00:00,2026-09-18 12:00:00,94.1791,64.1759,154.18550000000002,154.18550000000002,60.00640000000001,2.0,target,2026-09-16 09:00:00,2026-09-16 11:00:00,117.7494,147.8127,57.62279999999997,57.62279999999997,60.126600000000025,2.0,target
138,data_138.csv,image_138.png,45,0.99,2026-09-14 09:00:00,2026-09-18 17:00:00,100.0,251.383,151.383,151.383,275.7597,2026-09-16 13:00:00,81.0474,2026-09-14 10:00:00,194.71230000000003,240.2449677596074,180.76823777777778,183.524,2.9998500000000003,5.565200000000004,23.28328552879901,2.8223656473715963,2.6554391367508923,15.06470573446844,44,0.18734953719765995,0.20899344259136232,108.05179999999999,-52.221413547738884,25,20,55.55555555555556,44.44444444444444,20.217435555555554,22.668908888888893,20.924800000000005,22.668908888888893,21.522113287737582,56.94684833121105,7.166368881711264,5.4186836964363625,1.7476851852749018,250.8881692765512,154.7626807234488,1.0051477576956653,47.393214412395494,2,1,0,0.0,2,3,2026-09-15 15:00:00,2026-09-15 15:00:00,133.523,132.8534,134.8622,134.8622,1.3392000000000053,2.0,target,2026-09-17 10:00:00,2026-09-17 10:00:00,194.3212,200.2263,182.511,200.2263,-5.9051000000000045,-1.0,stop
139,data_139.csv,image_139.png,45,0.99,2026-09-14 09:00:00,2026-09-18 17:00:00,100.0,53.808,-46.192,-46.192,155.5069,2026-09-16 09:00:00,-15.1109,2026-09-15 11:00:00,170.6178,,68.75199777777777,57.6836,-1.8248749999999994,-1.7224000000000004,21.781189263472758,-6.397492377402609,-3.031590910961074,71.6387656762896,42,-0.08930210224881079,-0.08617907684175453,159.6931,,23,22,51.11111111111111,48.888888888888886,18.846724444444437,21.57912888888889,20.016300000000005,21.57912888888889,19.98646750496183,47.60564661859319,-16.070006832886826,-15.477440513435393,-0.5925663194514321,104.98201228649374,-7.7050722864937455,0.5458750886988446,231.68303726039795,2,2,0,0.0,1,4,2026-09-15 15:00:00,2026-09-17 09:00:00,93.0276,61.0528,156.97720000000004,61.0528,-31.97480000000001,-1.0,stop,2026-09-17 09:00:00,2026-09-17 11:00:00,82.9562,109.7615,29.34559999999999,29.34559999999999,53.610600000000005,2.0,target
140,data_140.csv,image_140.png,45,0.99,2026-09-14 09:00:00,2026-09-18 17:00:00,100.0,160.6522,60.65219999999999,60.6522,222.0098,2026-09-17 17:00:00,10.839,2026-09-15 12:00:00,211.1708,1948.2498385459915,136.47929555555558,153.0065,1.8484022727272724,0.9591000000000136,23.17309200571524,10.336717101321899,0.647085739868547,53.99697039625765,44,0.19143142708684824,0.40664695613246704,115.17320000000001,-89.86161056681384,23,22,51.11111111111111,48.888888888888886,20.066075555555557,22.379366666666666,20.9987,22.379366666666666,22.02109502584183,52.278565829322446,10.474951262475827,16.864306612007802,-6.389355349531975,221.7639771441596,149.1680228558404,0.15819307366013108,39.14245968981873,1,1,0,0.0,1,2,2026-09-16 11:00:00,2026-09-16 14:00:00,96.2641,57.2244,174.3435,174.3435,78.0794,2.0000000000000004,target,2026-09-18 13:00:00,2026-09-18 13:00:00,153.0065,174.7182,109.58309999999997,174.7182,-21.711700000000008,-1.0,stop
141,data_141.csv,image_141.png,45,0.99,2026-09-14 09:00:00,2026-09-18 17:00:00,100.0,-16.0855,-116.0855,-116.0855,144.2822,2026-09-14 15:00:00,-74.9993,2026-09-16 15:00:00,219.2815,,18.225686666666668,1.6586,-3.3378363636363635,-9.859850000000002,26.80827590134869,-0.03757807054117043,-25.60812039550131,422.8548802347948,23,-8.886753422428234e-05,-0.00010052497086549611,215.3757,,19,26,42.22222222222222,57.77777777777777,24.725922222222227,27.027482222222222,28.7474,27.027482222222222,26.710582573688722,43.906872581321785,-8.131789762579647,-8.34911145246067,0.21732168988102352,71.81131184549184,-66.62001184549183,0.36505113509062875,5333.204541867496,1,1,0,0.0,2,2,2026-09-17 10:00:00,2026-09-17 12:00:00,-18.2673,-52.4666,50.1313,50.1313,68.3986,2.0,target,2026-09-18 11:00:00,2026-09-18 11:00:00,-20.3796,-18.1073,-24.924200000000003,-24.924200000000003,4.544600000000003,2.0,target
142,data_142.csv,image_142.png,45,0.99,2026-09-14 09:00:00,2026-09-18 17:00:00,100.0,19.7851,-80.2149,-80.2149,101.2519,2026-09-14 09:00:00,-23.2514,2026-09-15 14:00:00,124.50330000000001,,29.85885777777778,32.0866,-0.9571454545454546,2.64515,22.49275211976386,24.912358354103866,4.467484580953562,206.2358280574451,37,0.1207954921739629,0.15663340298783887,118.3955,,25,20,55.55555555555556,44.44444444444444,19.311135555555555,21.662568888888888,21.569900000000004,21.662568888888888,21.206401895532142,50.57461800129131,-6.34904504724331,-7.677839128765465,1.3287940815221546,67.50778248425149,-30.4661024842515,0.5129040509152663,528.9926643095184,2,1,0,0.0,0,3,2026-09-16 12:00:00,2026-09-16 12:00:00,3.8503,2.43,6.690899999999999,2.43,-1.4202999999999997,-1.0,stop,2026-09-17 15:00:00,2026-09-17 15:00:00,-20.0203,6.3544,-72.7697,6.3544,-26.374699999999997,-1.0,stop
143,data_143.csv,image_143.png,45,0.99,2026-09-14 09:00:00,2026-09-18 17:00:00,100.0,-97.6215,-197.6215,-197.62149999999997,130.4087,2026-09-15 12:00:00,-99.1171,2026-09-18 17:00:00,229.5258,,51.95380666666666,60.8164,-4.820020454545454,-8.310699999999997,18.053521487453466,-11.4297053573289,-6.587930693941068,79.95118433543115,39,-0.14295854967421304,-0.11199929616625202,226.7943,,20,25,44.44444444444444,55.55555555555556,16.119397777777777,18.662735555555553,18.393,18.662735555555553,21.854828710283105,25.27588920271826,-34.809697133873996,-22.044984641089265,-12.764712492784732,121.13784915091377,-87.47774915091377,-0.048624124617997797,1239.542356094174,1,2,0,0.0,1,3,2026-09-17 15:00:00,2026-09-17 15:00:00,39.2539,38.7253,40.31110000000001,38.7253,-0.5286000000000044,-1.0,stop,2026-09-18 13:00:00,2026-09-18 17:00:00,-22.3429,8.8291,-84.68690000000001,-84.68690000000001,62.34400000000001,2.0000000000000004,target
144,data_144.csv,image_144.png,45,0.99,2026-09-14 09:00:00,2026-09-18 17:00:00,100.0,154.4883,54.48830000000001,54.4883,184.5287,2026-09-17 17:00:00,21.8254,2026-09-16 10:00:00,162.70329999999998,745.4768297488247,132.76981111111112,138.9056,0.9863340909090913,3.6712500000000006,23.011252670044378,3.6986270360521156,2.6327420419987813,24.7820349486887,44,0.1492463005443313,0.17363412760137298,144.3896,-85.68083489051467,26,19,57.77777777777777,42.22222222222222,19.372686666666663,21.771337777777777,23.1194,21.771337777777777,18.766093778165406,55.74924696098173,0.5165595709258923,2.6382452965193806,-2.1216857255934882,193.42077175763293,98.6816982423671,0.5890558107330497,64.8670129460157,2,3,0,0.0,2,5,2026-09-16 17:00:00,2026-09-17 09:00:00,134.9191,117.7199,169.31749999999997,169.31749999999997,34.39839999999998,2.0,target,2026-09-18 12:00:00,2026-09-18 12:00:00,138.9056,140.0568,136.60319999999996,136.60319999999996,2.302400000000034,2.0,target
145,data_145.csv,image_145.png,45,0.99,2026-09-14 09:00:00,2026-09-18 17:00:00,100.0,-73.3096,-173.3096,-173.30960000000002,128.0022,2026-09-15 13:00:00,-109.5796,2026-09-18 16:00:00,237.5818,,28.416013333333336,37.8237,-4.453477272727272,-4.803200000000004,21.774968439118066,-7.931955424349954,-6.641022289660848,42.78289400415727,29,-0.18540016071795412,-0.17118059042898617,233.8878,,18,27,40.0,60.0,18.538199999999996,20.894626666666667,18.742199999999997,20.894626666666667,22.33546615244437,38.046220030967284,-32.80513022440081,-31.10190302952493,-1.7032271948758826,50.32034133074393,-112.18947133074394,0.23924629961719118,525.3340807006268,3,3,0,0.0,2,6,2026-09-15 14:00:00,2026-09-15 14:00:00,88.1309,87.8283,88.7361,87.8283,-0.3025999999999982,-1.0,stop,2026-09-17 11:00:00,2026-09-17 13:00:00,11.192,38.3483,-43.1206,-43.1206,54.3126,2.0,target
146,data_146.csv,image_146.png,45,0.99,2026-09-14 09:00:00,2026-09-18 17:00:00,100.0,-1.969,-101.969,-101.969,153.4386,2026-09-15 14:00:00,-24.5934,2026-09-17 14:00:00,178.032,,56.26649555555555,48.6551,-1.7076181818181815,-2.770399999999995,23.10406789951162,14.688423121514473,-7.844684167206628,255.21099267024292,39,0.05755403780938749,0.1419740902161026,174.0345,,19,26,42.22222222222222,57.77777777777777,19.848644444444442,22.46011555555556,20.9872,22.46011555555556,22.930494287390374,41.486835176308965,-15.806890445818714,-15.71330744077402,-0.09358300504469419,68.70961586806673,-31.59923586806674,0.295390041409409,540.5972762129273,1,2,0,0.0,0,2,2026-09-18 13:00:00,2026-09-18 14:00:00,51.7943,32.3874,90.60810000000001,32.3874,-19.4069,-1.0,stop,2026-09-16 09:00:00,2026-09-16 09:00:00,83.0331,83.1887,82.72190000000002,83.1887,-0.15559999999999263,-1.0,stop
147,data_147.csv,image_147.png,45,0.99,2026-09-14 09:00:00,2026-09-18 17:00:00,100.0,211.1082,111.10820000000001,111.10820000000001,300.0129,2026-09-17 09:00:00,97.6048,2026-09-14 09:00:00,202.4081,207.37514958280738,221.03653333333335,228.1198,2.5302590909090914,9.562499999999986,23.429982627844137,2.289556266665768,4.050978794897708,10.90646193859044,44,0.20992658110001822,0.2530142502403714,104.3485,-35.023197538036875,23,22,51.11111111111111,48.888888888888886,20.622231111111113,23.22012,24.27369999999999,23.22012,26.12987354907796,48.990695952011635,2.6764161546990977,7.996531813064319,-5.320115658365221,298.0341160125316,187.80650398746843,0.21139617909198027,45.37603793814654,1,1,0,0.0,0,2,2026-09-18 15:00:00,2026-09-18 15:00:00,233.7313,232.7276,235.73870000000002,232.7276,-1.0037000000000091,-1.0,stop,2026-09-17 17:00:00,2026-09-17 17:00:00,203.389,225.7256,158.71580000000006,225.7256,-22.336599999999976,-1.0,stop
148,data_148.csv,image_148.png,45,0.99,2026-09-14 09:00:00,2026-09-18 17:00:00,100.0,200.8482,100.84819999999999,100.84819999999999,203.2236,2026-09-18 17:00:00,19.8278,2026-09-15 15:00:00,183.3958,924.9427571389666,90.57022666666666,88.4664,2.424090909090909,4.741600000000002,23.286869514922603,7.967425649247008,5.771488895987575,36.90402482200887,44,0.21589584571532655,0.28937402015688185,130.5661,-85.69595503272846,23,22,51.11111111111111,48.888888888888886,19.666204444444443,21.94927777777778,20.168400000000005,21.94927777777778,22.090800921973972,68.95041437556453,25.62149447704354,13.157115906862096,12.464378570181445,206.45560710092258,0.037572899077403576,0.9728347035054148,199.92721716217955,2,1,0,0.0,1,3,2026-09-18 12:00:00,2026-09-18 17:00:00,136.5962,100.9463,207.89600000000004,200.8482,64.25199999999998,1.8023051958069995,time_exit,2026-09-17 14:00:00,2026-09-18 09:00:00,29.7473,59.0226,-28.803299999999997,59.0226,-29.275299999999998,-1.0,stop
149,data_149.csv,image_149.png,45,0.99,2026-09-14 09:00:00,2026-09-18 17:00:00,100.0,-201.1485,-301.1485,-301.1485,107.0793,2026-09-14 13:00:00,-220.5743,2026-09-18 15:00:00,327.6536,,-38.57065111111111,-18.607,-6.658640909090909,-7.235699999999998,19.821793031834737,-60.529113539437716,-15.044423948456275,197.70989730979719,19,-0.3061511556226897,-0.23933508761158603,324.01779999999997,,16,29,35.55555555555556,64.44444444444444,17.384904444444444,19.812355555555552,18.6828,19.812355555555552,21.326824076268608,29.720015991773394,-47.691936559441785,-44.14198702028704,-3.5499495391547455,-45.465762269525186,-225.05547773047485,0.13311997109140258,132.77309793563688,1,1,0,0.0,1,2,2026-09-18 11:00:00,2026-09-18 11:00:00,-100.8482,-108.4754,-85.59380000000003,-108.4754,-7.627199999999988,-1.0,stop,2026-09-18 15:00:00,2026-09-18 17:00:00,-200.6258,-163.5409,-274.79560000000004,-201.1485,0.5227000000000146,0.014094685438008854,time_exit
150,data_150.csv,image_150.png,45,0.99,2026-09-14 09:00:00,2026-09-18 17:00:00,100.0,153.8102,53.81020000000001,53.81020000000001,161.7923,2026-09-18 13:00:00,4.8155,2026-09-16 09:00:00,156.97680000000003,3259.823486657668,81.27961777777776,77.4322,1.6926704545454543,-2.109699999999993,23.64893032845819,17.035809695887316,-2.6427576533818664,90.54488459018907,44,0.18814767695593507,0.562670292779988,95.4016,-93.28168052831354,21,24,46.666666666666664,53.333333333333336,20.90132444444444,23.24193555555556,23.854,23.24193555555556,22.933176474755406,60.36808895375972,21.875016503470434,17.058993273704385,4.816023229766049,176.78546607360778,37.45263392639218,0.8351051527515592,130.07287886441821,2,1,0,0.0,1,3,2026-09-16 17:00:00,2026-09-17 17:00:00,68.4327,43.9282,117.4417,117.4417,49.009,2.0,target,2026-09-16 09:00:00,2026-09-16 14:00:00,15.5021,53.9534,-61.40050000000001,53.9534,-38.4513,-1.0,stop
151,data_151.csv,image_151.png,45,0.99,2026-09-14 09:00:00,2026-09-18 17:00:00,100.0,190.5313,90.53129999999999,90.53129999999999,203.8611,2026-09-14 16:00:00,75.8794,2026-09-16 16:00:00,127.98169999999999,168.66461780140588,135.4928377777778,135.6263,1.3615454545454542,6.1494,22.016087485528484,2.3270357808129907,6.530771721271722,17.12962690237853,44,0.1358485969411202,0.1378890950622526,123.4536,-61.279003680603985,26,19,57.77777777777777,42.22222222222222,19.271544444444444,21.58963111111111,22.567899999999995,21.58963111111111,22.45250979324824,60.84216315569642,12.107673454215416,7.1462105641676645,4.961462890047751,195.0061970361009,84.3410129638991,0.959563641685344,79.2312792901721,2,1,0,0.0,0,3,2026-09-16 14:00:00,2026-09-16 14:00:00,123.8987,122.0945,127.50710000000002,122.0945,-1.8042000000000087,-1.0,stop,2026-09-16 17:00:00,2026-09-16 17:00:00,85.2838,86.7365,82.37839999999998,86.7365,-1.4527000000000072,-1.0,stop
152,data_152.csv,image_152.png,45,0.99,2026-09-14 09:00:00,2026-09-18 17:00:00,100.0,-39.1469,-139.14690000000002,-139.14690000000002,110.4666,2026-09-14 09:00:00,-115.9555,2026-09-17 16:00:00,226.4221,,-6.104988888888889,-10.9512,-3.34528409090909,-8.859649999999998,22.522028444344894,-30.667742229350775,-17.481489796914857,101.35302657352234,18,-0.3025833886381689,-0.2771055820755084,221.9698,,18,27,40.0,60.0,19.831433333333337,22.42673111111111,23.8516,22.42673111111111,21.695665153442878,45.790952080265406,-9.406006078754622,-20.164929278113924,10.758923199359302,14.336601783883623,-126.33713178388362,0.619804632837737,251.20190693341763,2,1,0,0.0,1,3,2026-09-18 13:00:00,2026-09-18 17:00:00,-36.6069,-71.5374,33.2541,-39.1469,-2.539999999999999,-0.07271582141681336,time_exit,2026-09-16 12:00:00,2026-09-16 15:00:00,29.1228,62.9792,-38.58999999999999,-38.58999999999999,67.71279999999999,2.0,target
153,data_153.csv,image_153.png,45,0.99,2026-09-14 09:00:00,2026-09-18 17:00:00,100.0,176.546,76.54599999999999,76.546,178.5929,2026-09-18 17:00:00,-119.2024,2026-09-16 17:00:00,297.7953,,5.095526666666665,-7.3815,2.615609090909091,9.861399999999996,24.336239453183932,0.10136967589010028,7.789599267077896,66.76563377415027,17,0.0015182912249886809,0.0013874370045637017,178.661,,26,19,57.77777777777777,42.22222222222222,22.42436,24.73662444444444,26.3121,24.73662444444444,23.959594900864406,68.52999443376407,46.1912281698779,31.639302903346803,14.5519252665311,222.12775518133753,-133.94599518133754,0.8719878813450563,807.590482119375,2,1,0,0.0,3,3,2026-09-15 15:00:00,2026-09-15 15:00:00,-44.8737,-46.7971,-41.0269,-41.0269,3.8468000000000018,2.0,target,2026-09-16 14:00:00,2026-09-16 15:00:00,-25.8274,-8.1974,-61.0874,-61.0874,35.260000000000005,2.0,target
154,data_154.csv,image_154.png,45,0.99,2026-09-14 09:00:00,2026-09-18 17:00:00,100.0,-223.4805,-323.4805,-323.4805,103.7464,2026-09-14 13:00:00,-223.802,2026-09-18 17:00:00,327.5484,,-41.94419111111112,-42.4228,-7.004284090909089,-5.556300000000007,21.018287851949676,-24.502664004775674,-28.213627992633516,74.30592907053212,15,-0.3297538206072013,-0.26166507808262907,324.9404,,19,26,42.22222222222222,57.77777777777777,18.98846,21.4822,21.3792,21.4822,21.378981767996915,23.722795503041553,-47.425841513365015,-41.397965845588814,-6.0278756677762,-15.609131749035754,-220.31883825096426,-0.01544461082506588,173.53576729535587,0,0,0,0.0,0,0,,,,,,,,,no valid trade,,,,,,,,,no valid trade
155,data_155.csv,image_155.png,45,0.99,2026-09-14 09:00:00,2026-09-18 17:00:00,100.0,184.2254,84.22540000000001,84.22540000000001,201.6277,2026-09-18 16:00:00,-12.1838,2026-09-16 15:00:00,213.8115,,78.02241333333333,70.5027,1.7412022727272733,6.596350000000001,22.335993774971733,43.3492072855465,8.094257598215249,169.72697927484884,43,0.2554055193272991,0.7852352134888427,118.3073,,27,18,60.0,40.0,19.534271111111114,22.00543111111111,21.259899999999995,22.00543111111111,22.512785184015414,59.76382741259022,30.34258826833249,23.2820388032671,7.060549465065392,222.33401591224964,17.170634087750372,0.8142523506224495,171.32308857009602,2,1,0,0.0,2,3,2026-09-17 12:00:00,2026-09-17 16:00:00,91.5073,69.4371,135.6477,135.6477,44.140399999999985,1.9999999999999993,target,2026-09-16 13:00:00,2026-09-16 13:00:00,40.4159,52.4511,16.34550000000001,16.34550000000001,24.070399999999992,2.0,target
156,data_156.csv,image_156.png,45,0.99,2026-09-14 09:00:00,2026-09-18 17:00:00,100.0,-102.2376,-202.2376,-202.2376,102.3026,2026-09-14 09:00:00,-146.7978,2026-09-16 14:00:00,249.10039999999998,,-57.48608,-75.3416,-4.608802272727272,-10.607899999999994,22.496910248985856,-31.924243451819027,-33.64631926671418,60.03539629311273,8,-0.5317570204076655,-0.457773093822291,245.6405,,18,27,40.0,60.0,19.483240000000002,22.002091111111106,21.977000000000004,22.002091111111106,20.326599525423312,42.49646873080801,-17.010526364741196,-21.003682194290995,3.9931558295497993,-22.58929823339517,-152.91204176660483,0.38883805230582524,148.51481308713616,2,1,0,0.0,0,2,2026-09-17 11:00:00,2026-09-17 11:00:00,-33.161,-40.8671,-17.748800000000003,-40.8671,-7.706099999999999,-1.0,stop,2026-09-18 09:00:00,2026-09-18 09:00:00,-121.7009,-94.1551,-176.79250000000002,-94.1551,-27.5458,-1.0,stop
157,data_157.csv,image_157.png,45,0.99,2026-09-14 09:00:00,2026-09-18 17:00:00,100.0,-169.7181,-269.7181,-269.71809999999994,135.4399,2026-09-14 12:00:00,-190.7428,2026-09-18 14:00:00,326.18269999999995,,17.843051111111116,78.1428,-6.512995454545453,-10.46554999999999,23.335829935001836,-11.61723283901364,-3.1456986340018256,44.76092908596583,27,-0.2595395823152398,-0.20635830822908724,323.8034,,19,26,42.22222222222222,57.77777777777777,21.178775555555553,23.96362444444444,25.14529999999999,23.96362444444444,22.41031811180361,27.57148665543481,-64.631994147597,-60.856233513684515,-3.7757606339124834,49.789459528837554,-237.83105952883756,0.2368153696126917,305.9115845192501,0,1,0,0.0,0,1,,,,,,,,,no valid trade,2026-09-16 10:00:00,2026-09-16 10:00:00,102.5325,103.5375,100.52250000000001,103.5375,-1.0049999999999955,-1.0,stop
158,data_158.csv,image_158.png,45,0.99,2026-09-14 09:00:00,2026-09-18 17:00:00,100.0,14.5719,-85.4281,-85.4281,205.5222,2026-09-15 09:00:00,12.1887,2026-09-18 17:00:00,193.3335,1586.1699771099459,123.21139555555554,127.1392,-2.616779545454545,1.9307000000000016,24.315881427018596,-1.936352160185286,1.2929160558373343,23.4203786210365,44,-0.08267808951841744,-0.07616492092212206,189.217,-92.84951241210881,24,21,53.333333333333336,46.666666666666664,21.236273333333337,23.833337777777782,24.929299999999998,23.833337777777782,24.01379353149395,35.8443676916053,-23.553761594173878,-18.229545013091293,-5.3242165810825846,149.04770907874035,21.63544092125965,-0.05543846776614292,149.29683235571957,0,1,0,0.0,0,1,,,,,,,,,no valid trade,2026-09-15 14:00:00,2026-09-15 14:00:00,127.2843,162.2477,57.35749999999999,162.2477,-34.96340000000001,-1.0,stop
159,data_159.csv,image_159.png,45,0.99,2026-09-14 09:00:00,2026-09-18 17:00:00,100.0,102.0574,2.0574000000000012,2.057400000000009,245.4543,2026-09-14 17:00:00,83.0494,2026-09-17 09:00:00,162.4049,195.55216533773873,147.36182444444447,140.4599,-0.6971295454545458,-0.621450000000003,22.955182991014624,0.8825654417270734,-0.3601659018697301,17.779178924184766,44,0.049640393715062514,0.05940004118959745,157.9724,-64.96903355661088,22,23,48.888888888888886,51.11111111111111,19.37007111111111,21.72083333333333,23.395500000000013,21.72083333333333,22.41385116757488,40.292296206454374,-0.5449050744812212,-0.32815294129292216,-0.216752133188299,179.9118464536734,79.02856354632658,0.22827207630449095,77.92007659781402,2,2,0,0.0,2,4,2026-09-18 10:00:00,2026-09-18 10:00:00,121.888,119.8684,125.92720000000003,125.92720000000003,4.039200000000022,2.0,target,2026-09-15 15:00:00,2026-09-15 17:00:00,168.5044,182.671,140.17120000000003,140.17120000000003,28.333199999999977,2.0,target
160,data_160.csv,image_160.png,45,0.99,2026-09-14 09:00:00,2026-09-18 17:00:00,100.0,157.7368,57.73679999999999,57.73679999999999,237.9191,2026-09-17 14:00:00,-15.8984,2026-09-15 12:00:00,253.8175,,128.06411999999997,146.7411,0.829131818181818,2.5065000000000017,21.780177512589155,-1.5427884453368281,1.3668381204204494,55.27965681346628,42,-0.027908792027106083,-0.023138586965941156,168.0767,,23,22,51.11111111111111,48.888888888888886,19.134613333333334,21.595724444444446,21.572699999999998,21.595724444444446,19.25599115198059,51.111168371250415,11.174371259157738,16.208558236931133,-5.034186977773395,229.22917701085314,124.25277298914685,0.31896717479415226,59.395623466322,1,1,0,0.0,1,2,2026-09-16 10:00:00,2026-09-16 16:00:00,100.1899,71.3286,157.9125,157.9125,57.7226,2.0,target,2026-09-18 11:00:00,2026-09-18 13:00:00,152.087,160.2418,135.77739999999994,160.2418,-8.154800000000023,-1.0,stop
161,data_161.csv,image_161.png,45,0.99,2026-09-14 09:00:00,2026-09-18 17:00:00,100.0,242.9151,142.9151,142.9151,301.4572,2026-09-18 09:00:00,-6.898,2026-09-14 17:00:00,308.3552,,156.4154222222222,167.684,3.789422727272728,7.480350000000001,21.462671692486737,-1.0718739877917014,2.8451677107976137,40.61182786443067,42,-0.026393148108718546,-0.02340008566402249,90.357,,25,20,55.55555555555556,44.44444444444444,19.117744444444448,21.786424444444446,20.0467,21.786424444444446,23.426559375415046,52.1210984738603,22.065072268723412,31.5794497559836,-9.514377487260187,310.2776053705477,167.23971462945235,0.529058314398129,59.908985391815875,1,1,0,0.0,2,2,2026-09-15 13:00:00,2026-09-15 13:00:00,60.731,49.987,82.219,82.219,21.487999999999992,1.9999999999999993,target,2026-09-18 14:00:00,2026-09-18 14:00:00,236.2275,238.1816,232.31929999999997,232.31929999999997,3.908200000000022,2.0,target
162,data_162.csv,image_162.png,45,0.99,2026-09-14 09:00:00,2026-09-18 17:00:00,100.0,4.4919,-95.5081,-95.5081,102.0804,2026-09-14 09:00:00,-111.5005,2026-09-17 13:00:00,213.58089999999999,,-8.9291,-30.8641,-2.1059727272727273,-3.4866500000000045,22.086159840206403,-8.999864939979918,-14.485622356278727,46.00953525652767,18,-0.19560869045516058,-0.17755832987078882,206.8188,,21,24,46.666666666666664,53.333333333333336,18.541215555555556,20.773017777777778,19.856300000000005,20.773017777777778,20.329333300341105,54.53555884437823,-4.5309318444276485,-15.876249305653133,11.345317461225484,-2.289545410049513,-113.7585945899505,1.0608370257030262,192.1082908866975,2,1,0,0.0,2,3,2026-09-18 11:00:00,2026-09-18 11:00:00,-57.8613,-73.5741,-26.435699999999997,-26.435699999999997,31.425600000000003,2.0,target,2026-09-16 10:00:00,2026-09-16 12:00:00,-4.2438,21.0148,-54.761,-54.761,50.5172,2.0,target
163,data_163.csv,image_163.png,45,0.99,2026-09-14 09:00:00,2026-09-18 17:00:00,100.0,-39.3151,-139.3151,-139.3151,131.9145,2026-09-16 11:00:00,-70.4067,2026-09-18 16:00:00,202.3212,,46.66405333333334,65.7612,-2.722827272727273,-7.62265,24.87829663960288,-12.513925489101618,-2.7271065862121024,58.40409337797093,32,-0.21426452779800645,-0.16257371306262236,198.11809999999997,,21,24,46.666666666666664,53.333333333333336,22.54632222222222,25.252857777777777,26.549799999999998,25.252857777777777,26.798133103112253,39.53337277377067,-27.273769700626673,-25.478149306682223,-1.79562039394445,100.1862731684426,-98.6287031684426,0.29833569010383665,25528.865648013925,2,3,0,0.0,2,4,2026-09-16 13:00:00,2026-09-16 13:00:00,100.4528,98.9074,103.5436,103.5436,3.0908000000000015,2.0,target,2026-09-17 11:00:00,2026-09-17 12:00:00,56.0188,81.7203,4.615800000000007,4.615800000000007,51.40299999999999,2.0,target
164,data_164.csv,image_164.png,45,0.99,2026-09-14 09:00:00,2026-09-18 17:00:00,100.0,297.1144,197.1144,197.1144,335.4799,2026-09-16 11:00:00,99.1244,2026-09-14 09:00:00,236.3555,238.44330961902418,232.35691555555556,228.6426,4.310390909090909,5.106250000000017,22.545295296552506,2.9079405483250556,1.7757246865885423,10.97484876705881,44,0.2649640655690206,0.3447060935318746,163.7923,-49.163918950760234,25,20,55.55555555555556,44.44444444444444,19.220897777777783,21.64989111111111,22.33789999999999,21.64989111111111,20.38440083051911,65.0464525782399,15.018877919577818,5.342835117223242,9.676042802354576,309.26783755194225,141.86557244805778,0.9273998022404283,74.21408452275104,1,1,0,0.0,1,2,2026-09-18 12:00:00,2026-09-18 12:00:00,202.9884,201.8544,205.25640000000004,201.8544,-1.1340000000000146,-1.0,stop,2026-09-17 09:00:00,2026-09-17 10:00:00,251.6809,269.066,216.91070000000008,216.91070000000008,34.77019999999993,2.0,target
165,data_165.csv,image_165.png,45,0.99,2026-09-14 09:00:00,2026-09-18 17:00:00,100.0,-82.7348,-182.7348,-182.7348,107.6957,2026-09-14 12:00:00,-201.3836,2026-09-17 10:00:00,309.0793,,-53.68674222222223,-63.3746,-3.574986363636364,-8.054599999999997,22.773502137215594,-588.5163173571524,-24.97305710766643,1917.2022696465406,11,-0.30696621148151076,-0.22636577149503193,306.3624,,19,26,42.22222222222222,57.77777777777777,20.04445777777778,22.11735555555556,24.583,22.11735555555556,22.76893540689538,48.23840281691892,-1.2821860476834672,-7.469741303478447,6.18755525579498,-2.312303573743364,-190.46083642625666,0.5725584717192634,195.20202124892845,1,1,0,0.0,2,2,2026-09-17 16:00:00,2026-09-17 16:00:00,-91.0047,-91.6689,-89.67630000000001,-89.67630000000001,1.3283999999999878,2.0,target,2026-09-18 17:00:00,2026-09-18 17:00:00,-73.6825,-37.0092,-147.02910000000003,-82.7348,9.052300000000002,0.24683625416856408,time_exit
166,data_166.csv,image_166.png,45,0.99,2026-09-14 09:00:00,2026-09-18 17:00:00,100.0,143.107,43.107,43.107000000000006,206.5248,2026-09-16 15:00:00,54.5197,2026-09-15 09:00:00,152.0051,278.8076603502954,124.0400622222222,119.0313,0.7391045454545455,3.0610500000000087,24.192166158057216,2.670965968492152,3.1639122895141036,20.808840941185753,44,0.12835726776139947,0.1476101559891255,110.75930000000001,-61.36332430212459,24,21,53.333333333333336,46.666666666666664,21.22378666666667,23.729006666666667,26.433999999999997,23.729006666666667,24.135760035147346,49.38159191463701,7.979928199157001,6.363595011700662,1.6163331874563394,201.2833343609683,82.78552563903169,0.5090513910051861,83.42893249329519,3,2,0,0.0,0,5,2026-09-15 13:00:00,2026-09-15 13:00:00,163.138,135.7394,217.93520000000004,135.7394,-27.398600000000016,-1.0,stop,2026-09-16 09:00:00,2026-09-16 09:00:00,68.481,68.743,67.957,68.743,-0.26200000000000045,-1.0,stop
167,data_167.csv,image_167.png,45,0.99,2026-09-14 09:00:00,2026-09-18 17:00:00,100.0,-69.5595,-169.5595,-169.55949999999999,102.2242,2026-09-14 09:00:00,-103.4577,2026-09-17 17:00:00,205.68189999999998,,-17.17156444444445,-14.9163,-3.3770499999999997,-1.7699000000000034,22.17173804495683,32.28115420656138,-28.670035483425142,258.2790280255753,18,0.12498558033664597,0.3044755335586759,180.5152,,19,26,42.22222222222222,57.77777777777777,18.599135555555556,21.180555555555557,22.103499999999997,21.180555555555557,21.388250065919475,41.5241515123517,-8.421938993821513,-13.754581497253035,5.332642503431522,-3.251937178145994,-105.424622821854,0.3510245678274646,188.0307688129032,2,1,0,0.0,1,3,2026-09-15 14:00:00,2026-09-15 14:00:00,40.5502,40.5011,40.64839999999999,40.5011,-0.0490999999999957,-1.0,stop,2026-09-16 10:00:00,2026-09-16 10:00:00,19.3185,21.3331,15.289299999999997,15.289299999999997,4.029200000000003,2.0,target
168,data_168.csv,image_168.png,45,0.99,2026-09-14 09:00:00,2026-09-18 17:00:00,100.0,23.3733,-76.6267,-76.6267,200.1148,2026-09-14 13:00:00,20.8632,2026-09-18 12:00:00,179.2516,859.1759653360942,89.89351555555555,80.2779,-2.1753181818181817,-4.078199999999999,21.167456967562615,1.1980433025243982,-7.885319027788384,32.46767676024123,44,0.03689956972811432,0.047472601504825504,175.5213,-88.72509174729308,20,25,44.44444444444444,55.55555555555556,18.23854,20.47344888888889,21.090999999999994,20.47344888888889,19.15241968378225,42.47384669086941,-13.294979497890793,-13.662798291473099,0.3678187935823054,103.38499412505188,10.231335874948115,0.1410783470228046,163.97934742321596,2,1,0,0.0,1,2,2026-09-17 13:00:00,2026-09-17 15:00:00,112.8321,80.274,177.9483,80.274,-32.558099999999996,-1.0,stop,2026-09-18 10:00:00,2026-09-18 17:00:00,54.4272,72.0461,19.189400000000006,23.3733,31.0539,1.7625334158205113,time_exit
169,data_169.csv,image_169.png,45,0.99,2026-09-14 09:00:00,2026-09-18 17:00:00,100.0,35.8567,-64.14330000000001,-64.1433,101.7081,2026-09-14 09:00:00,-76.0896,2026-09-17 12:00:00,177.79770000000002,,4.614655555555556,-1.3527,-0.958952272727273,-2.0150499999999996,20.963022646860484,-89.32272387580473,-27.616571813669598,287.82974017703367,21,-0.3103318087313199,-0.24857756946272638,154.0272,,21,24,46.666666666666664,53.333333333333336,17.78433555555555,20.347406666666664,18.7142,20.347406666666664,18.936899126636522,55.36586326272291,5.928416394630277,-0.7603905702359453,6.688806964866222,54.035016022199926,-79.43406602219991,0.863801295822558,1050.9769620863763,2,1,0,0.0,1,3,2026-09-17 17:00:00,2026-09-18 09:00:00,-25.7319,-36.9205,-3.3547000000000047,-3.3547000000000047,22.377199999999995,2.0,target,2026-09-17 09:00:00,2026-09-17 09:00:00,-38.9781,-34.9455,-47.04329999999999,-34.9455,-4.032599999999995,-1.0,stop
170,data_170.csv,image_170.png,45,0.99,2026-09-14 09:00:00,2026-09-18 17:00:00,100.0,190.1025,90.10249999999999,90.10249999999999,255.48,2026-09-18 13:00:00,13.4487,2026-09-14 17:00:00,242.0313,1799.663164469428,149.41257333333334,160.5813,2.237788636363636,2.2346000000000004,21.589114549549937,6.186813721020678,1.981966716459016,32.78320725240516,44,0.1887189887611371,0.27260074704563725,77.121,-84.15666555361317,23,22,51.11111111111111,48.888888888888886,17.80146,20.146279999999994,17.514499999999998,20.146279999999994,19.422266294363784,45.538543389445216,20.343196097941643,26.472341644990372,-6.129145547048729,276.3612697934329,132.34318020656713,0.40105600594427293,70.47542036151833,1,2,0,0.0,0,2,2026-09-17 16:00:00,2026-09-18 17:00:00,212.3126,184.0352,268.8674,190.1025,-22.21010000000001,-0.7854364262626695,time_exit,2026-09-17 12:00:00,2026-09-17 12:00:00,155.7939,156.1395,155.10270000000003,156.1395,-0.34559999999999036,-1.0,stop
171,data_171.csv,image_171.png,45,0.99,2026-09-14 09:00:00,2026-09-18 17:00:00,100.0,204.1969,104.1969,104.1969,323.0586,2026-09-17 12:00:00,28.7698,2026-09-14 12:00:00,294.28880000000004,1022.9087445863372,206.53516444444446,216.5935,2.5111545454545454,6.181700000000006,22.232038421459123,3.5262571150261475,2.4142108958772557,20.006534858178725,44,0.17625526559311214,0.24443035188849427,117.54839999999999,-67.1667052625176,23,22,51.11111111111111,48.888888888888886,19.671460000000003,21.770180000000003,19.694800000000015,21.770180000000003,21.409873309201053,39.81491367171967,7.2734163569468535,20.606730394039484,-13.33331403709263,328.76786018910553,212.2271798108945,-0.06890537951926948,43.083825825172454,0,1,0,0.0,1,1,,,,,,,,,no valid trade,2026-09-18 10:00:00,2026-09-18 17:00:00,280.0059,306.9397,226.13829999999996,226.13829999999996,53.86760000000004,2.0,target
172,data_172.csv,image_172.png,45,0.99,2026-09-14 09:00:00,2026-09-18 17:00:00,100.0,132.1987,32.1987,32.1987,223.7788,2026-09-15 12:00:00,52.4685,2026-09-17 11:00:00,171.31029999999998,326.5012340737776,115.79966888888889,106.9993,0.7099772727272732,1.3627499999999984,21.47958224290463,2.624051083913912,1.804463214309282,21.01313849356499,44,0.12487668535176193,0.15036562668729203,167.515,-75.52194516290317,25,20,55.55555555555556,44.44444444444444,17.57428222222222,19.943155555555556,20.387299999999996,19.943155555555556,18.027075227584618,59.70820128529435,2.145719850816846,-2.730149259100328,4.875869109917174,145.28106681531875,39.681103184681255,0.8761139079452941,114.18547222995652,1,2,0,0.0,1,3,2026-09-18 09:00:00,2026-09-18 09:00:00,144.8561,112.1846,210.1991,112.1846,-32.671499999999995,-1.0,stop,2026-09-15 17:00:00,2026-09-16 17:00:00,105.7272,128.2306,60.72039999999997,60.72039999999997,45.00680000000003,2.0,target
173,data_173.csv,image_173.png,45,0.99,2026-09-14 09:00:00,2026-09-18 17:00:00,100.0,201.4319,101.43190000000001,101.4319,282.9783,2026-09-18 10:00:00,65.733,2026-09-16 09:00:00,217.2453,330.49655424216144,165.52670222222218,161.4637,2.709038636363637,2.632949999999994,23.09295902431529,3.4327593762017057,1.0596968744283952,17.054651726414154,44,0.20127994586280917,0.2503588107611496,111.6458,-62.14192603246307,23,22,51.11111111111111,48.888888888888886,20.313326666666665,22.791679999999996,23.106199999999987,22.791679999999996,24.4229300373304,51.3613346071158,24.927659592588327,32.607726667184,-7.680067074595669,302.1761708165013,162.13019918349866,0.28063428285887,60.32481166821066,1,1,0,0.0,1,2,2026-09-16 16:00:00,2026-09-17 10:00:00,137.2177,104.6594,202.3343,202.3343,65.1166,2.0,target,2026-09-18 15:00:00,2026-09-18 15:00:00,224.0497,246.217,179.71509999999998,246.217,-22.16730000000001,-1.0,stop
174,data_174.csv,image_174.png,45,0.99,2026-09-14 09:00:00,2026-09-18 17:00:00,100.0,172.2569,72.2569,72.2569,354.9682,2026-09-16 11:00:00,70.8775,2026-09-14 09:00:00,284.0907,400.81930090649365,195.22957333333338,201.7005,2.260427272727273,5.776899999999998,26.179042881347378,3.164218465484138,3.93524992675115,15.91820242914711,44,0.19877988608124988,0.23588664280378596,181.2035,-51.26557317311925,25,20,55.55555555555556,44.44444444444444,23.77586,26.246682222222216,27.423199999999994,26.246682222222216,25.92655426495131,45.98627545714457,0.10137680051610687,8.659059636046385,-8.557682835530278,262.8157398963459,162.70222010365407,0.09543845742444279,47.054897420871185,1,2,0,0.0,2,3,2026-09-18 11:00:00,2026-09-18 11:00:00,261.3279,229.7559,324.4719,229.7559,-31.572000000000003,-1.0,stop,2026-09-17 09:00:00,2026-09-17 09:00:00,220.9495,226.7439,209.3607,209.3607,11.588799999999992,2.0,target
175,data_175.csv,image_175.png,45,0.99,2026-09-14 09:00:00,2026-09-18 17:00:00,100.0,57.9806,-42.0194,-42.0194,152.526,2026-09-15 09:00:00,-84.7292,2026-09-18 11:00:00,237.2552,,55.735931111111114,79.9966,-1.2700136363636358,-5.504950000000008,23.421534495313466,-7.900132629406229,-4.859170158537307,53.34161820808496,30,-0.14810448004385457,-0.13078607715870358,233.78680000000003,,19,26,42.22222222222222,57.77777777777777,20.17208,22.60595777777778,23.301600000000008,22.60595777777778,23.119994186899838,54.67910620387108,-15.741967577176412,-29.41934883805061,13.677381260874197,74.81837888085136,-98.10353888085135,0.9026278501950524,1485.2542800796964,3,3,0,0.0,1,6,2026-09-16 14:00:00,2026-09-16 14:00:00,103.3399,102.6241,104.7715,102.6241,-0.7158000000000015,-1.0,stop,2026-09-16 17:00:00,2026-09-17 11:00:00,68.745,104.6204,-3.0057999999999936,-3.0057999999999936,71.7508,2.0,target
176,data_176.csv,image_176.png,45,0.99,2026-09-14 09:00:00,2026-09-18 17:00:00,100.0,305.1264,205.1264,205.1264,347.8027,2026-09-18 15:00:00,98.5162,2026-09-14 09:00:00,249.28650000000002,253.04112420089288,217.07267111111108,207.4295,3.8385113636363637,9.413100000000014,22.18277857910056,2.506277555346459,4.044938678642818,11.482534156678799,44,0.21826867842484807,0.20810097280616333,77.86510000000001,-38.15597971259857,29,16,64.44444444444444,35.55555555555556,19.73589777777778,22.026324444444445,23.545699999999982,22.026324444444445,21.907531245633436,61.10147003360576,35.747554143968046,30.77657134104312,4.970982802924926,372.58583126775767,156.92465873224234,0.6871971413553899,81.45680835728687,3,3,0,0.0,2,6,2026-09-15 15:00:00,2026-09-16 16:00:00,194.3421,166.5143,249.99769999999998,249.99769999999998,55.65559999999999,2.0,target,2026-09-15 13:00:00,2026-09-15 13:00:00,142.1046,142.7859,140.74200000000002,142.7859,-0.6812999999999931,-1.0,stop
177,data_177.csv,image_177.png,45,0.99,2026-09-14 09:00:00,2026-09-18 17:00:00,100.0,247.1562,147.1562,147.1562,280.5457,2026-09-17 16:00:00,97.8374,2026-09-14 09:00:00,182.7083,186.74688820430634,215.44857999999996,214.269,3.1776068181818187,7.229500000000002,24.827309491077898,2.601562048538084,3.87188983357164,11.88171556951969,44,0.21895508551070714,0.2254538640338707,91.94140000000002,-33.74976002208348,28,17,62.22222222222222,37.77777777777778,21.50807555555556,23.994882222222223,23.719499999999996,23.994882222222223,23.6550392348079,55.729182099976775,7.840644108561236,10.338630384526898,-2.497986275965662,286.8634084874301,173.83289151256997,0.6487036461466276,49.0694268544636,2,3,0,0.0,0,5,2026-09-16 13:00:00,2026-09-16 13:00:00,236.4314,234.5371,240.21999999999997,234.5371,-1.894299999999987,-1.0,stop,2026-09-16 10:00:00,2026-09-16 10:00:00,209.3659,211.1753,205.74710000000005,211.1753,-1.8093999999999824,-1.0,stop
178,data_178.csv,image_178.png,45,0.99,2026-09-14 09:00:00,2026-09-18 17:00:00,100.0,49.51,-50.49,-50.49,100.5057,2026-09-14 09:00:00,-86.1772,2026-09-17 11:00:00,186.68290000000002,,1.5753466666666658,6.5827,-0.7213704545454541,0.528100000000002,22.963978546942943,-15.86623166578535,-14.977457403021905,224.9801841528277,26,-0.0705227961543827,-0.07515331389570865,166.2702,,23,22,51.11111111111111,48.888888888888886,18.985951111111113,21.516193333333337,21.2237,21.516193333333337,20.939057538874124,55.31458686820975,9.672114073724849,3.02065001005355,6.651464063671299,84.3145286524111,-90.21104865241111,0.8005763442247645,5919.612832817395,3,2,0,0.0,1,5,2026-09-18 17:00:00,2026-09-18 17:00:00,35.8915,34.8539,37.966699999999996,37.966699999999996,2.0751999999999953,2.0,target,2026-09-16 12:00:00,2026-09-16 13:00:00,-30.2496,-27.3617,-36.025400000000005,-27.3617,-2.887900000000002,-1.0,stop
179,data_179.csv,image_179.png,45,0.99,2026-09-14 09:00:00,2026-09-18 17:00:00,100.0,320.4555,220.45549999999997,220.45549999999997,321.9461,2026-09-18 17:00:00,99.6791,2026-09-14 09:00:00,222.267,222.98255100617882,201.41667999999999,195.0121,4.234274999999999,7.229349999999997,21.760657400595793,2.71556632721078,2.8460031735341063,12.237209222424283,44,0.22191059071169544,0.26006288219688733,99.6112,-46.7812396386039,26,19,57.77777777777777,42.22222222222222,19.368979999999997,21.838046666666667,19.66170000000001,21.838046666666667,21.747902023459158,69.62963807301647,29.319090873568683,25.345183234733184,3.973907638835499,321.95877774109465,176.63741225890539,0.9896554939729153,58.29220856348271,2,1,0,0.0,2,3,2026-09-16 14:00:00,2026-09-17 16:00:00,207.0434,168.6194,283.8914,283.8914,76.84799999999998,2.000000000000001,target,2026-09-18 15:00:00,2026-09-18 15:00:00,251.2929,252.7035,248.47170000000003,252.7035,-1.410599999999988,-1.0,stop
180,data_180.csv,image_180.png,45,0.99,2026-09-14 09:00:00,2026-09-18 17:00:00,100.0,130.733,30.733000000000004,30.73300000000001,151.8599,2026-09-18 16:00:00,61.0106,2026-09-14 10:00:00,90.84930000000001,148.90740297587638,106.68631111111111,106.1485,1.5696500000000002,3.5308000000000064,23.25231861688556,4.073151735223435,3.914248949600152,22.395900089567693,44,0.18187041909160698,0.2131552946070454,77.7244,-52.85346302507066,25,20,55.55555555555556,44.44444444444444,20.118844444444445,22.56806222222222,20.078900000000004,22.56806222222222,22.874171749678112,56.41226198214028,5.6143387277332835,2.2564928060204332,3.3578459217128502,153.06440725761007,63.55200274238994,0.7505216469320409,82.64600499585431,3,3,0,0.0,1,6,2026-09-18 10:00:00,2026-09-18 17:00:00,117.9795,81.8277,190.28310000000002,130.733,12.753500000000003,0.35277634861887924,time_exit,2026-09-15 17:00:00,2026-09-16 16:00:00,88.543,119.0678,27.49340000000001,119.0678,-30.5248,-1.0,stop
181,data_181.csv,image_181.png,45,0.99,2026-09-14 09:00:00,2026-09-18 17:00:00,100.0,-35.9573,-135.9573,-135.9573,189.5327,2026-09-15 12:00:00,-48.3206,2026-09-18 15:00:00,237.8533,,88.85135999999999,105.0867,-3.7930500000000005,-8.457499999999996,22.771174894625617,-10.054484499952657,-7.206482003373349,41.754626966542965,39,-0.24079928933406797,-0.19282781254887915,234.83460000000002,,21,24,46.666666666666664,53.333333333333336,20.604460000000003,23.20580222222222,23.342399999999998,23.20580222222222,22.51500283818317,32.13043185452612,-36.942344349807065,-32.634556347686726,-4.30778800212034,117.86306137330737,-60.82350137330736,0.13916100344136514,626.5355579412418,0,1,0,0.0,1,1,,,,,,,,,no valid trade,2026-09-16 09:00:00,2026-09-17 14:00:00,105.3107,143.5842,28.76369999999997,28.76369999999997,76.54700000000003,2.0,target
182,data_182.csv,image_182.png,45,0.99,2026-09-14 09:00:00,2026-09-18 17:00:00,100.0,-59.0282,-159.0282,-159.0282,100.775,2026-09-14 09:00:00,-131.4592,2026-09-16 12:00:00,232.23420000000002,,-25.72704666666667,-17.2673,-3.089781818181818,-3.07435,19.703451184621898,-117.42608883592078,-51.60223350989131,245.24152716607267,13,-0.4788181275530966,-0.392315634636899,206.6278,,18,27,40.0,60.0,16.54740444444445,18.78226,18.7053,18.78226,18.598916704201613,44.14601838875698,-9.656522902803601,-7.153948822126605,-2.5025740806769967,21.149543421047568,-98.13718342104757,0.32785695824161376,309.8853967782235,1,2,0,0.0,3,3,2026-09-17 10:00:00,2026-09-17 12:00:00,-58.6237,-69.5904,-36.69029999999999,-36.69029999999999,21.933400000000006,2.0,target,2026-09-15 16:00:00,2026-09-15 16:00:00,-9.4716,-6.3528,-15.709200000000001,-15.709200000000001,6.2376000000000005,2.0,target
183,data_183.csv,image_183.png,45,0.99,2026-09-14 09:00:00,2026-09-18 17:00:00,100.0,-297.2106,-397.2106,-397.2106,100.5471,2026-09-14 09:00:00,-297.8883,2026-09-18 17:00:00,398.4354,,-110.95236444444444,-110.0372,-8.284640909090909,-16.88409999999999,23.19562929712083,-115.61998441962973,-65.8699052290645,158.26479319019862,4,-0.7305477237801118,-0.5588380384251852,374.0518,,19,26,42.22222222222222,57.77777777777777,22.068293333333333,24.464691111111115,24.585300000000004,24.464691111111115,24.690892350461993,26.15643742796543,-50.321031452447784,-36.51635725380385,-13.804674198643937,3.46499853182533,-312.0010985318253,0.0468845897213514,204.49217907638726,1,1,0,0.0,2,2,2026-09-17 10:00:00,2026-09-17 12:00:00,-104.4756,-125.1899,-63.04700000000001,-63.04700000000001,41.42859999999999,2.0,target,2026-09-18 10:00:00,2026-09-18 10:00:00,-160.1062,-151.5457,-177.22719999999998,-177.22719999999998,17.12099999999998,2.0,target
184,data_184.csv,image_184.png,45,0.99,2026-09-14 09:00:00,2026-09-18 17:00:00,100.0,-71.2691,-171.26909999999998,-171.2691,100.1171,2026-09-14 09:00:00,-149.8813,2026-09-16 15:00:00,249.9984,,-37.31774222222222,-48.4124,-3.8263590909090897,-4.410099999999993,23.588278539802573,-62.75477286753763,-33.190557441643655,118.45608734988751,9,-0.5297724605927331,-0.47448803218522073,244.7133,,20,25,44.44444444444444,55.55555555555556,20.297153333333334,22.761697777777783,23.7682,22.761697777777783,21.64936046569781,45.8447027035137,-7.575815690339397,-10.361266054099092,2.7854503637596952,-11.954838085233561,-120.65496191476645,0.45433123877774956,163.9398050966563,2,1,0,0.0,0,3,2026-09-17 13:00:00,2026-09-17 13:00:00,-46.52,-49.4138,-40.732400000000005,-49.4138,-2.893799999999999,-1.0,stop,2026-09-18 13:00:00,2026-09-18 13:00:00,-48.0165,-45.813,-52.4235,-45.813,-2.2034999999999982,-1.0,stop
185,data_185.csv,image_185.png,45,0.99,2026-09-14 09:00:00,2026-09-18 17:00:00,100.0,-138.4978,-238.4978,-238.49780000000004,100.8802,2026-09-14 09:00:00,-140.4171,2026-09-18 17:00:00,241.2973,,11.776991111111109,32.6921,-4.72445909090909,-1.7725500000000025,21.335996703685602,-30.482948090730545,-3.478728385100116,209.19670132090187,32,-0.14571428659369995,-0.11202909580359492,214.42720000000003,,19,26,42.22222222222222,57.77777777777777,18.476675555555556,20.78624888888889,20.3067,20.78624888888889,23.494183232492976,28.146531988356983,-36.5856375637308,-27.91843822990273,-8.66719933382807,87.17570385489036,-145.01505385489037,0.028068532611605437,802.8816288902993,2,2,0,0.0,1,4,2026-09-16 10:00:00,2026-09-16 10:00:00,70.5521,59.438,92.78029999999998,59.438,-11.114099999999993,-1.0,stop,2026-09-17 13:00:00,2026-09-17 16:00:00,5.1629,37.1358,-58.782900000000005,-58.782900000000005,63.945800000000006,2.0,target
186,data_186.csv,image_186.png,45,0.99,2026-09-14 09:00:00,2026-09-18 17:00:00,100.0,9.5327,-90.4673,-90.46730000000001,113.7083,2026-09-14 09:00:00,-124.7581,2026-09-18 09:00:00,238.4664,,17.04793777777778,33.8731,-2.35479090909091,-8.94905,23.367381981776244,174.49510234377007,-19.187399453776788,695.2911410960056,29,0.2509669576239802,3.6502409549199104,235.65820000000002,,20,25,44.44444444444444,55.55555555555556,20.265304444444443,22.63965111111111,21.218900000000005,22.63965111111111,23.96309325990411,51.82113229817504,-17.292907966819783,-28.30131240263174,11.008404435811958,50.237529296296835,-126.36579929629684,0.7695126721524099,463.96254267328993,2,1,0,0.0,2,3,2026-09-18 15:00:00,2026-09-18 15:00:00,-50.4632,-52.8649,-45.659800000000004,-45.659800000000004,4.803399999999996,2.0,target,2026-09-15 16:00:00,2026-09-17 12:00:00,44.3935,76.8617,-20.54289999999999,-20.54289999999999,64.93639999999999,2.0,target
187,data_187.csv,image_187.png,45,0.99,2026-09-14 09:00:00,2026-09-18 17:00:00,100.0,15.8441,-84.1559,-84.15589999999999,103.5069,2026-09-14 10:00:00,-20.286,2026-09-17 14:00:00,123.7929,,32.138444444444445,30.1544,-1.9396340909090914,-3.5516999999999985,21.51200557683193,-6.860031648213657,-29.488698751402588,137.89906820540853,38,-0.049746758534983344,-0.061164663006436124,119.4062,,23,22,51.11111111111111,48.888888888888886,18.790535555555554,21.067993333333337,20.5081,21.067993333333337,20.548726760788487,44.050640766023854,-4.863191673212796,-3.789698427051789,-1.0734932461610072,70.60555772778608,-27.032937727786077,0.4391407049824539,448.1644457256514,2,2,0,0.0,1,4,2026-09-18 10:00:00,2026-09-18 10:00:00,43.5046,36.6129,57.288000000000004,57.288000000000004,13.7834,2.0,target,2026-09-18 17:00:00,2026-09-18 17:00:00,-9.6071,23.4484,-75.7181,15.8441,-25.4512,-0.7699535629471645,time_exit
188,data_188.csv,image_188.png,45,0.99,2026-09-14 09:00:00,2026-09-18 17:00:00,100.0,140.7814,40.78139999999999,40.78139999999999,218.3754,2026-09-18 14:00:00,45.7534,2026-09-15 14:00:00,172.622,377.28780811917807,124.3057311111111,125.6103,1.6300545454545448,-0.6227499999999999,24.084962651466515,4.124228586052358,-1.4033202781388698,23.344180501063068,44,0.1766705233394055,0.23559010124924676,105.7073,-68.77781096061717,22,23,48.888888888888886,51.11111111111111,21.10740888888889,23.110348888888893,25.371800000000007,23.110348888888893,22.63521662001739,51.260032323093064,17.40510530631954,20.428173366362895,-3.0230680600433537,223.97995708390323,87.43912291609679,0.39066904350640197,87.68944675310611,2,1,0,0.0,0,3,2026-09-16 12:00:00,2026-09-16 16:00:00,132.963,101.1152,196.65859999999998,101.1152,-31.847799999999992,-1.0,stop,2026-09-17 12:00:00,2026-09-17 12:00:00,133.2241,133.2692,133.13389999999995,133.2692,-0.045100000000019236,-1.0,stop
189,data_189.csv,image_189.png,45,0.99,2026-09-14 09:00:00,2026-09-18 17:00:00,100.0,123.6556,23.655600000000007,23.6556,235.9117,2026-09-16 14:00:00,21.5789,2026-09-14 14:00:00,214.3328,993.25174128431,130.7547133333333,123.2695,0.6998795454545456,0.7661500000000032,24.564280727990496,3.9392078566896456,0.8033684393021212,25.515701462418072,44,0.15438367871217187,0.17780437508558075,166.68970000000002,-74.19904394637571,23,22,51.11111111111111,48.888888888888886,20.697226666666666,22.798522222222225,26.81110000000001,22.798522222222225,19.614028313411033,45.44617672605494,-6.589999826235328,-7.2374344934965835,0.6474346672612556,181.9522355908017,59.027054409198335,0.5257551379592663,102.02136555519219,2,2,0,0.0,1,4,2026-09-18 16:00:00,2026-09-18 17:00:00,130.5556,113.1606,165.3456,123.6556,-6.8999999999999915,-0.3966657085369355,time_exit,2026-09-17 10:00:00,2026-09-18 17:00:00,134.851,173.6059,57.341200000000015,123.6556,11.195399999999992,0.28887701942206,time_exit
190,data_190.csv,image_190.png,45,0.99,2026-09-14 09:00:00,2026-09-18 17:00:00,100.0,28.901,-71.099,-71.099,174.5569,2026-09-17 15:00:00,-46.2459,2026-09-15 14:00:00,220.80280000000002,,74.19064,101.5159,-1.6531386363636367,-0.6488999999999976,23.55008232833302,-23.948844691623698,-8.246826158081333,134.40283477297973,35,-0.17818705038532684,-0.14319922516963587,146.754,,22,23,48.888888888888886,51.11111111111111,20.00017777777778,22.552184444444443,21.59060000000001,22.552184444444443,21.4275791005366,35.83025699569197,-4.2066245479996525,10.095956353091527,-14.30258090109118,190.23053100265926,47.09438899734076,-0.12710548672371474,120.62462046153307,1,1,0,0.0,2,2,2026-09-16 10:00:00,2026-09-16 13:00:00,53.2104,17.7295,124.1722,124.1722,70.96180000000001,2.0000000000000004,target,2026-09-18 12:00:00,2026-09-18 16:00:00,109.3469,129.4532,69.1343,69.1343,40.21260000000001,2.0,target
191,data_191.csv,image_191.png,45,0.99,2026-09-14 09:00:00,2026-09-18 17:00:00,100.0,-143.5229,-243.5229,-243.52289999999996,161.5721,2026-09-14 13:00:00,-145.4561,2026-09-18 17:00:00,307.02819999999997,,7.185726666666669,-10.1058,-6.2397613636363625,-11.021900000000002,22.406975887051136,0.3135755879540487,-11.48825452419917,74.08599835497715,21,0.0042325890845335765,0.005196196542277637,304.3465,,19,26,42.22222222222222,57.77777777777777,20.64806444444444,23.02742,23.6922,23.02742,23.441558290477737,30.68112732681098,-33.75639682649445,-30.552200964162278,-3.204195862332174,-0.2954818468031277,-129.30889815319688,-0.11017460240760002,199.0880498118872,1,1,0,0.0,1,2,2026-09-18 10:00:00,2026-09-18 11:00:00,-19.6798,-58.77,58.500600000000006,-58.77,-39.0902,-1.0,stop,2026-09-18 16:00:00,2026-09-18 17:00:00,-99.2931,-71.0176,-155.84409999999997,-143.5229,44.2298,1.5642446641085042,time_exit
192,data_192.csv,image_192.png,45,0.99,2026-09-14 09:00:00,2026-09-18 17:00:00,100.0,156.6161,56.61609999999999,56.61609999999999,213.5049,2026-09-15 17:00:00,52.8929,2026-09-14 13:00:00,160.612,303.6551219539863,128.9627622222222,129.8367,1.752118181818181,3.079250000000002,22.922277681840054,3.539436055192203,2.328296611376468,20.689242073066282,44,0.17107615845434568,0.2131565232927756,139.9189,-66.22777953435711,23,22,51.11111111111111,48.888888888888886,19.781513333333336,22.324377777777777,22.759199999999993,22.324377777777777,23.884648040971886,57.010963103168784,6.650549359946922,-0.39388644550615526,7.044435805453077,170.68769129685782,59.74589870314219,0.8731623947308119,96.28960134997301,1,1,0,0.0,1,2,2026-09-18 09:00:00,2026-09-18 09:00:00,94.7534,93.4103,97.43959999999998,93.4103,-1.3430999999999926,-1.0,stop,2026-09-16 14:00:00,2026-09-16 14:00:00,158.6287,170.841,134.2041,134.2041,24.424599999999998,2.0,target
193,data_193.csv,image_193.png,45,0.99,2026-09-14 09:00:00,2026-09-18 17:00:00,100.0,-208.9708,-308.9708,-308.9708,153.5643,2026-09-14 16:00:00,-209.8371,2026-09-18 17:00:00,363.40139999999997,,7.645522222222221,8.9963,-7.868704545454546,-11.97215,20.84935408069767,10.260406376352178,-15.167950036282852,101.53395859935999,23,0.10105393818868454,0.21361866329737703,361.19849999999997,,14,31,31.11111111111111,68.88888888888889,19.517715555555554,21.98174444444444,20.5021,21.98174444444444,23.163163286850814,18.80334678656631,-50.295896922193116,-38.11734538921442,-12.178551532978695,42.43112623755887,-176.53192623755888,-0.14814770526697588,326.56487131339674,1,1,0,0.0,0,2,2026-09-17 16:00:00,2026-09-17 17:00:00,-24.6208,-42.9371,12.011800000000004,-42.9371,-18.316300000000002,-1.0,stop,2026-09-18 10:00:00,2026-09-18 10:00:00,-37.9989,-36.9107,-40.1753,-36.9107,-1.0882000000000005,-1.0,stop
194,data_194.csv,image_194.png,45,0.99,2026-09-14 09:00:00,2026-09-18 17:00:00,100.0,292.2078,192.20780000000002,192.20780000000005,328.2601,2026-09-18 15:00:00,73.7842,2026-09-14 10:00:00,254.47590000000002,344.8921313777205,250.73596,261.511,4.931679545454546,2.709949999999992,22.563555051058117,3.7013040806065227,0.9585068889399917,11.17144227996771,44,0.33131837303081163,0.5114302462003303,71.23200000000003,-23.230990046796595,25,20,55.55555555555556,44.44444444444444,19.426724444444453,21.976006666666667,20.051699999999983,21.976006666666667,22.22226595926948,55.529483225579305,19.493920299194485,21.32204347053367,-1.8281231713391861,339.9088573244146,237.41402267558544,0.53460037778636,35.506936655214204,1,1,0,0.0,0,2,2026-09-18 11:00:00,2026-09-18 11:00:00,294.4897,293.0893,297.2905000000001,293.0893,-1.4004000000000474,-1.0,stop,2026-09-17 15:00:00,2026-09-17 15:00:00,235.3929,244.5255,217.1277,244.5255,-9.132599999999996,-1.0,stop
195,data_195.csv,image_195.png,45,0.99,2026-09-14 09:00:00,2026-09-18 17:00:00,100.0,-48.3161,-148.3161,-148.3161,123.2256,2026-09-15 10:00:00,-78.8628,2026-09-18 16:00:00,202.08839999999998,,17.031051111111108,20.6128,-3.241177272727273,-2.441149999999997,22.56082325665613,-6.452686456544554,-6.8911302498130045,77.91190328122732,26,-0.0828202904151016,-0.09469836781173836,198.98669999999998,,19,26,42.22222222222222,57.77777777777777,18.855780000000003,21.525008888888888,19.166199999999996,21.525008888888888,23.576545250675256,43.21911525607323,-23.895910548773546,-23.650245050743465,-0.24566549803008186,40.40070208253903,-92.46981208253902,0.3323063236413953,510.36214817221975,1,2,0,0.0,1,3,2026-09-17 12:00:00,2026-09-17 12:00:00,21.5524,4.7664,55.124399999999994,4.7664,-16.785999999999998,-1.0,stop,2026-09-17 15:00:00,2026-09-17 15:00:00,-21.6465,-19.6669,-25.605700000000002,-25.605700000000002,3.9592000000000027,2.0,target
196,data_196.csv,image_196.png,45,0.99,2026-09-14 09:00:00,2026-09-18 17:00:00,100.0,-5.9354,-105.9354,-105.93539999999999,100.7935,2026-09-14 09:00:00,-102.0996,2026-09-16 16:00:00,202.8931,,-5.791702222222221,-4.4666,-2.270461363636364,-5.4178999999999995,23.79507296736923,-1683.9753461286527,-44.7815700603217,6997.860530882947,20,-0.24064145587025282,-0.21442697762429003,193.6806,,19,26,42.22222222222222,57.77777777777777,20.458146666666668,23.078902222222222,23.399199999999993,23.078902222222222,22.44437950961295,47.228435219917856,3.844578363736293,-1.3976571858793783,5.242235549615671,44.99347414022834,-85.75222414022835,0.6104738067100066,641.5589206266466,2,1,0,0.0,1,3,2026-09-15 17:00:00,2026-09-16 09:00:00,47.7856,30.703,81.95080000000002,30.703,-17.082600000000003,-1.0,stop,2026-09-16 14:00:00,2026-09-16 14:00:00,-16.4672,-4.7719,-39.8578,-39.8578,23.3906,2.0,target
197,data_197.csv,image_197.png,45,0.99,2026-09-14 09:00:00,2026-09-18 17:00:00,100.0,360.9215,260.9215,260.9215,369.6851,2026-09-16 10:00:00,68.9003,2026-09-14 09:00:00,300.78479999999996,436.5507842491251,272.6391400000001,292.4895,6.591570454545454,17.011650000000003,24.708659473379623,4.362539868425725,5.764689973413873,11.501979856875085,44,0.3792859944732125,0.5572357200717359,138.0029,-37.46446380248716,27,18,60.0,40.0,23.24918,25.76086666666668,26.97919999999999,25.76086666666668,26.82216251336283,61.32655123930339,22.1417809599169,16.946572990588898,5.195207969328003,377.69170025159434,212.09103974840565,0.898731078724946,56.15649603553631,1,1,0,0.0,1,2,2026-09-18 13:00:00,2026-09-18 17:00:00,334.7163,296.1119,411.9251,360.9215,26.20519999999999,0.6788138139693919,time_exit,2026-09-17 09:00:00,2026-09-18 12:00:00,297.3369,336.1854,219.6399,336.1854,-38.8485,-1.0,stop
198,data_198.csv,image_198.png,45,0.99,2026-09-14 09:00:00,2026-09-18 17:00:00,100.0,-111.6826,-211.68259999999998,-211.68259999999998,167.113,2026-09-14 13:00:00,-182.6059,2026-09-17 14:00:00,349.71889999999996,,-4.773182222222221,16.5439,-4.495820454545454,-8.66505,21.867472077202848,-9.106666231388802,-4.798288285374797,38.56102384952204,23,-0.23616245945455308,-0.18294574552423543,346.4499,,19,26,42.22222222222222,57.77777777777777,19.01438666666667,21.27424222222222,19.848400000000012,21.27424222222222,21.84821402475319,45.34747957206528,-35.61125129992476,-45.33422085455889,9.722969554634133,-56.199456621912134,-186.14981337808786,0.5730435470662831,107.24221018381918,2,1,0,0.0,1,3,2026-09-16 09:00:00,2026-09-16 09:00:00,95.8571,93.6484,100.27450000000002,93.6484,-2.2087000000000074,-1.0,stop,2026-09-16 12:00:00,2026-09-16 16:00:00,40.2129,72.3076,-23.976499999999994,-23.976499999999994,64.18939999999999,2.0,target
199,data_199.csv,image_199.png,45,0.99,2026-09-14 09:00:00,2026-09-18 17:00:00,100.0,443.5386,343.5386,343.5385999999999,445.6677,2026-09-18 17:00:00,66.0851,2026-09-14 16:00:00,379.5826,574.3845435657963,257.6761644444444,300.6279,7.12308409090909,15.112400000000001,22.459933916705193,3.785537493068425,6.114703289884627,13.910067403977266,44,0.2721437203090789,0.2957946927419636,67.55030000000001,-50.3273685794707,27,18,60.0,40.0,20.776871111111113,23.263522222222225,24.440799999999996,23.263522222222225,23.733851917384786,66.25306316704433,49.020551978646836,49.23755312915943,-0.21700115051259417,443.97364081627563,297.2358191837243,0.997035250956873,39.59415780595983,1,0,0,0.0,0,1,2026-09-15 13:00:00,2026-09-15 13:00:00,155.817,124.8075,217.836,124.8075,-31.009500000000003,-1.0,stop,,,,,,,,,no valid trade
200,data_200.csv,image_200.png,45,0.99,2026-09-14 09:00:00,2026-09-18 17:00:00,100.0,-2.7985,-102.7985,-102.79849999999999,180.4555,2026-09-14 15:00:00,-54.3213,2026-09-18 13:00:00,234.7768,,51.60787555555556,47.2572,-2.1312863636363626,-2.493700000000002,21.344903485850548,-38.61445448854513,-6.997263207996207,210.29160792595155,31,-0.18362337360672118,-0.13748032533908697,230.3366,,21,24,46.666666666666664,53.333333333333336,17.888166666666667,20.49959777777778,18.0633,20.49959777777778,17.44554165192447,50.438270809693556,-26.306304507480164,-30.34797275993648,4.041668252456315,58.76857606648671,-81.72814606648672,0.5617899468984308,1223.8619637299253,0,1,0,0.0,1,1,,,,,,,,,no valid trade,2026-09-15 13:00:00,2026-09-15 13:00:00,128.6836,130.8675,124.31580000000002,124.31580000000002,4.367799999999988,2.0,target
201,data_201.csv,image_201.png,45,0.99,2026-09-14 09:00:00,2026-09-18 17:00:00,100.0,-70.0242,-170.0242,-170.02419999999998,138.1373,2026-09-15 09:00:00,-84.4329,2026-09-18 15:00:00,222.5702,,38.04611333333333,52.2607,-4.680002272727273,-7.029900000000001,22.427309268622924,0.24049721378380795,-5.408346965094046,55.337539410065595,33,0.0043460048341083775,0.005483234763542823,218.39530000000002,,20,25,44.44444444444444,55.55555555555556,19.966151111111113,22.388653333333338,24.409800000000004,22.388653333333338,21.976269850634278,33.83978121910262,-36.968283240194204,-33.09545038231023,-3.872832857883971,98.67930447980113,-117.71967447980113,0.2204052658155333,2273.0543467338316,1,2,0,0.0,0,3,2026-09-16 17:00:00,2026-09-16 17:00:00,100.1089,68.6671,162.9925,68.6671,-31.4418,-1.0,stop,2026-09-16 09:00:00,2026-09-16 16:00:00,59.4174,79.677,18.89819999999999,79.677,-20.259600000000006,-1.0,stop
202,data_202.csv,image_202.png,45,0.99,2026-09-14 09:00:00,2026-09-18 17:00:00,100.0,188.0439,88.04390000000001,88.0439,189.5363,2026-09-18 17:00:00,-42.4191,2026-09-16 11:00:00,231.9554,,49.659284444444445,51.2905,2.3746363636363643,7.7805,22.7095324484869,79.4893166699157,1.5017323939687865,484.2299898233061,36,0.16415612072874933,1.0520643425985223,147.76420000000002,,24,21,53.333333333333336,46.666666666666664,20.01742,22.67893111111111,21.866499999999995,22.67893111111111,23.5642617843473,70.03100306035854,26.8353004553893,8.523070903952444,18.312229551436857,162.16999250089907,-53.487672500899066,1.1199767580664717,396.8587807139158,2,2,0,0.0,1,4,2026-09-16 17:00:00,2026-09-16 17:00:00,20.8022,19.7408,22.924999999999997,19.7408,-1.061399999999999,-1.0,stop,2026-09-15 14:00:00,2026-09-15 17:00:00,50.0375,75.6646,-1.2166999999999817,-1.2166999999999817,51.25419999999998,2.0,target
203,data_203.csv,image_203.png,45,0.99,2026-09-14 09:00:00,2026-09-18 17:00:00,100.0,24.2441,-75.7559,-75.7559,100.8144,2026-09-14 09:00:00,-29.0826,2026-09-14 14:00:00,129.897,,29.32031111111111,29.3626,-1.0723022727272726,1.583050000000004,22.64663422241699,83.78466895032182,-2.137832533668788,287.29149127530536,38,0.2916364441508389,0.9237442354384423,125.0687,,22,23,48.888888888888886,51.11111111111111,19.681900000000002,21.87855777777778,21.2915,21.87855777777778,21.91669849597608,46.62865778298398,-5.267833287632644,-4.797267165328218,-0.47056612230442596,114.18181002805144,-41.63476002805144,0.4227975240651959,429.5600442915401,1,2,0,0.0,3,3,2026-09-17 11:00:00,2026-09-17 12:00:00,66.0229,51.93,94.20870000000002,94.20870000000002,28.185800000000015,2.0,target,2026-09-16 12:00:00,2026-09-16 12:00:00,18.0967,19.0022,16.2857,16.2857,1.811,2.0,target
204,data_204.csv,image_204.png,45,0.99,2026-09-14 09:00:00,2026-09-18 17:00:00,100.0,-158.3981,-258.3981,-258.3981,100.1736,2026-09-14 09:00:00,-158.5184,2026-09-18 17:00:00,258.692,,-31.9002,-22.1464,-5.067952272727273,-8.102849999999993,19.38356396542242,-36.349037232297384,-15.954758882005937,125.01512222586604,17,-0.29075712269932613,-0.24454177689924061,236.89249999999998,,16,29,35.55555555555556,64.44444444444444,17.37154,19.89927111111111,18.455500000000008,19.89927111111111,22.223151342432566,33.54215750142191,-32.03334480364235,-32.87689607465262,0.8435512710102699,-31.267012221368105,-175.2638077786319,0.11712557708914324,139.44339692958542,1,2,0,0.0,1,2,2026-09-18 14:00:00,2026-09-18 14:00:00,-79.9641,-80.6825,-78.5273,-80.6825,-0.7184000000000026,-1.0,stop,2026-09-15 14:00:00,2026-09-15 14:00:00,50.3463,52.3289,46.3811,46.3811,3.965199999999996,2.0,target
205,data_205.csv,image_205.png,45,0.99,2026-09-14 09:00:00,2026-09-18 17:00:00,100.0,-101.4908,-201.49079999999998,-201.4908,130.6567,2026-09-14 11:00:00,-103.5906,2026-09-18 17:00:00,234.2473,,11.791364444444442,5.6215,-4.968797727272728,-5.576800000000009,20.802988853656185,-75.6027633669684,-21.965624896888826,300.4000811402619,25,-0.2516735783825178,-0.2121796655901856,230.12810000000002,,19,26,42.22222222222222,57.77777777777777,18.00152888888889,20.52270222222222,22.592299999999998,20.52270222222222,20.34428497477608,32.824016823589275,-22.751643716026653,-16.776708979424562,-5.974934736602091,41.27468702034594,-97.58378702034594,-0.028136655012564248,493.2008291401989,1,1,0,0.0,1,2,2026-09-17 15:00:00,2026-09-18 09:00:00,14.6458,2.5869,38.7636,2.5869,-12.0589,-1.0,stop,2026-09-18 14:00:00,2026-09-18 17:00:00,-44.4202,-23.4578,-86.345,-86.345,41.9248,1.9999999999999996,target
206,data_206.csv,image_206.png,45,0.99,2026-09-14 09:00:00,2026-09-18 17:00:00,100.0,136.2495,36.24950000000001,36.2495,276.5412,2026-09-16 11:00:00,87.7095,2026-09-14 10:00:00,188.8317,215.29218613719152,185.6932955555556,185.268,1.0755545454545457,1.7110999999999876,22.82598104650839,1.7615948736821259,0.6598336353643597,12.846943544971145,44,0.13712171050768657,0.1608311226756005,139.72629999999998,-50.62991030372952,23,22,51.11111111111111,48.888888888888886,19.37114888888889,21.76426888888889,22.008100000000013,21.76426888888889,21.72391164521233,42.382504568789074,-8.917501103960745,-3.3512349957133543,-5.566266108247391,228.1814751963986,134.04082480360142,0.023461439741312606,51.97948905564189,0,1,0,0.0,0,1,,,,,,,,,no valid trade,2026-09-17 09:00:00,2026-09-17 09:00:00,214.4356,215.4834,212.34,215.4834,-1.0477999999999952,-1.0,stop
207,data_207.csv,image_207.png,45,0.99,2026-09-14 09:00:00,2026-09-18 17:00:00,100.0,162.1543,62.154300000000006,62.15429999999999,242.2462,2026-09-14 17:00:00,52.2184,2026-09-16 15:00:00,190.02779999999998,363.90965636633825,132.80665555555555,124.0984,0.5540204545454549,0.007150000000002876,23.71448830349389,2.5705860417841073,0.11073963745725779,21.470012951558406,44,0.11972913326060759,0.14325319562462405,186.0085,-77.33035389492282,23,22,51.11111111111111,48.888888888888886,21.11656222222222,23.50236222222222,25.272099999999995,23.50236222222222,22.878329767509786,52.11127434852707,14.09594223998485,11.050608303704463,3.0453339362803877,204.57744235636233,75.40702764363765,0.6715722988835215,92.26969961064246,1,1,0,0.0,1,2,2026-09-17 10:00:00,2026-09-17 10:00:00,91.0684,89.8929,93.4194,89.8929,-1.1754999999999995,-1.0,stop,2026-09-15 14:00:00,2026-09-15 17:00:00,110.8185,131.8156,68.82430000000002,68.82430000000002,41.99419999999998,2.0,target
208,data_208.csv,image_208.png,45,0.99,2026-09-14 09:00:00,2026-09-18 17:00:00,100.0,314.5216,214.52159999999998,214.52159999999995,345.0043,2026-09-17 10:00:00,99.3113,2026-09-14 09:00:00,245.69299999999998,247.39682191251146,272.7872444444444,278.8974,3.9944249999999997,2.589499999999987,21.563879461073,2.258637031494493,0.9956547067957566,9.003063489252888,44,0.25087427564969045,0.3457470625893387,106.2937,-31.731309732954603,24,21,53.333333333333336,46.666666666666664,19.00704444444444,21.54402888888889,20.228199999999987,21.54402888888889,18.14555410123174,53.91836940431098,18.22132275462201,17.249909991096064,0.9714127635259437,369.4093297518257,239.2496802481743,0.5783045670364537,42.76931660098202,2,2,0,0.0,1,4,2026-09-16 17:00:00,2026-09-16 17:00:00,305.4712,295.3991,325.6154000000001,325.6154000000001,20.14420000000007,2.0,target,2026-09-16 10:00:00,2026-09-16 11:00:00,229.3128,241.8367,204.26500000000001,241.8367,-12.523899999999998,-1.0,stop
209,data_209.csv,image_209.png,45,0.99,2026-09-14 09:00:00,2026-09-18 17:00:00,100.0,89.672,-10.328000000000003,-10.328000000000003,268.4116,2026-09-15 16:00:00,57.0526,2026-09-18 11:00:00,211.35900000000004,370.4633969354597,141.70545333333334,133.3967,0.49439545454545436,-1.6363999999999947,24.31761956557,2.7728263049849966,-0.7794692955026217,21.512599532033473,44,0.12889313078394368,0.16738856305531905,207.7853,-78.09178726713152,21,24,46.666666666666664,53.333333333333336,21.530648888888887,23.915375555555556,26.116500000000016,23.915375555555556,21.710877593599886,44.43213293845837,-17.110828704030098,-16.820847648135167,-0.2899810558949305,152.51899404518997,45.61642595481005,0.4121095950468048,107.90858907547164,1,2,0,0.0,1,3,2026-09-18 10:00:00,2026-09-18 11:00:00,112.4148,87.6975,161.8494,87.6975,-24.717299999999994,-1.0,stop,2026-09-16 13:00:00,2026-09-17 09:00:00,190.7304,228.1879,115.81539999999998,115.81539999999998,74.91500000000002,2.0,target
210,data_210.csv,image_210.png,45,0.99,2026-09-14 09:00:00,2026-09-18 17:00:00,100.0,311.1939,211.19389999999999,211.1939,357.0233,2026-09-18 15:00:00,98.027,2026-09-14 10:00:00,258.9963,264.2091464596489,222.45248444444445,182.2778,4.833154545454545,7.184750000000022,22.363069967252066,3.424771740357831,3.3523712977068687,12.877168050504096,44,0.2659569034842069,0.347150699039726,82.256,-40.23929504919109,24,21,53.333333333333336,46.666666666666664,19.63034888888889,22.103035555555557,23.258099999999985,22.103035555555557,20.867415806551698,57.509895892484174,36.88370864163335,41.28318388322609,-4.399475241592739,367.3591706002715,251.44856939972846,0.5154431948541357,37.462557013441064,1,1,0,0.0,1,2,2026-09-16 15:00:00,2026-09-16 16:00:00,176.5772,145.275,239.1816,239.1816,62.6044,2.0,target,2026-09-16 09:00:00,2026-09-16 10:00:00,122.1611,145.1992,76.08490000000003,145.1992,-23.038099999999986,-1.0,stop
211,data_211.csv,image_211.png,45,0.99,2026-09-14 09:00:00,2026-09-18 17:00:00,100.0,155.4292,55.42920000000001,55.4292,266.4234,2026-09-16 16:00:00,94.4469,2026-09-14 16:00:00,171.97650000000002,182.08803041709152,154.46565111111113,144.1401,0.6301000000000001,1.8101500000000001,22.42353054579362,1.6748452027911784,1.5794146798029596,16.192295897720026,44,0.1034346959424702,0.11897378524287638,165.6993,-62.76191468206997,25,20,55.55555555555556,44.44444444444444,18.867342222222224,21.360560000000003,22.712399999999988,21.360560000000003,19.837323976838405,54.073095758155134,-7.158507352296141,-7.780477354940014,0.6219700026438728,204.9605772160404,80.55125278395955,0.6018676458364565,87.14827993787918,1,1,0,0.0,0,2,2026-09-18 13:00:00,2026-09-18 14:00:00,149.676,138.5622,171.90359999999998,138.5622,-11.113799999999998,-1.0,stop,2026-09-17 11:00:00,2026-09-18 17:00:00,141.9286,179.8942,65.99739999999994,155.4292,-13.50060000000002,-0.3556008597256467,time_exit
212,data_212.csv,image_212.png,45,0.99,2026-09-14 09:00:00,2026-09-18 17:00:00,100.0,-225.969,-325.969,-325.969,102.1246,2026-09-14 09:00:00,-290.0159,2026-09-17 17:00:00,392.1405,,-129.20898000000003,-136.9485,-6.69025,-12.842100000000006,24.51037195330856,-73.24871912362644,-60.78789655738106,64.16174785569896,3,-1.141625993237657,-0.813379677963348,356.2141,,17,28,37.77777777777778,62.22222222222222,23.26500888888889,25.69087777777778,27.919399999999996,25.69087777777778,24.734622884801816,42.1047611668542,-28.82853992821819,-40.28051087076882,11.45197094255063,-147.4826338929997,-301.9104661070003,0.49176022882820314,68.72728228982625,2,1,0,0.0,2,3,2026-09-15 15:00:00,2026-09-15 15:00:00,-44.7543,-46.6455,-40.971900000000005,-40.971900000000005,3.7823999999999955,2.0,target,2026-09-16 09:00:00,2026-09-16 13:00:00,-78.8626,-52.6331,-131.3216,-131.3216,52.45899999999999,1.9999999999999996,target
213,data_213.csv,image_213.png,45,0.99,2026-09-14 09:00:00,2026-09-18 17:00:00,100.0,247.9952,147.9952,147.99519999999998,260.4696,2026-09-17 11:00:00,98.7587,2026-09-14 09:00:00,161.7109,163.74344741273427,194.88141333333337,199.905,2.807802272727273,7.021499999999996,23.213803119850997,2.2530001372826196,4.811581737162562,11.740660116812379,44,0.19189722850901464,0.20536158381693537,131.2391,-50.73721006833565,26,19,57.77777777777777,42.22222222222222,20.163408888888885,22.75868,20.765199999999993,22.75868,23.871834599838444,59.316584377889704,1.0203526549433093,-2.9107184905386245,3.931071145481934,287.2037341943734,118.8780358056267,0.7670674497733458,82.90236638238977,3,3,0,0.0,2,6,2026-09-18 17:00:00,2026-09-18 17:00:00,213.4364,200.0529,240.2034,240.2034,26.766999999999996,2.0,target,2026-09-17 16:00:00,2026-09-18 09:00:00,222.0632,259.4207,147.34819999999996,147.34819999999996,74.71500000000003,2.0,target
214,data_214.csv,image_214.png,45,0.99,2026-09-14 09:00:00,2026-09-18 17:00:00,100.0,108.9833,8.9833,8.983300000000005,195.6178,2026-09-15 10:00:00,58.5674,2026-09-17 12:00:00,137.0504,234.00458275422844,122.77412,117.4529,-0.596902272727273,-1.9086999999999819,21.54078523933619,1.4771552521106512,-1.1190398944178837,20.512208895946003,44,0.07201346571712194,0.08824692741070732,133.9635,-69.21039389377339,22,23,48.888888888888886,51.11111111111111,18.527931111111105,20.816295555555552,19.29169999999999,20.816295555555552,20.882097407385952,48.080623257922944,-4.041692121241269,-6.61148804526823,2.5697959240269608,151.56238217679117,46.29240782320883,0.5955249116545244,106.41134779055119,1,2,0,0.0,1,3,2026-09-17 15:00:00,2026-09-17 17:00:00,144.1738,104.14,224.2414,104.14,-40.0338,-1.0,stop,2026-09-18 13:00:00,2026-09-18 13:00:00,101.1387,115.3329,72.75030000000001,72.75030000000001,28.38839999999999,2.0,target
215,data_215.csv,image_215.png,45,0.99,2026-09-14 09:00:00,2026-09-18 17:00:00,100.0,40.1854,-59.8146,-59.814600000000006,135.128,2026-09-14 13:00:00,-37.323,2026-09-18 11:00:00,172.451,,52.96092888888889,61.1289,-1.1894772727272724,-0.8231499999999983,20.28028985296812,-66.05655433234551,-5.667130263128383,378.66522679018044,37,-0.17444578920616774,-0.13562290306637365,168.50050000000002,,21,24,46.666666666666664,53.333333333333336,16.890115555555557,19.445471111111107,18.233000000000004,19.445471111111107,20.55034038172863,54.19641001119654,-13.304067058398022,-19.02846118133274,5.724394122934719,87.7562693970586,-52.50208939705861,0.6608339794786345,795.6977515523959,3,2,0,0.0,0,5,2026-09-15 16:00:00,2026-09-15 16:00:00,100.7159,73.9651,154.2175,73.9651,-26.750799999999998,-1.0,stop,2026-09-16 10:00:00,2026-09-16 10:00:00,28.5821,44.6948,-3.6433,44.6948,-16.1127,-1.0,stop
216,data_216.csv,image_216.png,45,0.99,2026-09-14 09:00:00,2026-09-18 17:00:00,100.0,-37.2729,-137.2729,-137.27290000000002,134.0959,2026-09-14 11:00:00,-57.8633,2026-09-18 12:00:00,191.9592,,45.78274888888891,45.8088,-3.7019409090909083,-2.6488500000000017,20.928223465146885,-184.4926402413045,-12.300982885522005,1518.6248905465743,36,-0.12148664320581695,-0.10258154965223383,188.8623,,19,26,42.22222222222222,57.77777777777777,18.076184444444447,20.798613333333332,19.201100000000004,20.798613333333332,23.305687883092265,41.72259779559949,-20.97866789901841,-24.866159730107707,3.887491831089296,67.13551603596329,-71.4730060359633,0.24673884061916634,6391.185781266427,2,2,0,0.0,2,4,2026-09-17 12:00:00,2026-09-17 12:00:00,17.3835,16.6179,18.914700000000007,16.6179,-0.7656000000000027,-1.0,stop,2026-09-15 14:00:00,2026-09-15 16:00:00,91.5535,107.6136,59.43329999999999,59.43329999999999,32.12020000000001,2.0,target
217,data_217.csv,image_217.png,45,0.99,2026-09-14 09:00:00,2026-09-18 17:00:00,100.0,-159.5873,-259.5873,-259.5873,159.2304,2026-09-14 10:00:00,-227.9305,2026-09-18 14:00:00,387.16089999999997,,-31.97696222222222,-15.9153,-6.710640909090909,-5.856849999999998,21.77942274600007,-38.48404823622329,-14.711074154443804,139.94901833634978,21,-0.274986196357103,-0.24045224924219039,383.2884,,20,25,44.44444444444444,55.55555555555556,19.69445111111111,21.989315555555557,22.674599999999998,21.989315555555557,22.695976304490483,43.34827579553794,-55.83642450618963,-59.21398030838697,3.3775558021973424,-0.6350291386212064,-277.0489608613789,0.4249484102675135,199.08524918758016,1,1,0,0.0,1,2,2026-09-16 13:00:00,2026-09-16 13:00:00,39.1027,19.2084,78.8913,19.2084,-19.894299999999998,-1.0,stop,2026-09-16 16:00:00,2026-09-16 16:00:00,-24.1141,-22.9793,-26.383700000000005,-26.383700000000005,2.269600000000004,2.0,target
218,data_218.csv,image_218.png,45,0.99,2026-09-14 09:00:00,2026-09-18 17:00:00,100.0,-59.3743,-159.3743,-159.3743,137.7382,2026-09-14 10:00:00,-59.4703,2026-09-18 17:00:00,197.20850000000002,,40.954413333333335,46.7632,-3.556675,-7.677249999999999,22.67138338797854,6.957385296653626,-18.076795924210643,199.38234263863853,37,0.03489469129803145,0.06239796937951782,194.88670000000002,,20,25,44.44444444444444,55.55555555555556,20.00370888888889,22.436528888888887,23.508599999999994,22.436528888888887,22.350545711358038,38.05991422061689,-16.093945174430004,-7.33758409788978,-8.756361076540223,97.8172624648523,-33.77851246485231,-0.19450311036824972,410.9879562911663,1,1,0,0.0,0,2,2026-09-17 09:00:00,2026-09-17 13:00:00,46.7632,21.7147,96.86019999999999,21.7147,-25.048499999999997,-1.0,stop,2026-09-18 09:00:00,2026-09-18 10:00:00,29.323,38.3633,11.242399999999996,38.3633,-9.040300000000002,-1.0,stop
219,data_219.csv,image_219.png,45,0.99,2026-09-14 09:00:00,2026-09-18 17:00:00,100.0,10.3871,-89.6129,-89.6129,148.2372,2026-09-16 17:00:00,-8.1922,2026-09-18 10:00:00,156.4294,,51.942066666666655,44.1225,-1.782515909090909,-4.421449999999998,23.73283360868752,16.542946164424084,-18.751151758307138,129.68411951185857,41,0.12756339193027688,0.27955583365950243,152.6183,,21,24,46.666666666666664,53.333333333333336,21.230455555555555,23.398317777777777,23.797399999999996,23.398317777777777,21.946565853592606,39.9736991052192,-11.901873342323967,-9.020160621802496,-2.8817127205214703,146.50861381816048,-35.28803381816048,0.25124299271751305,326.91188561742973,2,2,0,0.0,1,4,2026-09-16 12:00:00,2026-09-16 16:00:00,82.4377,60.9479,125.41730000000003,125.41730000000003,42.97960000000002,2.0,target,2026-09-15 16:00:00,2026-09-15 16:00:00,3.734,15.1606,-19.1192,15.1606,-11.4266,-1.0,stop
220,data_220.csv,image_220.png,45,0.99,2026-09-14 09:00:00,2026-09-18 17:00:00,100.0,217.9892,117.98920000000001,117.98920000000001,245.962,2026-09-17 12:00:00,76.241,2026-09-16 12:00:00,169.721,222.6111934523419,157.38999333333334,153.865,2.942375,3.735750000000003,20.88931554506881,3.1456230055694596,3.384975596121975,14.788491967359313,44,0.21270748988553925,0.22845732685533696,87.40300000000002,-52.738825684881306,26,19,57.77777777777777,42.22222222222222,17.53243111111111,20.207057777777777,17.763599999999997,20.207057777777777,19.616504735245016,60.39919197466557,12.426639728552658,14.772493224967736,-2.345853496415078,249.44520914986418,137.70086085013583,0.7185002227988238,57.72722853662358,1,2,0,0.0,2,3,2026-09-17 09:00:00,2026-09-17 09:00:00,137.3455,135.7534,140.52969999999996,140.52969999999996,3.1841999999999757,2.0,target,2026-09-18 12:00:00,2026-09-18 14:00:00,185.2968,199.964,155.96239999999997,155.96239999999997,29.334400000000016,2.0,target
221,data_221.csv,image_221.png,45,0.99,2026-09-14 09:00:00,2026-09-18 17:00:00,100.0,-160.8637,-260.8637,-260.8637,101.7175,2026-09-14 09:00:00,-229.4726,2026-09-17 10:00:00,331.19010000000003,,-98.64116666666666,-110.7944,-5.068147727272727,-4.6972500000000075,21.946630610266418,44.03709997279672,-49.07974275285347,480.9415579205307,7,0.09156434757520636,0.16856797779462396,290.1473,,19,26,42.22222222222222,57.77777777777777,19.325726666666664,21.543813333333336,24.900299999999987,21.543813333333336,22.099054985362475,40.14793993799999,-14.482947466704076,-15.67977786157322,1.1968303948691439,-61.73145755615779,-229.17426244384222,0.40796355800216616,115.11826229314735,1,1,0,0.0,1,2,2026-09-17 15:00:00,2026-09-17 15:00:00,-127.6835,-130.3715,-122.30749999999999,-122.30749999999999,5.376000000000005,2.0,target,2026-09-18 15:00:00,2026-09-18 16:00:00,-175.958,-145.4813,-236.9114,-145.4813,-30.476699999999994,-1.0,stop
222,data_222.csv,image_222.png,45,0.99,2026-09-14 09:00:00,2026-09-18 17:00:00,100.0,237.1949,137.1949,137.1949,242.3602,2026-09-16 14:00:00,60.6207,2026-09-14 13:00:00,181.7395,299.7977588513495,163.58287333333334,171.8791,3.409631818181818,4.479649999999992,22.174461338789623,3.757055642711381,1.9843660670681884,17.54826881339255,44,0.21409836392773157,0.26296973168113125,122.1756,-50.8979745892563,24,21,53.333333333333336,46.666666666666664,19.387824444444444,21.59278666666667,21.9264,21.59278666666667,21.139841923247012,58.380905105818655,11.214985285298098,7.755071780740224,3.459913504557875,259.10033248112495,128.70276751887502,0.8320104176219351,67.24936699178008,1,1,0,0.0,2,2,2026-09-18 17:00:00,2026-09-18 17:00:00,230.4858,218.37,254.71740000000003,237.1949,6.709099999999978,0.5537479984813197,time_exit,2026-09-17 13:00:00,2026-09-17 15:00:00,207.6463,223.1567,176.6255,176.6255,31.02080000000001,2.0,target
223,data_223.csv,image_223.png,45,0.99,2026-09-14 09:00:00,2026-09-18 17:00:00,100.0,-141.4005,-241.4005,-241.4005,167.9007,2026-09-14 14:00:00,-143.4623,2026-09-18 17:00:00,311.363,,35.22819111111111,63.9008,-5.553331818181817,-12.023350000000002,21.420029575238225,578.3912697156286,-12.05697927518114,3420.3837879339153,32,0.16910127797822538,5.426939122564523,308.2052,,16,29,35.55555555555556,64.44444444444444,19.41629111111111,21.714062222222225,21.6473,21.714062222222225,22.5505008046213,32.510443315203005,-49.629249504413934,-42.54528882035103,-7.083960684062902,77.76354507971557,-159.73560507971558,0.07720071868639272,579.4636615437777,1,1,0,0.0,2,2,2026-09-16 11:00:00,2026-09-16 11:00:00,91.8075,89.8187,95.7851,95.7851,3.9775999999999954,2.0,target,2026-09-16 15:00:00,2026-09-17 13:00:00,41.956,65.2747,-4.681399999999982,-4.681399999999982,46.637399999999985,2.0,target
224,data_224.csv,image_224.png,45,0.99,2026-09-14 09:00:00,2026-09-18 17:00:00,100.0,213.7415,113.7415,113.74149999999999,240.0296,2026-09-18 13:00:00,68.0012,2026-09-14 11:00:00,172.02839999999998,252.97847685040847,155.27680222222222,155.6256,1.7595636363636367,2.024499999999989,21.908811847037242,2.5233879123833978,1.088775318315549,17.96088427861053,44,0.14049352321636413,0.16377585611460413,66.2361,-48.58843887978862,26,19,57.77777777777777,42.22222222222222,18.52796666666666,20.941088888888892,21.983000000000004,20.941088888888892,19.68262374420967,53.22241995647973,18.48068260195103,15.422805087577158,3.057877514373873,237.65032489696728,137.85467510303272,0.7604221732476718,53.15276749653643,2,2,0,0.0,1,4,2026-09-18 13:00:00,2026-09-18 13:00:00,200.0678,186.6528,226.8978,226.8978,26.829999999999984,2.0,target,2026-09-16 13:00:00,2026-09-16 13:00:00,110.828,132.6942,67.09560000000002,132.6942,-21.866199999999992,-1.0,stop
225,data_225.csv,image_225.png,45,0.99,2026-09-14 09:00:00,2026-09-18 17:00:00,100.0,77.9737,-22.026300000000006,-22.02630000000001,118.9892,2026-09-16 13:00:00,-7.6737,2026-09-14 15:00:00,126.6629,,50.76923555555556,49.2486,-0.21185454545454538,-1.608000000000001,21.142943728559857,52.16275116354259,-5.291343282800587,229.46811204678195,43,0.22732026118255638,1.0632357731849296,116.67559999999999,,21,24,46.666666666666664,53.333333333333336,17.84764666666667,20.248633333333334,18.7852,20.248633333333334,18.865461587063656,52.67938440296059,0.5021863453788313,-6.519134146563114,7.021320491941945,75.88123841592704,-9.01675841592705,1.0246467721519648,253.94049824915749,2,2,0,0.0,1,4,2026-09-16 12:00:00,2026-09-16 12:00:00,89.8157,83.6678,102.11150000000002,102.11150000000002,12.295800000000014,2.0,target,2026-09-16 09:00:00,2026-09-16 09:00:00,75.5796,76.6885,73.36179999999999,76.6885,-1.1089000000000055,-1.0,stop
226,data_226.csv,image_226.png,45,0.99,2026-09-14 09:00:00,2026-09-18 17:00:00,100.0,-16.6845,-116.6845,-116.68449999999999,179.4114,2026-09-15 14:00:00,-79.0456,2026-09-18 11:00:00,258.457,,66.62114666666669,93.6005,-3.2752818181818184,-6.499500000000012,21.298594211467996,-12.48405625542022,-4.424364569598637,61.67116544406524,32,-0.20242938763242702,-0.1597263879036136,254.23160000000001,,19,26,42.22222222222222,57.77777777777777,19.260046666666668,21.681977777777778,21.850300000000004,21.681977777777778,22.068355847444128,45.64517946473775,-32.58736065901278,-38.22942937008761,5.6420687110748275,86.46834591700608,-101.43903591700607,0.45104420640522747,2510.3369561992426,1,1,0,0.0,0,2,2026-09-18 17:00:00,2026-09-18 17:00:00,-4.729,-27.6358,41.0846,-16.6845,-11.9555,-0.5219192554176053,time_exit,2026-09-16 11:00:00,2026-09-16 11:00:00,104.3366,123.8113,65.3872,123.8113,-19.4747,-1.0,stop
227,data_227.csv,image_227.png,45,0.99,2026-09-14 09:00:00,2026-09-18 17:00:00,100.0,298.3408,198.3408,198.34079999999997,298.6843,2026-09-18 17:00:00,70.3302,2026-09-14 11:00:00,228.35410000000002,324.68854062692844,188.1727488888889,183.9951,4.786379545454546,5.550300000000007,19.435034071018883,3.534315019297702,3.314516375503962,12.511389808176771,44,0.282487802992747,0.3515896788351027,38.5583,-18.501346590669478,27,18,60.0,40.0,16.89878222222222,19.187691111111107,19.275999999999982,19.187691111111107,20.60847275953907,65.28214247911926,25.483497945528512,21.10576335329918,4.377734592229331,287.69033272477003,155.6192672752299,1.0806419425706772,59.58412154825438,1,1,0,0.0,0,2,2026-09-17 17:00:00,2026-09-17 17:00:00,225.2713,207.3404,261.1331,207.3404,-17.93090000000001,-1.0,stop,2026-09-17 13:00:00,2026-09-17 13:00:00,184.7339,186.4526,181.29650000000004,186.4526,-1.7186999999999841,-1.0,stop
228,data_228.csv,image_228.png,45,0.99,2026-09-14 09:00:00,2026-09-18 17:00:00,100.0,-66.1184,-166.1184,-166.1184,121.684,2026-09-14 10:00:00,-120.8233,2026-09-17 13:00:00,242.5073,,-35.559622222222224,-42.4722,-4.224261363636364,-4.698900000000002,22.033905499682476,-28.30915269002574,-27.59093805297911,53.50977090823517,7,-0.5290464191777908,-0.5120337326368366,238.4408,,18,27,40.0,60.0,18.743093333333334,21.141435555555553,21.7352,21.141435555555553,21.106221728383634,43.01991974321688,-7.602514412818749,-11.389970296614045,3.787455883795296,-2.109549356443104,-128.2522206435569,0.49256782030668983,193.52709201035518,2,2,0,0.0,1,3,2026-09-16 10:00:00,2026-09-16 17:00:00,-12.8033,-49.2471,60.084300000000006,-49.2471,-36.4438,-1.0,stop,2026-09-17 09:00:00,2026-09-17 13:00:00,-61.7915,-37.2541,-110.8663,-110.8663,49.074799999999996,2.0,target
229,data_229.csv,image_229.png,45,0.99,2026-09-14 09:00:00,2026-09-18 17:00:00,100.0,-104.6002,-204.6002,-204.6002,101.5308,2026-09-14 09:00:00,-129.7632,2026-09-17 16:00:00,231.294,,-49.47797555555555,-63.5096,-3.9727363636363644,-6.8731500000000025,21.302088242029352,-4.594572531388235,-40.23404798728662,116.92224472100408,9,-0.0392959658134485,-0.06561976197068092,198.12369999999999,,16,29,35.55555555555556,64.44444444444444,19.019764444444448,21.69926444444445,21.388599999999997,21.69926444444445,21.4469764823825,40.31317020282492,-9.649944045954143,-15.594171636897663,5.94422759094352,-44.21838937590992,-134.4006406240901,0.33044684748531883,100.9772041066175,2,1,0,0.0,0,3,2026-09-17 11:00:00,2026-09-17 12:00:00,-63.5096,-78.5735,-33.381800000000005,-78.5735,-15.063899999999997,-1.0,stop,2026-09-17 13:00:00,2026-09-18 14:00:00,-97.8883,-65.1646,-163.33570000000003,-65.1646,-32.72370000000001,-1.0,stop
230,data_230.csv,image_230.png,45,0.99,2026-09-14 09:00:00,2026-09-18 17:00:00,100.0,50.2443,-49.7557,-49.755700000000004,194.0746,2026-09-17 16:00:00,-17.0159,2026-09-15 13:00:00,211.0905,,57.29155777777777,50.2443,-0.6765931818181818,4.940049999999999,23.70256175240762,54.90183907330839,-8.217303547603583,271.65601955982635,41,0.2021005798519309,0.772885852850197,202.2635,,23,22,51.11111111111111,48.888888888888886,21.15677555555556,23.33574666666666,22.26169999999999,23.33574666666666,25.044906244187395,49.607068940016916,-9.392964515218765,1.0080326328718168,-10.400997148090582,191.70554210392862,-30.083312103928606,0.36218056308928287,274.4534018715832,2,2,0,0.0,1,4,2026-09-17 11:00:00,2026-09-17 16:00:00,108.8072,70.9219,184.5778,184.5778,75.7706,2.0,target,2026-09-18 13:00:00,2026-09-18 17:00:00,33.0221,66.0211,-32.9759,50.2443,-17.2222,-0.5219006636564745,time_exit
231,data_231.csv,image_231.png,45,0.99,2026-09-14 09:00:00,2026-09-18 17:00:00,100.0,454.2725,354.2725,354.2725,480.8622,2026-09-18 16:00:00,31.4167,2026-09-14 16:00:00,449.4455,1430.594238096299,217.33725777777775,183.9496,8.244620454545453,10.54975000000001,21.854416333425338,5.679604302845665,5.297511747636019,21.760519251771214,44,0.2610049988758136,0.35717278264338415,69.51480000000001,-67.42954143123893,27,18,60.0,40.0,20.307388888888894,22.60151777777778,23.946299999999994,22.60151777777778,23.263764759612144,75.48267935963055,73.68049190538102,66.666321133742,7.014170771639016,500.1284048549928,188.16306514500715,0.8530096167169657,90.64919537938938,1,1,0,0.0,1,2,2026-09-16 11:00:00,2026-09-16 15:00:00,163.9099,139.8169,212.09589999999997,212.09589999999997,48.18599999999998,2.0,target,2026-09-16 10:00:00,2026-09-16 10:00:00,142.2376,142.5024,141.70799999999997,142.5024,-0.26480000000000814,-1.0,stop
232,data_232.csv,image_232.png,45,0.99,2026-09-14 09:00:00,2026-09-18 17:00:00,100.0,107.2542,7.254199999999997,7.254199999999988,325.0841,2026-09-15 13:00:00,76.2631,2026-09-14 10:00:00,248.82099999999997,326.2665692844901,186.54154888888888,169.3619,0.2984340909090907,-2.8750500000000017,23.93203835003227,1.3105447779280033,-1.0908041449448458,14.69953502832352,44,0.08915552603553818,0.10805510527274484,217.5564,-67.29525275421422,21,24,46.666666666666664,53.333333333333336,20.685195555555552,22.837673333333335,21.338899999999995,22.837673333333335,20.75185041934823,38.766809574873626,-20.1349100370754,-16.04489456730066,-4.090015469774741,200.5465884475794,89.1267015524206,0.1626953585461505,76.92796729388395,1,2,0,0.0,1,3,2026-09-18 10:00:00,2026-09-18 10:00:00,206.004,186.4059,245.20019999999997,186.4059,-19.598099999999988,-1.0,stop,2026-09-16 11:00:00,2026-09-16 11:00:00,260.0807,261.6895,256.8630999999999,256.8630999999999,3.2176000000000613,2.0,target
233,data_233.csv,image_233.png,45,0.99,2026-09-14 09:00:00,2026-09-18 17:00:00,100.0,35.0243,-64.9757,-64.9757,191.9753,2026-09-15 11:00:00,-16.4784,2026-09-18 14:00:00,208.4537,,101.58585555555557,106.7631,-1.9642568181818183,-6.001250000000002,22.11623269486031,-12.29231643956233,-5.851069775135964,46.144009015617605,41,-0.2663903007517607,-0.20809149677321095,206.6217,,21,24,46.666666666666664,53.333333333333336,18.460033333333335,20.97543111111111,20.09110000000001,20.97543111111111,23.62124706833236,43.62840783344838,-29.40038629565923,-25.470866949321383,-3.929519346337848,144.7493036146086,-25.453943614608605,0.35532955216277956,285.3476400577813,1,2,0,0.0,0,3,2026-09-17 14:00:00,2026-09-17 14:00:00,89.8622,89.657,90.27260000000001,89.657,-0.20520000000000493,-1.0,stop,2026-09-15 17:00:00,2026-09-15 17:00:00,139.6683,140.8704,137.26409999999998,140.8704,-1.2021000000000015,-1.0,stop
234,data_234.csv,image_234.png,45,0.99,2026-09-14 09:00:00,2026-09-18 17:00:00,100.0,-75.3399,-175.3399,-175.3399,163.241,2026-09-14 16:00:00,-105.5715,2026-09-18 16:00:00,268.8125,,33.48791333333334,51.5212,-3.6963840909090915,2.168849999999999,25.93315323178478,-64.3756543258014,-7.988965135249259,414.01065692721835,29,-0.15549274698288365,-0.11511605181306976,264.72950000000003,,23,22,51.11111111111111,48.888888888888886,23.280562222222226,25.348973333333333,28.972400000000007,25.348973333333333,24.851894499810705,42.27368228633074,-34.208888778136924,-31.582008800624116,-2.6268799775128073,44.67089511380025,-107.93597511380025,0.2135950699020687,482.4363463307104,1,2,0,0.0,1,3,2026-09-16 13:00:00,2026-09-16 13:00:00,95.8782,69.7705,148.09360000000004,69.7705,-26.10770000000001,-1.0,stop,2026-09-16 14:00:00,2026-09-16 16:00:00,59.2049,97.3194,-17.024099999999997,-17.024099999999997,76.229,2.0,target
235,data_235.csv,image_235.png,45,0.99,2026-09-14 09:00:00,2026-09-18 17:00:00,100.0,-72.5549,-172.5549,-172.5549,174.3321,2026-09-14 15:00:00,-90.6584,2026-09-18 14:00:00,264.9905,,75.59792888888887,107.6356,-4.754052272727273,-11.615299999999998,22.62462143623149,-1811.2536158743064,-9.309346718238748,10855.017825659108,36,-0.1668586496092952,-0.13043576610130375,263.37289999999996,,18,27,40.0,60.0,20.971024444444446,23.18479333333333,21.694000000000003,23.18479333333333,23.72817401000515,31.784419202016707,-51.25864729092474,-44.41254838164036,-6.846098909284379,170.68083996839763,-148.54547996839764,0.2380460984026733,2884.3110745593954,1,1,0,0.0,1,2,2026-09-16 13:00:00,2026-09-17 10:00:00,143.0636,103.7475,221.69580000000002,103.7475,-39.316100000000006,-1.0,stop,2026-09-17 12:00:00,2026-09-17 12:00:00,93.2504,105.5167,68.7178,68.7178,24.532600000000002,2.0,target
236,data_236.csv,image_236.png,45,0.99,2026-09-14 09:00:00,2026-09-18 17:00:00,100.0,67.9888,-32.0112,-32.01120000000001,143.4226,2026-09-14 11:00:00,-69.1943,2026-09-16 11:00:00,212.6169,,27.87097111111111,25.7645,0.04405681818181837,4.469999999999999,23.876984192697464,99.19345969528017,-10.180963645742692,692.2796973706944,33,0.14328523582595423,0.6715826048726515,209.1339,,23,22,51.11111111111111,48.888888888888886,21.010391111111108,23.459982222222223,25.422800000000002,23.459982222222223,21.46012395163579,61.00024061564185,13.067030177832152,6.009786782323562,7.05724339550859,86.03119526892807,-31.125085268928075,0.8459971997566266,426.75134165525895,1,0,0,0.0,1,1,2026-09-16 17:00:00,2026-09-18 17:00:00,13.2566,-24.3792,88.52820000000001,67.9888,54.7322,1.4542589768252567,time_exit,,,,,,,,,no valid trade
237,data_237.csv,image_237.png,45,0.99,2026-09-14 09:00:00,2026-09-18 17:00:00,100.0,-34.3806,-134.38060000000002,-134.38060000000002,129.2316,2026-09-14 17:00:00,-35.2941,2026-09-18 17:00:00,164.52569999999997,,58.29298,69.2397,-2.4217863636363632,-3.2753499999999978,19.133676003982902,4.3202823826423,-5.371443723711023,104.6062935732065,40,0.04130040588445897,0.06059381851539345,161.8385,,19,26,42.22222222222222,57.77777777777777,15.986284444444443,18.53679777777778,16.4013,18.53679777777778,17.574452260352544,32.05962060748368,-23.55295362271752,-17.421060304800953,-6.1318933179165676,80.16461022892912,-42.03258022892913,0.0626199358615208,640.9162609903447,1,2,0,0.0,1,3,2026-09-18 10:00:00,2026-09-18 10:00:00,37.6732,33.2208,46.57800000000001,33.2208,-4.452400000000004,-1.0,stop,2026-09-18 15:00:00,2026-09-18 17:00:00,-10.7133,6.1127,-44.365300000000005,-34.3806,23.6673,1.4065909901343159,time_exit
238,data_238.csv,image_238.png,45,0.99,2026-09-14 09:00:00,2026-09-18 17:00:00,100.0,331.7686,231.7686,231.76860000000002,369.3711,2026-09-17 15:00:00,94.1449,2026-09-14 12:00:00,275.2262,292.34318587623966,254.26767111111113,297.1741,4.398456818181819,5.933549999999997,20.7883463209827,2.6603168646319886,1.75619800322524,11.518955337227451,44,0.23095122663027115,0.2507241363685999,68.89049999999997,-30.243965956892726,27,18,60.0,40.0,17.68577333333333,20.136215555555555,21.41379999999998,20.136215555555555,19.048050801509113,54.73250308126393,21.21245472064186,30.32779809774025,-9.115343377098391,380.9192321910057,304.5505278089944,0.3564034824377202,22.28215125989257,1,2,0,0.0,2,3,2026-09-15 16:00:00,2026-09-16 11:00:00,195.2288,158.563,268.5604000000001,268.5604000000001,73.33160000000007,2.000000000000001,target,2026-09-18 12:00:00,2026-09-18 12:00:00,328.3291,328.9818,327.0236999999999,327.0236999999999,1.305400000000077,2.0,target
239,data_239.csv,image_239.png,45,0.99,2026-09-14 09:00:00,2026-09-18 17:00:00,100.0,225.8538,125.8538,125.85380000000002,337.5401,2026-09-16 17:00:00,80.3644,2026-09-14 13:00:00,257.1757,320.0119704744887,226.0649822222222,252.7005,2.0666545454545457,3.470700000000022,22.29368943309476,2.113545464736718,1.2728930303788077,14.10356156246654,44,0.14985898812690293,0.17341459062693623,120.44849999999997,-46.06733581381508,26,19,57.77777777777777,42.22222222222222,19.490871111111105,21.983966666666667,21.143100000000004,21.983966666666667,19.571425309365633,42.43769171752566,1.2296856379119276,8.849272051341064,-7.619586413429136,339.737236883897,201.146543116103,0.17827500687234835,51.2460158327521,0,1,0,0.0,0,1,,,,,,,,,no valid trade,2026-09-17 14:00:00,2026-09-17 14:00:00,300.4952,300.9988,299.488,300.9988,-0.5036000000000058,-1.0,stop
240,data_240.csv,image_240.png,45,0.99,2026-09-14 09:00:00,2026-09-18 17:00:00,100.0,172.9687,72.96870000000001,72.96870000000001,253.1076,2026-09-18 11:00:00,-2.941,2026-09-16 11:00:00,256.04859999999996,,123.14517333333335,105.4922,1.479413636363637,-6.019200000000005,23.505201803080325,6.726382288650227,-3.0797877195289036,53.128159984418986,43,0.12660672401647052,0.20934021225909114,128.4421,,22,23,48.888888888888886,51.11111111111111,19.72788666666667,22.066751111111113,20.308999999999997,22.066751111111113,20.488948853666027,46.79662118382651,33.92341440847102,37.59630504966761,-3.672890641196595,297.529682625538,81.15337737446202,0.4243316869608181,114.27831245003459,1,2,0,0.0,1,2,2026-09-16 17:00:00,2026-09-17 15:00:00,96.6585,60.6097,168.7561,168.7561,72.0976,1.9999999999999996,target,2026-09-15 15:00:00,2026-09-16 16:00:00,56.0301,89.1111,-10.131899999999995,89.1111,-33.080999999999996,-1.0,stop
241,data_241.csv,image_241.png,45,0.99,2026-09-14 09:00:00,2026-09-18 17:00:00,100.0,-55.8808,-155.8808,-155.8808,214.0357,2026-09-14 14:00:00,-150.2796,2026-09-18 09:00:00,364.3153,,15.286375555555557,20.3787,-3.9036227272727273,-6.12515,24.09407182618824,-123.16641026899137,-11.505159156449885,593.9282043294148,25,-0.20737592417934522,-0.16082383429808828,361.839,,21,24,46.666666666666664,53.333333333333336,21.023600000000002,23.464811111111107,23.760999999999996,23.464811111111107,22.186424571378733,49.479104442388426,-22.147888317629807,-35.571289496252504,13.423401178622697,-3.024920581780478,-160.70991941821956,0.6648008383280326,192.61019687250322,1,0,0,0.0,1,1,2026-09-18 14:00:00,2026-09-18 17:00:00,-63.3625,-96.6965,3.305500000000009,-55.8808,7.4816999999999965,0.22444651106977848,time_exit,,,,,,,,,no valid trade
242,data_242.csv,image_242.png,45,0.99,2026-09-14 09:00:00,2026-09-18 17:00:00,100.0,48.3363,-51.6637,-51.6637,260.5849,2026-09-14 16:00:00,37.6368,2026-09-18 17:00:00,222.9481,592.3673107171704,145.69343333333333,137.0393,-1.599031818181819,-4.0221500000000034,24.20025538525414,-0.3112987511570628,-2.8856117717657224,18.700746274668337,44,-0.01664632772322792,-0.017343080578884708,218.68169999999998,-84.60978932450047,23,22,51.11111111111111,48.888888888888886,21.410406666666663,24.074908888888885,24.909400000000005,24.074908888888885,21.232852728817015,40.01917057005207,-21.13102921200384,-11.829103978795743,-9.301925233208095,182.77304137081074,41.39495862918922,0.04909771894061243,126.13582914744438,2,3,0,0.0,2,5,2026-09-16 15:00:00,2026-09-16 15:00:00,159.7114,156.4474,166.23940000000002,156.4474,-3.26400000000001,-1.0,stop,2026-09-15 14:00:00,2026-09-16 09:00:00,175.4569,215.5858,95.19909999999996,95.19909999999996,80.25780000000003,2.0,target
243,data_243.csv,image_243.png,45,0.99,2026-09-14 09:00:00,2026-09-18 17:00:00,100.0,208.9755,108.97550000000001,108.97550000000003,288.9283,2026-09-15 14:00:00,81.3738,2026-09-14 15:00:00,207.55449999999996,255.0630546932796,194.8026155555556,200.9902,1.9173250000000002,2.7934999999999945,23.41243020529335,2.019125213755179,1.1553830835280166,13.245541397149319,44,0.1524381037523866,0.18060190412201124,145.3786,-50.62448963246573,24,21,53.333333333333336,46.666666666666664,20.875575555555557,23.197268888888882,26.433899999999994,23.197268888888882,24.897497229634276,53.42686357151435,2.092340968052582,-2.4770341361263957,4.569375104178977,254.5555670729467,125.88705292705326,0.64575586051095,67.64148251628245,1,1,0,0.0,1,2,2026-09-18 14:00:00,2026-09-18 17:00:00,197.3185,163.3822,265.1911,208.9755,11.65700000000001,0.34349649195699045,time_exit,2026-09-17 11:00:00,2026-09-18 15:00:00,187.825,214.4033,134.66839999999996,214.4033,-26.578300000000013,-1.0,stop
244,data_244.csv,image_244.png,45,0.99,2026-09-14 09:00:00,2026-09-18 17:00:00,100.0,183.2019,83.2019,83.20189999999998,232.4746,2026-09-17 11:00:00,98.3438,2026-09-14 09:00:00,134.13080000000002,136.3896859791873,174.31621777777775,178.5684,1.161247727272727,-2.4416499999999957,23.89931083834153,1.7265699496697535,-1.3768248002742123,14.388450826506102,44,0.11999693160080185,0.1522579843436557,111.62510000000002,-48.484378596962166,21,24,46.666666666666664,53.333333333333336,20.4117,22.899562222222222,23.7115,22.899562222222222,22.945169791401536,55.20704802598598,-4.183765493763332,-6.306859068809012,2.1230935750456803,226.6066435268341,106.38941647316591,0.6389473905644399,72.20339306937636,2,2,0,0.0,1,3,2026-09-16 17:00:00,2026-09-16 17:00:00,173.6851,172.8873,175.2807,172.8873,-0.7977999999999952,-1.0,stop,2026-09-17 16:00:00,2026-09-17 16:00:00,186.3175,188.5032,181.9461,181.9461,4.371399999999994,2.0,target
245,data_245.csv,image_245.png,45,0.99,2026-09-14 09:00:00,2026-09-18 17:00:00,100.0,-35.056,-135.05599999999998,-135.056,134.4867,2026-09-14 09:00:00,-68.1574,2026-09-17 17:00:00,202.6441,,28.120042222222228,4.846,-3.809354545454546,-3.0401999999999996,21.73967545935049,-62.41728844117886,-9.090074346523691,194.24987005626636,24,-0.3213247371702184,-0.23925260219981773,198.643,,22,23,48.888888888888886,51.11111111111111,18.51578666666667,21.016364444444445,19.871799999999993,21.016364444444445,22.65026820170392,40.98536534293851,-17.30535808996025,-21.408762661668916,4.103404571708666,17.383678139498187,-61.405028139498185,0.33442646013496424,357.9567926880769,2,3,0,0.0,0,4,2026-09-17 15:00:00,2026-09-17 15:00:00,-13.964,-32.1875,22.483000000000004,-32.1875,-18.2235,-1.0,stop,2026-09-15 16:00:00,2026-09-15 16:00:00,86.3884,87.408,84.34920000000001,87.408,-1.019599999999997,-1.0,stop
246,data_246.csv,image_246.png,45,0.99,2026-09-14 09:00:00,2026-09-18 17:00:00,100.0,27.7544,-72.2456,-72.2456,133.4033,2026-09-16 15:00:00,-24.5471,2026-09-15 10:00:00,157.9504,,52.083391111111105,58.3946,-1.3168409090909097,1.3736000000000033,22.191596632365968,18.67591860470118,1.3373643032636995,109.75421309653038,43,0.17016129110483846,0.2666722353716888,126.08820000000001,,24,21,53.333333333333336,46.666666666666664,18.353946666666666,20.86562222222222,20.34729999999999,20.86562222222222,18.809551182974563,42.31372387754968,-10.333552412182158,-2.9411340134382673,-7.3924183987438905,110.7955562076396,2.049643792360392,0.23637445892658668,192.73467088592017,2,2,0,0.0,1,4,2026-09-18 09:00:00,2026-09-18 09:00:00,58.6202,56.7488,62.362999999999985,62.362999999999985,3.7427999999999884,2.0,target,2026-09-18 15:00:00,2026-09-18 17:00:00,9.5204,35.2399,-41.91859999999999,27.7544,-18.234,-0.708956239429227,time_exit
247,data_247.csv,image_247.png,45,0.99,2026-09-14 09:00:00,2026-09-18 17:00:00,100.0,145.5154,45.5154,45.51540000000001,295.576,2026-09-15 17:00:00,98.2364,2026-09-14 09:00:00,197.33960000000002,200.88236132431564,206.68347333333327,197.1756,0.899859090909091,4.360199999999992,22.888083176168717,1.464042820265273,2.1685619756544816,12.447600062512622,44,0.11761647328904842,0.13091744231559602,160.4347,-54.582157468126184,25,20,55.55555555555556,44.44444444444444,19.706999999999994,22.223526666666665,23.165099999999995,22.223526666666665,20.518140934996584,46.3954305981066,-15.79513439456872,-13.517360440993999,-2.2777739535747212,222.66937216980813,124.73350783019184,0.21219899686331378,56.381722765002,0,1,0,0.0,1,1,,,,,,,,,no valid trade,2026-09-16 16:00:00,2026-09-18 09:00:00,222.9452,262.4771,143.88139999999999,143.88139999999999,79.06380000000001,2.0,target
248,data_248.csv,image_248.png,45,0.99,2026-09-14 09:00:00,2026-09-18 17:00:00,100.0,9.4365,-90.5635,-90.56349999999999,101.8667,2026-09-14 09:00:00,-104.1524,2026-09-17 10:00:00,206.01909999999998,,-34.81216888888889,-47.1761,-1.4082204545454546,-0.8698999999999995,20.25680068828542,-0.6730417259526863,-4.717724542950997,102.96792913924602,11,-0.006536420918425151,-0.010982587152800866,173.2302,,20,25,44.44444444444444,55.55555555555556,17.08956222222222,19.524144444444445,18.2017,19.524144444444445,20.058222769943768,51.24723187486264,23.28174666134948,14.361930029615738,8.919816631733742,81.21819027197014,-130.83132027197013,0.6614861779787237,854.8120650478625,2,1,0,0.0,0,3,2026-09-16 15:00:00,2026-09-16 16:00:00,-78.5251,-80.2944,-74.98649999999999,-80.2944,-1.7693000000000012,-1.0,stop,2026-09-16 17:00:00,2026-09-17 11:00:00,-87.5754,-75.7288,-111.26859999999999,-75.7288,-11.846599999999995,-1.0,stop
249,data_249.csv,image_249.png,45,0.99,2026-09-14 09:00:00,2026-09-18 17:00:00,100.0,46.8171,-53.1829,-53.18289999999999,101.9725,2026-09-14 09:00:00,-117.6362,2026-09-17 14:00:00,219.6087,,-24.093,-26.9682,-0.8128863636363639,-1.068599999999999,19.759519116789924,-3.182119771564164,-1.4559597050989415,117.92436937393794,13,-0.02698441202999923,-0.030123192458258785,198.839,,21,24,46.666666666666664,53.333333333333336,16.156117777777776,18.635728888888888,17.1216,18.635728888888888,19.5406402883212,61.57904150688744,23.561723647635922,9.026297787695526,14.535425859940396,92.26440265891479,-154.5904626589148,0.8158946448132564,792.1401266751968,2,1,0,0.0,1,3,2026-09-18 11:00:00,2026-09-18 12:00:00,-8.8099,-19.2066,11.983500000000001,11.983500000000001,20.793400000000002,2.0,target,2026-09-17 16:00:00,2026-09-17 16:00:00,-105.7906,-104.9191,-107.53359999999999,-104.9191,-0.8714999999999975,-1.0,stop
250,data_250.csv,image_250.png,45,0.99,2026-09-14 09:00:00,2026-09-18 17:00:00,100.0,484.5573,384.5573,384.5573,522.9659,2026-09-17 12:00:00,99.3386,2026-09-14 09:00:00,423.62730000000005,426.44782592063916,397.29495111111106,454.0859,7.969956818181817,12.84299999999999,23.152887162415276,3.2808710764308495,2.934152983993643,8.232244780177798,44,0.39853905757646707,0.5770028230792625,66.67630000000003,-21.746125334052348,28,17,62.22222222222222,37.77777777777778,21.869797777777784,24.22330444444444,25.583799999999997,24.22330444444444,20.883519401330222,60.24019236831037,28.734704175177285,36.62437248014686,-7.889668304969575,528.7713673393996,445.0248626606003,0.4720488036010827,17.200005935286747,1,1,0,0.0,1,2,2026-09-18 16:00:00,2026-09-18 16:00:00,517.8449,509.7832,533.9683000000001,509.7832,-8.06170000000003,-1.0,stop,2026-09-18 09:00:00,2026-09-18 11:00:00,478.54,485.2731,465.07380000000006,465.07380000000006,13.466199999999958,2.0,target
