run,side,signal_index,signal_time,entry_index,entry_time,entry_price,stop_price,target_price,risk_per_unit,exit_index,exit_time,exit_price,pnl_per_unit,r_multiple,exit_reason
1,Long,20,2026-09-16 10:00:00,21,2026-09-16 11:00:00,92.4281,92.1478,92.9887,0.2802999999999969,21,2026-09-16 11:00:00,92.9887,0.5605999999999938,2.0,target
1,Short,28,2026-09-17 09:00:00,29,2026-09-17 10:00:00,81.2304,86.3783,70.93460000000002,5.147899999999993,29,2026-09-17 10:00:00,86.3783,-5.147899999999993,-1.0,stop
2,Long,18,2026-09-15 17:00:00,19,2026-09-16 09:00:00,89.8326,86.2462,97.0054,3.5863999999999976,21,2026-09-16 11:00:00,97.0054,7.172799999999995,2.0,target
2,Short,34,2026-09-17 15:00:00,35,2026-09-17 16:00:00,99.2597,99.6885,98.40209999999998,0.4288000000000096,35,2026-09-17 16:00:00,99.6885,-0.4288000000000096,-1.0,stop
2,Long,35,2026-09-17 16:00:00,36,2026-09-17 17:00:00,101.2989,99.2075,105.48170000000002,2.0914000000000073,36,2026-09-17 17:00:00,105.48170000000002,4.1828000000000145,2.0,target
3,Short,26,2026-09-16 16:00:00,27,2026-09-16 17:00:00,112.7495,113.0828,112.08289999999998,0.33330000000000837,27,2026-09-16 17:00:00,113.0828,-0.33330000000000837,-1.0,stop
3,Long,29,2026-09-17 10:00:00,30,2026-09-17 11:00:00,121.6487,117.9015,129.1431,3.7472000000000065,31,2026-09-17 12:00:00,117.9015,-3.7472000000000065,-1.0,stop
4,Long,13,2026-09-15 12:00:00,14,2026-09-15 13:00:00,91.0179,89.5465,93.9607,1.4714000000000027,14,2026-09-15 13:00:00,89.5465,-1.4714000000000027,-1.0,stop
4,Short,15,2026-09-15 14:00:00,16,2026-09-15 15:00:00,80.6392,87.9646,65.9884,7.325400000000002,19,2026-09-16 09:00:00,87.9646,-7.325400000000002,-1.0,stop
4,Long,20,2026-09-16 10:00:00,21,2026-09-16 11:00:00,96.2091,89.9596,108.70810000000003,6.249500000000012,36,2026-09-17 17:00:00,108.70810000000003,12.499000000000024,2.0,target
5,Long,21,2026-09-16 11:00:00,22,2026-09-16 12:00:00,62.2536,61.8991,62.9626,0.3545000000000016,22,2026-09-16 12:00:00,61.8991,-0.3545000000000016,-1.0,stop
5,Short,35,2026-09-17 16:00:00,36,2026-09-17 17:00:00,74.4536,74.9184,73.52399999999997,0.464800000000011,36,2026-09-17 17:00:00,74.9184,-0.464800000000011,-1.0,stop
5,Long,39,2026-09-18 11:00:00,40,2026-09-18 12:00:00,84.1632,79.7115,93.06660000000001,4.451700000000002,42,2026-09-18 14:00:00,93.06660000000001,8.903400000000005,2.0,target
6,Short,15,2026-09-15 14:00:00,16,2026-09-15 15:00:00,117.2298,117.3102,117.069,0.08039999999999736,16,2026-09-15 15:00:00,117.3102,-0.08039999999999736,-1.0,stop
6,Long,20,2026-09-16 10:00:00,21,2026-09-16 11:00:00,130.9666,124.9178,143.0642,6.0488,24,2026-09-16 14:00:00,143.0642,12.0976,2.0,target
6,Short,31,2026-09-17 12:00:00,32,2026-09-17 13:00:00,125.604,133.3192,110.17360000000001,7.715199999999996,45,2026-09-18 17:00:00,125.7361,-0.1320999999999941,-0.017122044794690247,time_exit
6,Long,41,2026-09-18 13:00:00,42,2026-09-18 14:00:00,119.9984,119.7005,120.5942,0.2978999999999985,42,2026-09-18 14:00:00,119.7005,-0.2978999999999985,-1.0,stop
6,Short,42,2026-09-18 14:00:00,43,2026-09-18 15:00:00,113.2114,120.2305,99.17319999999998,7.019100000000009,44,2026-09-18 16:00:00,120.2305,-7.019100000000009,-1.0,stop
7,Short,44,2026-09-18 16:00:00,45,2026-09-18 17:00:00,163.9366,167.2087,157.3924,3.2720999999999947,45,2026-09-18 17:00:00,164.9028,-0.9662000000000148,-0.29528437394945645,time_exit
8,Short,23,2026-09-16 13:00:00,24,2026-09-16 14:00:00,124.4456,124.6919,123.95299999999999,0.24630000000000507,24,2026-09-16 14:00:00,123.95299999999999,0.49260000000001014,2.0,target
8,Long,25,2026-09-16 15:00:00,26,2026-09-16 16:00:00,122.1998,118.1564,130.28659999999996,4.043399999999991,26,2026-09-16 16:00:00,118.1564,-4.043399999999991,-1.0,stop
8,Short,27,2026-09-16 17:00:00,28,2026-09-17 09:00:00,112.0615,117.7017,100.78109999999998,5.640200000000007,28,2026-09-17 09:00:00,117.7017,-5.640200000000007,-1.0,stop
8,Long,32,2026-09-17 13:00:00,33,2026-09-17 14:00:00,127.7949,122.0506,139.2835,5.7442999999999955,40,2026-09-18 12:00:00,122.0506,-5.7442999999999955,-1.0,stop
8,Short,41,2026-09-18 13:00:00,42,2026-09-18 14:00:00,113.3119,121.0174,97.9009,7.705500000000001,45,2026-09-18 17:00:00,116.1324,-2.8205000000000098,-0.36603724612290045,time_exit
9,Long,20,2026-09-16 10:00:00,21,2026-09-16 11:00:00,104.4272,100.1133,113.055,4.313900000000004,21,2026-09-16 11:00:00,100.1133,-4.313900000000004,-1.0,stop
9,Short,23,2026-09-16 13:00:00,24,2026-09-16 14:00:00,101.0001,101.5062,99.9879,0.5061000000000035,24,2026-09-16 14:00:00,99.9879,1.012200000000007,2.0,target
9,Long,34,2026-09-17 15:00:00,35,2026-09-17 16:00:00,107.771,104.1785,114.956,3.592500000000001,35,2026-09-17 16:00:00,104.1785,-3.592500000000001,-1.0,stop
10,Short,28,2026-09-17 09:00:00,29,2026-09-17 10:00:00,131.7258,134.6198,125.93779999999998,2.8940000000000055,29,2026-09-17 10:00:00,134.6198,-2.8940000000000055,-1.0,stop
10,Long,31,2026-09-17 12:00:00,32,2026-09-17 13:00:00,141.5114,133.9813,156.57160000000002,7.5301000000000045,40,2026-09-18 12:00:00,156.57160000000002,15.060200000000009,2.0,target
11,Long,17,2026-09-15 16:00:00,18,2026-09-15 17:00:00,84.328,78.0542,96.87560000000002,6.2738000000000085,24,2026-09-16 14:00:00,78.0542,-6.2738000000000085,-1.0,stop
11,Short,26,2026-09-16 16:00:00,27,2026-09-16 17:00:00,71.6983,76.0212,63.05250000000002,4.32289999999999,29,2026-09-17 10:00:00,76.0212,-4.32289999999999,-1.0,stop
11,Long,32,2026-09-17 13:00:00,33,2026-09-17 14:00:00,91.1887,90.1605,93.2451,1.0281999999999982,33,2026-09-17 14:00:00,90.1605,-1.0281999999999982,-1.0,stop
11,Short,37,2026-09-18 09:00:00,38,2026-09-18 10:00:00,80.3597,80.5271,80.0249,0.16740000000000066,38,2026-09-18 10:00:00,80.5271,-0.16740000000000066,-1.0,stop
12,Short,21,2026-09-16 11:00:00,22,2026-09-16 12:00:00,113.1156,113.1222,113.10239999999999,0.0066000000000059345,22,2026-09-16 12:00:00,113.1222,-0.0066000000000059345,-1.0,stop
12,Long,25,2026-09-16 15:00:00,26,2026-09-16 16:00:00,122.6745,117.2694,133.48469999999998,5.40509999999999,31,2026-09-17 12:00:00,133.48469999999998,10.81019999999998,2.0,target
12,Short,40,2026-09-18 12:00:00,41,2026-09-18 13:00:00,133.7913,133.8143,133.74530000000001,0.022999999999996135,41,2026-09-18 13:00:00,133.74530000000001,0.04599999999999227,2.0,target
14,Short,18,2026-09-15 17:00:00,19,2026-09-16 09:00:00,97.5861,105.3567,82.0449,7.770600000000002,20,2026-09-16 10:00:00,105.3567,-7.770600000000002,-1.0,stop
15,Short,16,2026-09-15 15:00:00,17,2026-09-15 16:00:00,89.1764,92.1956,83.138,3.019199999999998,18,2026-09-15 17:00:00,92.1956,-3.019199999999998,-1.0,stop
15,Long,28,2026-09-17 09:00:00,29,2026-09-17 10:00:00,93.6359,90.9089,99.08990000000001,2.727000000000004,33,2026-09-17 14:00:00,99.08990000000001,5.454000000000008,2.0,target
15,Short,43,2026-09-18 15:00:00,44,2026-09-18 16:00:00,104.0431,108.0734,95.98249999999997,4.030300000000011,44,2026-09-18 16:00:00,108.0734,-4.030300000000011,-1.0,stop
16,Long,13,2026-09-15 12:00:00,14,2026-09-15 13:00:00,93.8435,88.3245,104.88150000000002,5.5190000000000055,25,2026-09-16 15:00:00,88.3245,-5.5190000000000055,-1.0,stop
16,Short,23,2026-09-16 13:00:00,24,2026-09-16 14:00:00,91.049,91.459,90.22900000000001,0.4099999999999966,24,2026-09-16 14:00:00,90.22900000000001,0.8199999999999932,2.0,target
16,Long,34,2026-09-17 15:00:00,35,2026-09-17 16:00:00,97.27,91.1316,109.54679999999998,6.13839999999999,45,2026-09-18 17:00:00,101.0222,3.752200000000002,0.6112667796168396,time_exit
17,Short,19,2026-09-16 09:00:00,20,2026-09-16 10:00:00,117.8901,118.9513,115.7677,1.0611999999999995,20,2026-09-16 10:00:00,115.7677,2.122399999999999,2.0,target
17,Long,41,2026-09-18 13:00:00,42,2026-09-18 14:00:00,104.5502,104.3443,104.962,0.20589999999999975,42,2026-09-18 14:00:00,104.3443,-0.20589999999999975,-1.0,stop
18,Short,17,2026-09-15 16:00:00,18,2026-09-15 17:00:00,100.1747,103.0917,94.3407,2.9170000000000016,18,2026-09-15 17:00:00,94.3407,5.834000000000003,2.0,target
18,Long,25,2026-09-16 15:00:00,26,2026-09-16 16:00:00,94.2438,93.8242,95.08299999999997,0.4195999999999884,26,2026-09-16 16:00:00,95.08299999999997,0.8391999999999769,2.0,target
18,Short,26,2026-09-16 16:00:00,27,2026-09-16 17:00:00,96.7189,97.1446,95.86750000000002,0.425699999999992,27,2026-09-16 17:00:00,97.1446,-0.425699999999992,-1.0,stop
18,Long,28,2026-09-17 09:00:00,29,2026-09-17 10:00:00,90.4585,90.052,91.27149999999999,0.4064999999999941,29,2026-09-17 10:00:00,91.27149999999999,0.8129999999999882,2.0,target
18,Short,29,2026-09-17 10:00:00,30,2026-09-17 11:00:00,97.75,97.7793,97.69139999999999,0.02930000000000632,30,2026-09-17 11:00:00,97.7793,-0.02930000000000632,-1.0,stop
18,Long,30,2026-09-17 11:00:00,31,2026-09-17 12:00:00,100.9723,97.6147,107.68750000000001,3.357600000000005,34,2026-09-17 15:00:00,107.68750000000001,6.71520000000001,2.0,target
18,Short,44,2026-09-18 16:00:00,45,2026-09-18 17:00:00,100.357,106.7511,87.56880000000001,6.394099999999995,45,2026-09-18 17:00:00,96.795,3.5619999999999976,0.557076054487731,time_exit
19,Short,13,2026-09-15 12:00:00,14,2026-09-15 13:00:00,84.3027,85.2672,82.3737,0.964500000000001,15,2026-09-15 14:00:00,82.3737,1.929000000000002,2.0,target
19,Long,25,2026-09-16 15:00:00,26,2026-09-16 16:00:00,92.7686,86.4798,105.34620000000002,6.288800000000009,26,2026-09-16 16:00:00,86.4798,-6.288800000000009,-1.0,stop
19,Short,38,2026-09-18 10:00:00,39,2026-09-18 11:00:00,94.9192,100.1471,84.46340000000002,5.227899999999991,40,2026-09-18 12:00:00,84.46340000000002,10.455799999999982,2.0,target
20,Short,13,2026-09-15 12:00:00,14,2026-09-15 13:00:00,80.7022,85.8855,70.33560000000003,5.1832999999999885,15,2026-09-15 14:00:00,85.8855,-5.1832999999999885,-1.0,stop
20,Long,14,2026-09-15 13:00:00,15,2026-09-15 14:00:00,83.5345,80.5931,89.41729999999997,2.9413999999999874,18,2026-09-15 17:00:00,89.41729999999997,5.882799999999975,2.0,target
20,Short,15,2026-09-15 14:00:00,16,2026-09-15 15:00:00,88.1863,88.6253,87.30830000000002,0.43899999999999295,16,2026-09-15 15:00:00,88.6253,-0.43899999999999295,-1.0,stop
20,Long,19,2026-09-16 09:00:00,20,2026-09-16 10:00:00,91.7443,89.5292,96.17449999999998,2.2150999999999925,20,2026-09-16 10:00:00,96.17449999999998,4.430199999999985,2.0,target
21,Short,20,2026-09-16 10:00:00,21,2026-09-16 11:00:00,107.7887,111.9488,99.4685,4.1601,21,2026-09-16 11:00:00,111.9488,-4.1601,-1.0,stop
22,Short,14,2026-09-15 13:00:00,15,2026-09-15 14:00:00,87.6963,93.4943,76.10029999999999,5.798000000000002,17,2026-09-15 16:00:00,76.10029999999999,11.596000000000004,2.0,target
23,Short,26,2026-09-16 16:00:00,27,2026-09-16 17:00:00,120.4263,120.5986,120.08169999999998,0.172300000000007,27,2026-09-16 17:00:00,120.08169999999998,0.344600000000014,2.0,target
23,Long,34,2026-09-17 15:00:00,35,2026-09-17 16:00:00,118.1285,117.5537,119.2781,0.5747999999999962,35,2026-09-17 16:00:00,117.5537,-0.5747999999999962,-1.0,stop
23,Short,36,2026-09-17 17:00:00,37,2026-09-18 09:00:00,117.9553,118.1068,117.65229999999997,0.15150000000001285,37,2026-09-18 09:00:00,118.1068,-0.15150000000001285,-1.0,stop
23,Long,40,2026-09-18 12:00:00,41,2026-09-18 13:00:00,123.803,123.6747,124.05959999999999,0.12829999999999586,41,2026-09-18 13:00:00,124.05959999999999,0.2565999999999917,2.0,target
24,Short,20,2026-09-16 10:00:00,21,2026-09-16 11:00:00,114.469,121.2965,100.814,6.827500000000001,25,2026-09-16 15:00:00,100.814,13.655000000000001,2.0,target
25,Short,14,2026-09-15 13:00:00,15,2026-09-15 14:00:00,109.4896,109.8601,108.74859999999998,0.37050000000000693,15,2026-09-15 14:00:00,109.8601,-0.37050000000000693,-1.0,stop
25,Long,16,2026-09-15 15:00:00,17,2026-09-15 16:00:00,120.1114,112.5369,135.2604,7.5745000000000005,22,2026-09-16 12:00:00,112.5369,-7.5745000000000005,-1.0,stop
25,Short,24,2026-09-16 14:00:00,25,2026-09-16 15:00:00,110.9314,111.9878,108.8186,1.0563999999999965,25,2026-09-16 15:00:00,108.8186,2.112799999999993,2.0,target
25,Long,31,2026-09-17 12:00:00,32,2026-09-17 13:00:00,109.8486,109.3995,110.74680000000001,0.4491000000000014,32,2026-09-17 13:00:00,110.74680000000001,0.8982000000000028,2.0,target
25,Short,39,2026-09-18 11:00:00,40,2026-09-18 12:00:00,105.8411,113.2835,90.95629999999998,7.442400000000006,44,2026-09-18 16:00:00,90.95629999999998,14.884800000000013,2.0,target
26,Short,39,2026-09-18 11:00:00,40,2026-09-18 12:00:00,152.491,153.181,151.11100000000002,0.6899999999999977,40,2026-09-18 12:00:00,153.181,-0.6899999999999977,-1.0,stop
27,Short,18,2026-09-15 17:00:00,19,2026-09-16 09:00:00,107.1229,110.2704,100.82790000000001,3.1474999999999937,19,2026-09-16 09:00:00,110.2704,-3.1474999999999937,-1.0,stop
27,Long,22,2026-09-16 12:00:00,23,2026-09-16 13:00:00,117.0512,117.0368,117.07999999999998,0.014399999999994861,23,2026-09-16 13:00:00,117.0368,-0.014399999999994861,-1.0,stop
27,Short,26,2026-09-16 16:00:00,27,2026-09-16 17:00:00,100.7968,108.1846,86.02120000000001,7.387799999999999,28,2026-09-17 09:00:00,108.1846,-7.387799999999999,-1.0,stop
28,Short,17,2026-09-15 16:00:00,18,2026-09-15 17:00:00,85.2161,91.7484,72.15149999999998,6.532300000000006,22,2026-09-16 12:00:00,72.15149999999998,13.064600000000013,2.0,target
28,Long,31,2026-09-17 12:00:00,32,2026-09-17 13:00:00,74.251,70.8463,81.06040000000002,3.4047000000000054,32,2026-09-17 13:00:00,70.8463,-3.4047000000000054,-1.0,stop
28,Short,33,2026-09-17 14:00:00,34,2026-09-17 15:00:00,65.429,67.3529,61.581199999999995,1.9239000000000033,34,2026-09-17 15:00:00,61.581199999999995,3.8478000000000065,2.0,target
29,Short,13,2026-09-15 12:00:00,14,2026-09-15 13:00:00,116.1846,118.8642,110.82540000000002,2.6795999999999935,14,2026-09-15 13:00:00,110.82540000000002,5.359199999999987,2.0,target
29,Long,20,2026-09-16 10:00:00,21,2026-09-16 11:00:00,120.2103,118.7494,123.13210000000002,1.4609000000000094,21,2026-09-16 11:00:00,118.7494,-1.4609000000000094,-1.0,stop
29,Short,25,2026-09-16 15:00:00,26,2026-09-16 16:00:00,110.2294,111.9505,106.78719999999998,1.721100000000007,26,2026-09-16 16:00:00,106.78719999999998,3.442200000000014,2.0,target
30,Long,28,2026-09-17 09:00:00,29,2026-09-17 10:00:00,62.1131,57.0445,72.25030000000001,5.0686000000000035,30,2026-09-17 11:00:00,57.0445,-5.0686000000000035,-1.0,stop
31,Long,28,2026-09-17 09:00:00,29,2026-09-17 10:00:00,66.934,65.9215,68.959,1.0125000000000028,29,2026-09-17 10:00:00,65.9215,-1.0125000000000028,-1.0,stop
31,Short,31,2026-09-17 12:00:00,32,2026-09-17 13:00:00,57.9111,58.6641,56.4051,0.7530000000000001,32,2026-09-17 13:00:00,56.4051,1.5060000000000002,2.0,target
32,Long,35,2026-09-17 16:00:00,36,2026-09-17 17:00:00,73.5713,73.4244,73.86509999999997,0.14689999999998804,36,2026-09-17 17:00:00,73.4244,-0.14689999999998804,-1.0,stop
33,Short,25,2026-09-16 15:00:00,26,2026-09-16 16:00:00,93.7069,99.5742,81.9723,5.8673,41,2026-09-18 13:00:00,81.9723,11.7346,2.0,target
33,Long,34,2026-09-17 15:00:00,35,2026-09-17 16:00:00,96.1485,92.3816,103.68229999999998,3.7668999999999926,36,2026-09-17 17:00:00,92.3816,-3.7668999999999926,-1.0,stop
33,Short,38,2026-09-18 10:00:00,39,2026-09-18 11:00:00,88.0663,90.3962,83.40650000000001,2.329899999999995,41,2026-09-18 13:00:00,83.40650000000001,4.65979999999999,2.0,target
34,Long,24,2026-09-16 14:00:00,25,2026-09-16 15:00:00,113.2615,111.4288,116.9269,1.8327000000000027,25,2026-09-16 15:00:00,116.9269,3.6654000000000053,2.0,target
34,Short,40,2026-09-18 12:00:00,41,2026-09-18 13:00:00,131.8321,132.0048,131.4867,0.17269999999999186,41,2026-09-18 13:00:00,132.0048,-0.17269999999999186,-1.0,stop
35,Long,36,2026-09-17 17:00:00,37,2026-09-18 09:00:00,68.8675,61.3835,83.83550000000002,7.484000000000009,44,2026-09-18 16:00:00,83.83550000000002,14.968000000000018,2.0,target
35,Short,37,2026-09-18 09:00:00,38,2026-09-18 10:00:00,67.8243,69.2359,65.00109999999998,1.411600000000007,39,2026-09-18 11:00:00,69.2359,-1.411600000000007,-1.0,stop
35,Long,40,2026-09-18 12:00:00,41,2026-09-18 13:00:00,67.6856,67.2709,68.51499999999999,0.4146999999999963,41,2026-09-18 13:00:00,68.51499999999999,0.8293999999999926,2.0,target
36,Short,28,2026-09-17 09:00:00,29,2026-09-17 10:00:00,133.3486,138.1536,123.73859999999999,4.805000000000007,32,2026-09-17 13:00:00,123.73859999999999,9.610000000000014,2.0,target
36,Long,39,2026-09-18 11:00:00,40,2026-09-18 12:00:00,130.8633,126.2584,140.07310000000004,4.604900000000015,41,2026-09-18 13:00:00,126.2584,-4.604900000000015,-1.0,stop
36,Short,44,2026-09-18 16:00:00,45,2026-09-18 17:00:00,108.0603,113.1719,97.8371,5.111599999999996,45,2026-09-18 17:00:00,100.6381,7.422200000000004,1.4520306753267098,time_exit
37,Short,13,2026-09-15 12:00:00,14,2026-09-15 13:00:00,102.6021,104.4712,98.86389999999999,1.869100000000003,15,2026-09-15 14:00:00,98.86389999999999,3.738200000000006,2.0,target
37,Long,31,2026-09-17 12:00:00,32,2026-09-17 13:00:00,90.3153,89.8625,91.22089999999999,0.4527999999999963,32,2026-09-17 13:00:00,89.8625,-0.4527999999999963,-1.0,stop
38,Long,16,2026-09-15 15:00:00,17,2026-09-15 16:00:00,70.1826,69.9629,70.62199999999997,0.2196999999999889,17,2026-09-15 16:00:00,69.9629,-0.2196999999999889,-1.0,stop
38,Short,17,2026-09-15 16:00:00,18,2026-09-15 17:00:00,69.3144,70.2184,67.50640000000001,0.9039999999999964,18,2026-09-15 17:00:00,67.50640000000001,1.8079999999999927,2.0,target
38,Long,32,2026-09-17 13:00:00,33,2026-09-17 14:00:00,67.4458,62.4697,77.39800000000001,4.976100000000002,33,2026-09-17 14:00:00,62.4697,-4.976100000000002,-1.0,stop
38,Short,33,2026-09-17 14:00:00,34,2026-09-17 15:00:00,60.9427,67.92,46.9881,6.9773,36,2026-09-17 17:00:00,67.92,-6.9773,-1.0,stop
38,Long,34,2026-09-17 15:00:00,35,2026-09-17 16:00:00,66.7775,60.4998,79.33290000000001,6.277700000000003,45,2026-09-18 17:00:00,62.5349,-4.242600000000003,-0.675820762381127,time_exit
38,Short,44,2026-09-18 16:00:00,45,2026-09-18 17:00:00,62.366,66.3705,54.356999999999985,4.004500000000007,45,2026-09-18 17:00:00,62.5349,-0.16890000000000072,-0.04217755025596214,time_exit
39,Short,16,2026-09-15 15:00:00,17,2026-09-15 16:00:00,112.3558,119.4181,98.23120000000002,7.062299999999993,38,2026-09-18 10:00:00,119.4181,-7.062299999999993,-1.0,stop
39,Long,31,2026-09-17 12:00:00,32,2026-09-17 13:00:00,112.4074,109.1793,118.86359999999999,3.2280999999999977,38,2026-09-18 10:00:00,118.86359999999999,6.4561999999999955,2.0,target
39,Short,43,2026-09-18 15:00:00,44,2026-09-18 16:00:00,109.2051,109.3905,108.8343,0.18540000000000134,44,2026-09-18 16:00:00,109.3905,-0.18540000000000134,-1.0,stop
40,Long,15,2026-09-15 14:00:00,16,2026-09-15 15:00:00,79.7364,79.4285,80.35220000000001,0.3079000000000036,16,2026-09-15 15:00:00,79.4285,-0.3079000000000036,-1.0,stop
40,Short,17,2026-09-15 16:00:00,18,2026-09-15 17:00:00,65.9365,72.6727,52.46409999999997,6.736200000000011,29,2026-09-17 10:00:00,52.46409999999997,13.472400000000022,2.0,target
40,Long,27,2026-09-16 17:00:00,28,2026-09-17 09:00:00,62.3114,62.0807,62.7728,0.2306999999999988,28,2026-09-17 09:00:00,62.0807,-0.2306999999999988,-1.0,stop
40,Short,29,2026-09-17 10:00:00,30,2026-09-17 11:00:00,51.6887,54.9528,45.160499999999985,3.264100000000006,30,2026-09-17 11:00:00,54.9528,-3.264100000000006,-1.0,stop
41,Short,19,2026-09-16 09:00:00,20,2026-09-16 10:00:00,128.7258,133.7311,118.71519999999998,5.005300000000005,20,2026-09-16 10:00:00,133.7311,-5.005300000000005,-1.0,stop
41,Long,20,2026-09-16 10:00:00,21,2026-09-16 11:00:00,134.991,128.2808,148.41140000000004,6.710200000000015,38,2026-09-18 10:00:00,128.2808,-6.710200000000015,-1.0,stop
41,Short,34,2026-09-17 15:00:00,35,2026-09-17 16:00:00,133.7803,140.3484,120.64410000000004,6.568099999999987,39,2026-09-18 11:00:00,120.64410000000004,13.136199999999974,2.0,target
42,Long,17,2026-09-15 16:00:00,18,2026-09-15 17:00:00,96.3944,93.8215,101.54020000000001,2.572900000000004,18,2026-09-15 17:00:00,101.54020000000001,5.145800000000008,2.0,target
42,Short,24,2026-09-16 14:00:00,25,2026-09-16 15:00:00,88.7408,88.9374,88.34759999999999,0.19660000000000366,25,2026-09-16 15:00:00,88.9374,-0.19660000000000366,-1.0,stop
43,Short,17,2026-09-15 16:00:00,18,2026-09-15 17:00:00,108.6097,112.2909,101.24730000000002,3.68119999999999,22,2026-09-16 12:00:00,112.2909,-3.68119999999999,-1.0,stop
43,Long,31,2026-09-17 12:00:00,32,2026-09-17 13:00:00,117.0795,111.3287,128.5811,5.750799999999998,33,2026-09-17 14:00:00,111.3287,-5.750799999999998,-1.0,stop
43,Short,35,2026-09-17 16:00:00,36,2026-09-17 17:00:00,101.9467,106.0227,93.79470000000002,4.075999999999993,37,2026-09-18 09:00:00,106.0227,-4.075999999999993,-1.0,stop
43,Long,41,2026-09-18 13:00:00,42,2026-09-18 14:00:00,106.4985,106.3229,106.84970000000001,0.17560000000000286,42,2026-09-18 14:00:00,106.3229,-0.17560000000000286,-1.0,stop
43,Short,42,2026-09-18 14:00:00,43,2026-09-18 15:00:00,100.0109,106.5934,86.84590000000001,6.582499999999996,45,2026-09-18 17:00:00,102.4432,-2.432299999999998,-0.36951006456513474,time_exit
44,Short,32,2026-09-17 13:00:00,33,2026-09-17 14:00:00,110.0264,116.2109,97.6574,6.1845,34,2026-09-17 15:00:00,116.2109,-6.1845,-1.0,stop
44,Long,39,2026-09-18 11:00:00,40,2026-09-18 12:00:00,121.4713,117.8756,128.66269999999997,3.5956999999999937,41,2026-09-18 13:00:00,117.8756,-3.5956999999999937,-1.0,stop
45,Short,18,2026-09-15 17:00:00,19,2026-09-16 09:00:00,109.7968,109.7985,109.7934,0.0016999999999995907,19,2026-09-16 09:00:00,109.7985,-0.0016999999999995907,-1.0,stop
45,Long,23,2026-09-16 13:00:00,24,2026-09-16 14:00:00,110.8916,107.6912,117.2924,3.200400000000002,24,2026-09-16 14:00:00,117.2924,6.400800000000004,2.0,target
45,Short,24,2026-09-16 14:00:00,25,2026-09-16 15:00:00,117.3603,117.5598,116.9613,0.19950000000000045,25,2026-09-16 15:00:00,117.5598,-0.19950000000000045,-1.0,stop
45,Long,25,2026-09-16 15:00:00,26,2026-09-16 16:00:00,120.869,117.0322,128.5426,3.8367999999999967,26,2026-09-16 16:00:00,117.0322,-3.8367999999999967,-1.0,stop
45,Short,29,2026-09-17 10:00:00,30,2026-09-17 11:00:00,108.11,108.3406,107.64880000000001,0.23059999999999548,30,2026-09-17 11:00:00,107.64880000000001,0.46119999999999095,2.0,target
46,Short,20,2026-09-16 10:00:00,21,2026-09-16 11:00:00,113.0097,115.4757,108.07769999999998,2.466000000000008,24,2026-09-16 14:00:00,115.4757,-2.466000000000008,-1.0,stop
46,Long,34,2026-09-17 15:00:00,35,2026-09-17 16:00:00,117.8466,111.4805,130.57879999999997,6.366099999999989,39,2026-09-18 11:00:00,130.57879999999997,12.732199999999978,2.0,target
47,Short,13,2026-09-15 12:00:00,14,2026-09-15 13:00:00,100.0699,100.5098,99.19010000000002,0.4398999999999944,14,2026-09-15 13:00:00,100.5098,-0.4398999999999944,-1.0,stop
47,Long,28,2026-09-17 09:00:00,29,2026-09-17 10:00:00,87.894,87.6019,88.47820000000002,0.2921000000000049,29,2026-09-17 10:00:00,87.6019,-0.2921000000000049,-1.0,stop
47,Short,31,2026-09-17 12:00:00,32,2026-09-17 13:00:00,74.6261,80.6758,62.52669999999999,6.049700000000001,40,2026-09-18 12:00:00,80.6758,-6.049700000000001,-1.0,stop
47,Long,39,2026-09-18 11:00:00,40,2026-09-18 12:00:00,75.4588,75.1257,76.125,0.33310000000000173,40,2026-09-18 12:00:00,76.125,0.6662000000000035,2.0,target
48,Short,41,2026-09-18 13:00:00,42,2026-09-18 14:00:00,131.2518,131.3365,131.0824,0.084699999999998,42,2026-09-18 14:00:00,131.3365,-0.084699999999998,-1.0,stop
49,Long,16,2026-09-15 15:00:00,17,2026-09-15 16:00:00,101.9716,94.8948,116.12519999999998,7.0767999999999915,20,2026-09-16 10:00:00,116.12519999999998,14.153599999999983,2.0,target
49,Short,30,2026-09-17 11:00:00,31,2026-09-17 12:00:00,116.29,121.5975,105.67500000000003,5.30749999999999,32,2026-09-17 13:00:00,121.5975,-5.30749999999999,-1.0,stop
49,Long,35,2026-09-17 16:00:00,36,2026-09-17 17:00:00,134.8098,129.1042,146.221,5.705600000000004,36,2026-09-17 17:00:00,129.1042,-5.705600000000004,-1.0,stop
50,Short,14,2026-09-15 13:00:00,15,2026-09-15 14:00:00,103.6282,103.9992,102.88620000000002,0.3709999999999951,15,2026-09-15 14:00:00,103.9992,-0.3709999999999951,-1.0,stop
50,Long,42,2026-09-18 14:00:00,43,2026-09-18 15:00:00,56.5312,56.1344,57.324799999999996,0.39679999999999893,43,2026-09-18 15:00:00,57.324799999999996,0.7935999999999979,2.0,target
51,Long,28,2026-09-17 09:00:00,29,2026-09-17 10:00:00,75.3976,70.9815,84.2298,4.4161,32,2026-09-17 13:00:00,84.2298,8.8322,2.0,target
52,Short,14,2026-09-15 13:00:00,15,2026-09-15 14:00:00,96.8073,101.948,86.52590000000001,5.140699999999995,17,2026-09-15 16:00:00,86.52590000000001,10.28139999999999,2.0,target
52,Long,27,2026-09-16 17:00:00,28,2026-09-17 09:00:00,85.8754,85.7191,86.188,0.15630000000000166,28,2026-09-17 09:00:00,85.7191,-0.15630000000000166,-1.0,stop
52,Short,33,2026-09-17 14:00:00,34,2026-09-17 15:00:00,72.7728,75.5443,67.2298,2.771500000000003,34,2026-09-17 15:00:00,67.2298,5.543000000000006,2.0,target
53,Long,13,2026-09-15 12:00:00,14,2026-09-15 13:00:00,106.3023,100.7431,117.42070000000001,5.559200000000004,14,2026-09-15 13:00:00,100.7431,-5.559200000000004,-1.0,stop
53,Short,26,2026-09-16 16:00:00,27,2026-09-16 17:00:00,98.8081,102.9774,90.46949999999998,4.169300000000007,28,2026-09-17 09:00:00,102.9774,-4.169300000000007,-1.0,stop
53,Long,32,2026-09-17 13:00:00,33,2026-09-17 14:00:00,113.6298,109.159,122.5714,4.470799999999997,35,2026-09-17 16:00:00,122.5714,8.941599999999994,2.0,target
53,Short,40,2026-09-18 12:00:00,41,2026-09-18 13:00:00,106.0485,113.4958,91.15390000000001,7.4472999999999985,45,2026-09-18 17:00:00,105.9578,0.09069999999999823,0.012178910477622528,time_exit
54,Short,23,2026-09-16 13:00:00,24,2026-09-16 14:00:00,124.0179,124.3018,123.45009999999999,0.2839000000000027,24,2026-09-16 14:00:00,124.3018,-0.2839000000000027,-1.0,stop
54,Long,25,2026-09-16 15:00:00,26,2026-09-16 16:00:00,134.3614,129.7879,143.5084,4.573499999999996,35,2026-09-17 16:00:00,129.7879,-4.573499999999996,-1.0,stop
54,Short,35,2026-09-17 16:00:00,36,2026-09-17 17:00:00,127.5979,134.9097,112.97430000000001,7.311799999999991,42,2026-09-18 14:00:00,134.9097,-7.311799999999991,-1.0,stop
54,Long,44,2026-09-18 16:00:00,45,2026-09-18 17:00:00,147.8791,140.5606,162.5161,7.3185,45,2026-09-18 17:00:00,146.5171,-1.3619999999999948,-0.18610370977659285,time_exit
55,Short,32,2026-09-17 13:00:00,33,2026-09-17 14:00:00,128.2895,134.4751,115.91830000000002,6.185599999999994,35,2026-09-17 16:00:00,134.4751,-6.185599999999994,-1.0,stop
55,Long,37,2026-09-18 09:00:00,38,2026-09-18 10:00:00,147.6687,140.9105,161.18509999999998,6.758199999999988,45,2026-09-18 17:00:00,152.6785,5.009800000000013,0.7412920600159838,time_exit
56,Long,14,2026-09-15 13:00:00,15,2026-09-15 14:00:00,83.3437,83.0133,84.0045,0.33039999999999736,15,2026-09-15 14:00:00,84.0045,0.6607999999999947,2.0,target
56,Short,17,2026-09-15 16:00:00,18,2026-09-15 17:00:00,78.1739,85.3709,63.7799,7.197000000000003,34,2026-09-17 15:00:00,85.3709,-7.197000000000003,-1.0,stop
56,Long,34,2026-09-17 15:00:00,35,2026-09-17 16:00:00,86.3371,80.4739,98.06350000000002,5.863200000000006,39,2026-09-18 11:00:00,98.06350000000002,11.726400000000012,2.0,target
57,Long,19,2026-09-16 09:00:00,20,2026-09-16 10:00:00,89.9947,89.5617,90.86069999999998,0.4329999999999927,20,2026-09-16 10:00:00,90.86069999999998,0.8659999999999854,2.0,target
57,Short,25,2026-09-16 15:00:00,26,2026-09-16 16:00:00,87.8339,87.9246,87.6525,0.09069999999999823,26,2026-09-16 16:00:00,87.9246,-0.09069999999999823,-1.0,stop
57,Long,34,2026-09-17 15:00:00,35,2026-09-17 16:00:00,85.6777,85.3555,86.32209999999999,0.32219999999999516,35,2026-09-17 16:00:00,85.3555,-0.32219999999999516,-1.0,stop
57,Short,35,2026-09-17 16:00:00,36,2026-09-17 17:00:00,80.1124,85.7092,68.91879999999999,5.596800000000002,38,2026-09-18 10:00:00,85.7092,-5.596800000000002,-1.0,stop
57,Long,40,2026-09-18 12:00:00,41,2026-09-18 13:00:00,93.8318,86.35,108.79540000000001,7.481800000000007,44,2026-09-18 16:00:00,86.35,-7.481800000000007,-1.0,stop
58,Long,13,2026-09-15 12:00:00,14,2026-09-15 13:00:00,102.5229,97.8575,111.85370000000002,4.665400000000005,19,2026-09-16 09:00:00,97.8575,-4.665400000000005,-1.0,stop
58,Short,20,2026-09-16 10:00:00,21,2026-09-16 11:00:00,92.8896,95.06,88.5488,2.1704000000000008,23,2026-09-16 13:00:00,88.5488,4.3408000000000015,2.0,target
58,Long,44,2026-09-18 16:00:00,45,2026-09-18 17:00:00,69.0972,68.8495,69.59259999999999,0.2476999999999947,45,2026-09-18 17:00:00,68.8495,-0.2476999999999947,-1.0,stop
59,Short,14,2026-09-15 13:00:00,15,2026-09-15 14:00:00,103.98,104.0702,103.79960000000001,0.09019999999999584,15,2026-09-15 14:00:00,104.0702,-0.09019999999999584,-1.0,stop
59,Long,29,2026-09-17 10:00:00,30,2026-09-17 11:00:00,104.9368,102.028,110.7544,2.9087999999999994,37,2026-09-18 09:00:00,102.028,-2.9087999999999994,-1.0,stop
59,Short,38,2026-09-18 10:00:00,39,2026-09-18 11:00:00,97.7095,100.6743,91.77990000000001,2.9647999999999968,40,2026-09-18 12:00:00,91.77990000000001,5.9295999999999935,2.0,target
60,Long,19,2026-09-16 09:00:00,20,2026-09-16 10:00:00,104.9959,97.3445,120.29870000000003,7.6514000000000095,29,2026-09-17 10:00:00,97.3445,-7.6514000000000095,-1.0,stop
60,Short,29,2026-09-17 10:00:00,30,2026-09-17 11:00:00,95.9291,98.8962,89.99490000000003,2.967099999999988,31,2026-09-17 12:00:00,89.99490000000003,5.934199999999976,2.0,target
60,Long,37,2026-09-18 09:00:00,38,2026-09-18 10:00:00,92.8123,92.4626,93.51169999999999,0.34969999999999857,38,2026-09-18 10:00:00,93.51169999999999,0.6993999999999971,2.0,target
60,Short,43,2026-09-18 15:00:00,44,2026-09-18 16:00:00,89.8927,95.3984,78.88130000000002,5.50569999999999,45,2026-09-18 17:00:00,82.5857,7.307000000000002,1.3271700237935258,time_exit
61,Long,14,2026-09-15 13:00:00,15,2026-09-15 14:00:00,105.1094,101.1466,113.03499999999997,3.962799999999987,15,2026-09-15 14:00:00,101.1466,-3.962799999999987,-1.0,stop
62,Long,34,2026-09-17 15:00:00,35,2026-09-17 16:00:00,82.2495,76.834,93.08049999999999,5.415499999999994,36,2026-09-17 17:00:00,76.834,-5.415499999999994,-1.0,stop
62,Short,44,2026-09-18 16:00:00,45,2026-09-18 17:00:00,76.9999,78.6027,73.79429999999999,1.602800000000002,45,2026-09-18 17:00:00,73.79429999999999,3.205600000000004,2.0,target
63,Long,28,2026-09-17 09:00:00,29,2026-09-17 10:00:00,70.1628,69.8182,70.852,0.3445999999999998,29,2026-09-17 10:00:00,69.8182,-0.3445999999999998,-1.0,stop
63,Short,31,2026-09-17 12:00:00,32,2026-09-17 13:00:00,67.3333,67.4126,67.17469999999999,0.07930000000000348,32,2026-09-17 13:00:00,67.4126,-0.07930000000000348,-1.0,stop
64,Short,23,2026-09-16 13:00:00,24,2026-09-16 14:00:00,104.885,112.0866,90.4818,7.201599999999999,30,2026-09-17 11:00:00,112.0866,-7.201599999999999,-1.0,stop
64,Long,31,2026-09-17 12:00:00,32,2026-09-17 13:00:00,114.2776,114.0353,114.7622,0.24230000000000018,32,2026-09-17 13:00:00,114.0353,-0.24230000000000018,-1.0,stop
65,Short,28,2026-09-17 09:00:00,29,2026-09-17 10:00:00,117.3744,119.0118,114.0996,1.6373999999999995,29,2026-09-17 10:00:00,119.0118,-1.6373999999999995,-1.0,stop
65,Long,29,2026-09-17 10:00:00,30,2026-09-17 11:00:00,121.8432,117.1818,131.166,4.6614,33,2026-09-17 14:00:00,117.1818,-4.6614,-1.0,stop
65,Short,30,2026-09-17 11:00:00,31,2026-09-17 12:00:00,121.6115,122.2984,120.23770000000002,0.6868999999999943,31,2026-09-17 12:00:00,122.2984,-0.6868999999999943,-1.0,stop
66,Short,14,2026-09-15 13:00:00,15,2026-09-15 14:00:00,111.1749,111.1876,111.14949999999997,0.012700000000009481,15,2026-09-15 14:00:00,111.1876,-0.012700000000009481,-1.0,stop
66,Long,26,2026-09-16 16:00:00,27,2026-09-16 17:00:00,105.3567,99.6991,116.67190000000001,5.657600000000002,31,2026-09-17 12:00:00,116.67190000000001,11.315200000000004,2.0,target
66,Short,37,2026-09-18 09:00:00,38,2026-09-18 10:00:00,98.4302,105.6853,83.92,7.255099999999999,39,2026-09-18 11:00:00,105.6853,-7.255099999999999,-1.0,stop
67,Long,14,2026-09-15 13:00:00,15,2026-09-15 14:00:00,104.0298,98.581,114.92739999999998,5.448799999999991,16,2026-09-15 15:00:00,98.581,-5.448799999999991,-1.0,stop
67,Short,20,2026-09-16 10:00:00,21,2026-09-16 11:00:00,86.9942,87.9631,85.05640000000002,0.9688999999999908,21,2026-09-16 11:00:00,85.05640000000002,1.9377999999999815,2.0,target
67,Long,27,2026-09-16 17:00:00,28,2026-09-17 09:00:00,101.5742,99.6393,105.444,1.934899999999999,28,2026-09-17 09:00:00,99.6393,-1.934899999999999,-1.0,stop
67,Short,33,2026-09-17 14:00:00,34,2026-09-17 15:00:00,86.1648,93.1832,72.128,7.0184,44,2026-09-18 16:00:00,72.128,14.0368,2.0,target
68,Long,23,2026-09-16 13:00:00,24,2026-09-16 14:00:00,82.7114,79.5101,89.114,3.2013000000000034,24,2026-09-16 14:00:00,79.5101,-3.2013000000000034,-1.0,stop
69,Long,14,2026-09-15 13:00:00,15,2026-09-15 14:00:00,86.4542,86.0768,87.20899999999999,0.3773999999999944,15,2026-09-15 14:00:00,86.0768,-0.3773999999999944,-1.0,stop
69,Short,30,2026-09-17 11:00:00,31,2026-09-17 12:00:00,95.3509,95.5362,94.9803,0.18529999999999802,31,2026-09-17 12:00:00,94.9803,0.37059999999999604,2.0,target
69,Long,40,2026-09-18 12:00:00,41,2026-09-18 13:00:00,100.5748,100.3972,100.92999999999999,0.1775999999999982,41,2026-09-18 13:00:00,100.3972,-0.1775999999999982,-1.0,stop
70,Long,24,2026-09-16 14:00:00,25,2026-09-16 15:00:00,95.9909,88.4095,111.1537,7.581400000000002,29,2026-09-17 10:00:00,111.1537,15.162800000000004,2.0,target
70,Short,43,2026-09-18 15:00:00,44,2026-09-18 16:00:00,124.4594,127.4683,118.44160000000001,3.008899999999997,44,2026-09-18 16:00:00,127.4683,-3.008899999999997,-1.0,stop
71,Short,24,2026-09-16 14:00:00,25,2026-09-16 15:00:00,118.0235,121.1629,111.74470000000001,3.139399999999995,25,2026-09-16 15:00:00,121.1629,-3.139399999999995,-1.0,stop
71,Long,26,2026-09-16 16:00:00,27,2026-09-16 17:00:00,121.7378,121.6694,121.87459999999999,0.06839999999999691,27,2026-09-16 17:00:00,121.6694,-0.06839999999999691,-1.0,stop
71,Short,36,2026-09-17 17:00:00,37,2026-09-18 09:00:00,127.9884,128.0586,127.84799999999997,0.07020000000001403,37,2026-09-18 09:00:00,128.0586,-0.07020000000001403,-1.0,stop
72,Long,14,2026-09-15 13:00:00,15,2026-09-15 14:00:00,99.1264,91.6559,114.0674,7.470500000000001,24,2026-09-16 14:00:00,114.0674,14.941000000000003,2.0,target
72,Short,32,2026-09-17 13:00:00,33,2026-09-17 14:00:00,101.8384,103.6475,98.22019999999999,1.8091000000000008,33,2026-09-17 14:00:00,103.6475,-1.8091000000000008,-1.0,stop
72,Long,39,2026-09-18 11:00:00,40,2026-09-18 12:00:00,116.3704,116.3412,116.42880000000001,0.029200000000003,40,2026-09-18 12:00:00,116.42880000000001,0.058400000000006,2.0,target
73,Long,27,2026-09-16 17:00:00,28,2026-09-17 09:00:00,50.2362,50.0169,50.67479999999999,0.21929999999999694,28,2026-09-17 09:00:00,50.0169,-0.21929999999999694,-1.0,stop
73,Short,44,2026-09-18 16:00:00,45,2026-09-18 17:00:00,55.2553,55.5375,54.69089999999999,0.2822000000000031,45,2026-09-18 17:00:00,55.5375,-0.2822000000000031,-1.0,stop
74,Short,39,2026-09-18 11:00:00,40,2026-09-18 12:00:00,127.6121,134.9795,112.87729999999999,7.3674000000000035,41,2026-09-18 13:00:00,134.9795,-7.3674000000000035,-1.0,stop
75,Short,23,2026-09-16 13:00:00,24,2026-09-16 14:00:00,111.8606,117.4878,100.60620000000003,5.627199999999988,26,2026-09-16 16:00:00,100.60620000000003,11.254399999999976,2.0,target
75,Long,36,2026-09-17 17:00:00,37,2026-09-18 09:00:00,84.8313,84.6881,85.11769999999999,0.1431999999999931,37,2026-09-18 09:00:00,84.6881,-0.1431999999999931,-1.0,stop
75,Short,39,2026-09-18 11:00:00,40,2026-09-18 12:00:00,85.9807,92.5751,72.79189999999998,6.594400000000007,44,2026-09-18 16:00:00,72.79189999999998,13.188800000000015,2.0,target
76,Short,17,2026-09-15 16:00:00,18,2026-09-15 17:00:00,84.1226,88.1458,76.07620000000003,4.023199999999989,19,2026-09-16 09:00:00,88.1458,-4.023199999999989,-1.0,stop
76,Long,25,2026-09-16 15:00:00,26,2026-09-16 16:00:00,95.7469,95.6913,95.8581,0.05559999999999832,26,2026-09-16 16:00:00,95.6913,-0.05559999999999832,-1.0,stop
77,Long,16,2026-09-15 15:00:00,17,2026-09-15 16:00:00,82.8516,80.258,88.03880000000002,2.5936000000000092,17,2026-09-15 16:00:00,80.258,-2.5936000000000092,-1.0,stop
77,Short,20,2026-09-16 10:00:00,21,2026-09-16 11:00:00,63.6453,69.8862,51.16349999999999,6.2409000000000034,23,2026-09-16 13:00:00,69.8862,-6.2409000000000034,-1.0,stop
77,Long,27,2026-09-16 17:00:00,28,2026-09-17 09:00:00,76.6919,76.5012,77.07330000000002,0.19070000000000675,28,2026-09-17 09:00:00,76.5012,-0.19070000000000675,-1.0,stop
77,Short,38,2026-09-18 10:00:00,39,2026-09-18 11:00:00,71.5376,76.2269,62.15899999999999,4.689300000000003,40,2026-09-18 12:00:00,76.2269,-4.689300000000003,-1.0,stop
78,Short,16,2026-09-15 15:00:00,17,2026-09-15 16:00:00,92.1563,99.0841,78.30069999999999,6.927800000000005,23,2026-09-16 13:00:00,78.30069999999999,13.85560000000001,2.0,target
78,Long,34,2026-09-17 15:00:00,35,2026-09-17 16:00:00,87.7171,80.2116,102.7281,7.505499999999998,45,2026-09-18 17:00:00,102.7281,15.010999999999996,2.0,target
79,Short,13,2026-09-15 12:00:00,14,2026-09-15 13:00:00,108.3554,108.4566,108.15300000000002,0.10119999999999152,14,2026-09-15 13:00:00,108.4566,-0.10119999999999152,-1.0,stop
79,Long,32,2026-09-17 13:00:00,33,2026-09-17 14:00:00,83.9134,78.5938,94.55259999999998,5.319599999999994,37,2026-09-18 09:00:00,94.55259999999998,10.639199999999988,2.0,target
80,Long,17,2026-09-15 16:00:00,18,2026-09-15 17:00:00,103.996,96.8608,118.26639999999999,7.1351999999999975,28,2026-09-17 09:00:00,96.8608,-7.1351999999999975,-1.0,stop
80,Short,27,2026-09-16 17:00:00,28,2026-09-17 09:00:00,98.9238,101.9666,92.8382,3.0427999999999997,29,2026-09-17 10:00:00,101.9666,-3.0427999999999997,-1.0,stop
80,Long,36,2026-09-17 17:00:00,37,2026-09-18 09:00:00,110.2639,103.2592,124.2733,7.0047,45,2026-09-18 17:00:00,124.2733,14.0094,2.0,target
81,Short,28,2026-09-17 09:00:00,29,2026-09-17 10:00:00,96.7862,100.1142,90.13019999999999,3.328000000000003,29,2026-09-17 10:00:00,100.1142,-3.328000000000003,-1.0,stop
81,Long,34,2026-09-17 15:00:00,35,2026-09-17 16:00:00,108.9658,104.4727,117.952,4.493099999999998,35,2026-09-17 16:00:00,104.4727,-4.493099999999998,-1.0,stop
81,Short,37,2026-09-18 09:00:00,38,2026-09-18 10:00:00,100.5288,100.6302,100.32600000000001,0.10139999999999816,38,2026-09-18 10:00:00,100.6302,-0.10139999999999816,-1.0,stop
81,Long,44,2026-09-18 16:00:00,45,2026-09-18 17:00:00,101.376,101.0673,101.99340000000001,0.30870000000000175,45,2026-09-18 17:00:00,101.0673,-0.30870000000000175,-1.0,stop
82,Long,18,2026-09-15 17:00:00,19,2026-09-16 09:00:00,111.2301,110.7887,112.11289999999997,0.44139999999998736,19,2026-09-16 09:00:00,112.11289999999997,0.8827999999999747,2.0,target
82,Short,35,2026-09-17 16:00:00,36,2026-09-17 17:00:00,129.0155,133.9819,119.08270000000002,4.966399999999993,38,2026-09-18 10:00:00,133.9819,-4.966399999999993,-1.0,stop
82,Long,42,2026-09-18 14:00:00,43,2026-09-18 15:00:00,134.7388,133.3669,137.48260000000002,1.3719000000000108,43,2026-09-18 15:00:00,133.3669,-1.3719000000000108,-1.0,stop
83,Short,16,2026-09-15 15:00:00,17,2026-09-15 16:00:00,111.9467,112.0708,111.69850000000001,0.12409999999999854,17,2026-09-15 16:00:00,112.0708,-0.12409999999999854,-1.0,stop
83,Long,17,2026-09-15 16:00:00,18,2026-09-15 17:00:00,118.8572,111.6415,133.28860000000003,7.215700000000012,24,2026-09-16 14:00:00,111.6415,-7.215700000000012,-1.0,stop
83,Short,24,2026-09-16 14:00:00,25,2026-09-16 15:00:00,107.8533,114.7163,94.1273,6.8629999999999995,35,2026-09-17 16:00:00,114.7163,-6.8629999999999995,-1.0,stop
83,Long,35,2026-09-17 16:00:00,36,2026-09-17 17:00:00,114.7482,113.1705,117.90359999999998,1.577699999999993,36,2026-09-17 17:00:00,117.90359999999998,3.155399999999986,2.0,target
84,Long,17,2026-09-15 16:00:00,18,2026-09-15 17:00:00,99.8834,92.369,114.91219999999998,7.514399999999995,27,2026-09-16 17:00:00,114.91219999999998,15.02879999999999,2.0,target
84,Short,37,2026-09-18 09:00:00,38,2026-09-18 10:00:00,126.4319,126.7352,125.82529999999998,0.30330000000000723,38,2026-09-18 10:00:00,126.7352,-0.30330000000000723,-1.0,stop
84,Long,40,2026-09-18 12:00:00,41,2026-09-18 13:00:00,130.8101,127.0215,138.3873,3.7886000000000024,44,2026-09-18 16:00:00,127.0215,-3.7886000000000024,-1.0,stop
85,Long,26,2026-09-16 16:00:00,27,2026-09-16 17:00:00,82.1695,78.4705,89.5675,3.698999999999998,27,2026-09-16 17:00:00,78.4705,-3.698999999999998,-1.0,stop
85,Short,30,2026-09-17 11:00:00,31,2026-09-17 12:00:00,72.6802,76.8064,64.4278,4.126199999999997,32,2026-09-17 13:00:00,76.8064,-4.126199999999997,-1.0,stop
85,Long,33,2026-09-17 14:00:00,34,2026-09-17 15:00:00,84.2465,77.4642,97.81109999999998,6.782299999999992,45,2026-09-18 17:00:00,84.6766,0.43009999999999593,0.06341506568568132,time_exit
85,Short,44,2026-09-18 16:00:00,45,2026-09-18 17:00:00,83.0666,83.3844,82.43099999999998,0.3178000000000054,45,2026-09-18 17:00:00,83.3844,-0.3178000000000054,-1.0,stop
86,Short,13,2026-09-15 12:00:00,14,2026-09-15 13:00:00,109.5019,111.8159,104.87390000000002,2.313999999999993,15,2026-09-15 14:00:00,104.87390000000002,4.627999999999986,2.0,target
86,Long,21,2026-09-16 11:00:00,22,2026-09-16 12:00:00,117.5479,111.9111,128.8215,5.636799999999994,23,2026-09-16 13:00:00,111.9111,-5.636799999999994,-1.0,stop
86,Short,31,2026-09-17 12:00:00,32,2026-09-17 13:00:00,111.7527,118.0969,99.0643,6.344200000000001,36,2026-09-17 17:00:00,118.0969,-6.344200000000001,-1.0,stop
86,Long,38,2026-09-18 10:00:00,39,2026-09-18 11:00:00,116.6577,116.2627,117.44770000000003,0.39500000000001023,39,2026-09-18 11:00:00,116.2627,-0.39500000000001023,-1.0,stop
87,Long,17,2026-09-15 16:00:00,18,2026-09-15 17:00:00,99.089,98.7772,99.71260000000001,0.3118000000000052,18,2026-09-15 17:00:00,98.7772,-0.3118000000000052,-1.0,stop
87,Short,25,2026-09-16 15:00:00,26,2026-09-16 16:00:00,93.7621,95.9356,89.41510000000002,2.17349999999999,27,2026-09-16 17:00:00,89.41510000000002,4.34699999999998,2.0,target
87,Long,44,2026-09-18 16:00:00,45,2026-09-18 17:00:00,60.5284,60.3869,60.8114,0.14150000000000063,45,2026-09-18 17:00:00,60.3869,-0.14150000000000063,-1.0,stop
88,Long,13,2026-09-15 12:00:00,14,2026-09-15 13:00:00,95.3274,94.853,96.2762,0.4744000000000028,14,2026-09-15 13:00:00,96.2762,0.9488000000000056,2.0,target
88,Short,21,2026-09-16 11:00:00,22,2026-09-16 12:00:00,100.0453,100.1289,99.87809999999999,0.08360000000000412,22,2026-09-16 12:00:00,100.1289,-0.08360000000000412,-1.0,stop
88,Long,22,2026-09-16 12:00:00,23,2026-09-16 13:00:00,96.0666,95.9798,96.24019999999999,0.08679999999999666,23,2026-09-16 13:00:00,95.9798,-0.08679999999999666,-1.0,stop
89,Short,17,2026-09-15 16:00:00,18,2026-09-15 17:00:00,112.8385,117.4495,103.61649999999999,4.611000000000004,19,2026-09-16 09:00:00,117.4495,-4.611000000000004,-1.0,stop
89,Long,20,2026-09-16 10:00:00,21,2026-09-16 11:00:00,120.9671,118.5278,125.84570000000001,2.439300000000003,21,2026-09-16 11:00:00,118.5278,-2.439300000000003,-1.0,stop
89,Short,36,2026-09-17 17:00:00,37,2026-09-18 09:00:00,125.0364,132.5797,109.9498,7.543300000000002,42,2026-09-18 14:00:00,109.9498,15.086600000000004,2.0,target
90,Short,16,2026-09-15 15:00:00,17,2026-09-15 16:00:00,108.1719,112.5806,99.35449999999997,4.40870000000001,18,2026-09-15 17:00:00,112.5806,-4.40870000000001,-1.0,stop
90,Long,30,2026-09-17 11:00:00,31,2026-09-17 12:00:00,115.7221,109.0221,129.1221,6.700000000000003,34,2026-09-17 15:00:00,109.0221,-6.700000000000003,-1.0,stop
91,Short,27,2026-09-16 17:00:00,28,2026-09-17 09:00:00,110.6425,117.7679,96.3917,7.125399999999999,40,2026-09-18 12:00:00,117.7679,-7.125399999999999,-1.0,stop
91,Long,36,2026-09-17 17:00:00,37,2026-09-18 09:00:00,110.0121,109.8677,110.30090000000001,0.14440000000000452,37,2026-09-18 09:00:00,109.8677,-0.14440000000000452,-1.0,stop
92,Short,14,2026-09-15 13:00:00,15,2026-09-15 14:00:00,105.9996,107.5777,102.84340000000002,1.578099999999992,15,2026-09-15 14:00:00,107.5777,-1.578099999999992,-1.0,stop
92,Long,25,2026-09-16 15:00:00,26,2026-09-16 16:00:00,120.0657,112.8641,134.46890000000002,7.201600000000013,31,2026-09-17 12:00:00,134.46890000000002,14.403200000000012,1.999999999999998,target
92,Short,38,2026-09-18 10:00:00,39,2026-09-18 11:00:00,135.6734,135.7748,135.47059999999996,0.10140000000001237,39,2026-09-18 11:00:00,135.7748,-0.10140000000001237,-1.0,stop
93,Short,26,2026-09-16 16:00:00,27,2026-09-16 17:00:00,125.6261,126.0809,124.71649999999998,0.45480000000000587,27,2026-09-16 17:00:00,126.0809,-0.45480000000000587,-1.0,stop
93,Long,31,2026-09-17 12:00:00,32,2026-09-17 13:00:00,132.4486,128.0935,141.15879999999999,4.355099999999993,41,2026-09-18 13:00:00,128.0935,-4.355099999999993,-1.0,stop
93,Short,42,2026-09-18 14:00:00,43,2026-09-18 15:00:00,121.9154,123.8076,118.13100000000003,1.8921999999999883,43,2026-09-18 15:00:00,123.8076,-1.8921999999999883,-1.0,stop
94,Short,24,2026-09-16 14:00:00,25,2026-09-16 15:00:00,119.6438,121.0525,116.8264,1.408699999999996,26,2026-09-16 16:00:00,116.8264,2.817399999999992,2.0,target
94,Long,35,2026-09-17 16:00:00,36,2026-09-17 17:00:00,110.6835,110.613,110.82449999999999,0.07049999999999557,36,2026-09-17 17:00:00,110.613,-0.07049999999999557,-1.0,stop
94,Short,39,2026-09-18 11:00:00,40,2026-09-18 12:00:00,101.8004,108.1645,89.07219999999998,6.364100000000008,43,2026-09-18 15:00:00,108.1645,-6.364100000000008,-1.0,stop
95,Long,15,2026-09-15 14:00:00,16,2026-09-15 15:00:00,98.4625,93.8638,107.65990000000002,4.598700000000008,16,2026-09-15 15:00:00,93.8638,-4.598700000000008,-1.0,stop
95,Short,17,2026-09-15 16:00:00,18,2026-09-15 17:00:00,89.0561,93.0701,81.02810000000001,4.013999999999996,21,2026-09-16 11:00:00,93.0701,-4.013999999999996,-1.0,stop
95,Long,24,2026-09-16 14:00:00,25,2026-09-16 15:00:00,87.7166,87.4765,88.1968,0.2400999999999982,25,2026-09-16 15:00:00,87.4765,-0.2400999999999982,-1.0,stop
95,Short,27,2026-09-16 17:00:00,28,2026-09-17 09:00:00,93.3182,93.4965,92.96160000000002,0.17829999999999302,28,2026-09-17 09:00:00,92.96160000000002,0.35659999999998604,2.0,target
95,Long,39,2026-09-18 11:00:00,40,2026-09-18 12:00:00,96.3979,89.6208,109.95210000000002,6.777100000000004,45,2026-09-18 17:00:00,94.2634,-2.1345000000000027,-0.314957725280725,time_exit
96,Short,16,2026-09-15 15:00:00,17,2026-09-15 16:00:00,96.1654,102.8108,82.87460000000002,6.645399999999995,17,2026-09-15 16:00:00,102.8108,-6.645399999999995,-1.0,stop
96,Long,21,2026-09-16 11:00:00,22,2026-09-16 12:00:00,106.9164,106.8819,106.98539999999998,0.0344999999999942,22,2026-09-16 12:00:00,106.8819,-0.0344999999999942,-1.0,stop
96,Short,27,2026-09-16 17:00:00,28,2026-09-17 09:00:00,102.8964,105.931,96.8272,3.0345999999999975,30,2026-09-17 11:00:00,96.8272,6.069199999999995,2.0,target
97,Long,13,2026-09-15 12:00:00,14,2026-09-15 13:00:00,106.1544,103.6891,111.085,2.465299999999999,15,2026-09-15 14:00:00,103.6891,-2.465299999999999,-1.0,stop
97,Short,29,2026-09-17 10:00:00,30,2026-09-17 11:00:00,106.2638,106.7039,105.3836,0.44010000000000105,30,2026-09-17 11:00:00,105.3836,0.8802000000000021,2.0,target
97,Long,40,2026-09-18 12:00:00,41,2026-09-18 13:00:00,113.3299,107.8881,124.2135,5.441800000000001,45,2026-09-18 17:00:00,123.6956,10.365700000000004,1.904829284427947,time_exit
98,Short,24,2026-09-16 14:00:00,25,2026-09-16 15:00:00,98.7654,106.3612,83.5738,7.595799999999997,30,2026-09-17 11:00:00,106.3612,-7.595799999999997,-1.0,stop
98,Long,32,2026-09-17 13:00:00,33,2026-09-17 14:00:00,107.2663,106.8084,108.18209999999999,0.4578999999999951,33,2026-09-17 14:00:00,106.8084,-0.4578999999999951,-1.0,stop
98,Short,42,2026-09-18 14:00:00,43,2026-09-18 15:00:00,100.7269,106.5966,88.98750000000001,5.869699999999995,44,2026-09-18 16:00:00,106.5966,-5.869699999999995,-1.0,stop
99,Long,20,2026-09-16 10:00:00,21,2026-09-16 11:00:00,96.9416,96.6631,97.49859999999998,0.278499999999994,21,2026-09-16 11:00:00,97.49859999999998,0.556999999999988,2.0,target
99,Short,28,2026-09-17 09:00:00,29,2026-09-17 10:00:00,93.3595,100.0436,79.9913,6.684100000000001,32,2026-09-17 13:00:00,79.9913,13.368200000000002,2.0,target
99,Long,38,2026-09-18 10:00:00,39,2026-09-18 11:00:00,93.6184,88.6717,103.51179999999998,4.946699999999993,45,2026-09-18 17:00:00,94.2007,0.5823000000000036,0.11771484019649553,time_exit
100,Short,14,2026-09-15 13:00:00,15,2026-09-15 14:00:00,107.2283,110.9208,99.84330000000001,3.6924999999999955,15,2026-09-15 14:00:00,110.9208,-3.6924999999999955,-1.0,stop
100,Long,24,2026-09-16 14:00:00,25,2026-09-16 15:00:00,120.8747,118.8314,124.96130000000001,2.043300000000002,25,2026-09-16 15:00:00,118.8314,-2.043300000000002,-1.0,stop
100,Short,29,2026-09-17 10:00:00,30,2026-09-17 11:00:00,103.6557,107.5457,95.8757,3.8900000000000006,32,2026-09-17 13:00:00,95.8757,7.780000000000001,2.0,target
100,Long,41,2026-09-18 13:00:00,42,2026-09-18 14:00:00,101.9615,101.8049,102.2747,0.1565999999999974,42,2026-09-18 14:00:00,101.8049,-0.1565999999999974,-1.0,stop
101,Long,21,2026-09-16 11:00:00,22,2026-09-16 12:00:00,100.2095,92.9548,114.7189,7.2547,24,2026-09-16 14:00:00,92.9548,-7.2547,-1.0,stop
101,Short,28,2026-09-17 09:00:00,29,2026-09-17 10:00:00,90.4851,92.4406,86.5741,1.9555000000000007,29,2026-09-17 10:00:00,92.4406,-1.9555000000000007,-1.0,stop
101,Long,41,2026-09-18 13:00:00,42,2026-09-18 14:00:00,85.0928,84.7794,85.7196,0.31340000000000146,42,2026-09-18 14:00:00,84.7794,-0.31340000000000146,-1.0,stop
102,Short,17,2026-09-15 16:00:00,18,2026-09-15 17:00:00,121.913,122.0208,121.6974,0.10779999999999745,18,2026-09-15 17:00:00,122.0208,-0.10779999999999745,-1.0,stop
102,Long,38,2026-09-18 10:00:00,39,2026-09-18 11:00:00,107.1806,106.7221,108.0976,0.4585000000000008,39,2026-09-18 11:00:00,108.0976,0.9170000000000016,2.0,target
102,Short,43,2026-09-18 15:00:00,44,2026-09-18 16:00:00,96.0467,103.199,81.74210000000001,7.152299999999997,45,2026-09-18 17:00:00,99.6052,-3.558499999999995,-0.4975322623491739,time_exit
103,Long,25,2026-09-16 15:00:00,26,2026-09-16 16:00:00,78.6078,73.08,89.6634,5.527799999999999,29,2026-09-17 10:00:00,89.6634,11.055599999999998,2.0,target
104,Long,13,2026-09-15 12:00:00,14,2026-09-15 13:00:00,100.2594,96.5817,107.6148,3.6777000000000015,14,2026-09-15 13:00:00,107.6148,7.355400000000003,2.0,target
104,Short,23,2026-09-16 13:00:00,24,2026-09-16 14:00:00,100.0341,103.9218,92.25869999999998,3.8877000000000095,30,2026-09-17 11:00:00,92.25869999999998,7.775400000000019,2.0,target
104,Long,35,2026-09-17 16:00:00,36,2026-09-17 17:00:00,97.2671,97.1898,97.42169999999999,0.07729999999999393,36,2026-09-17 17:00:00,97.1898,-0.07729999999999393,-1.0,stop
105,Short,27,2026-09-16 17:00:00,28,2026-09-17 09:00:00,103.9035,108.6718,94.36689999999997,4.768300000000011,30,2026-09-17 11:00:00,108.6718,-4.768300000000011,-1.0,stop
105,Long,34,2026-09-17 15:00:00,35,2026-09-17 16:00:00,111.3429,107.179,119.6707,4.163899999999998,41,2026-09-18 13:00:00,119.6707,8.327799999999996,2.0,target
106,Short,18,2026-09-15 17:00:00,19,2026-09-16 09:00:00,93.6312,93.9434,93.00680000000003,0.31219999999999004,19,2026-09-16 09:00:00,93.00680000000003,0.6243999999999801,2.0,target
106,Long,35,2026-09-17 16:00:00,36,2026-09-17 17:00:00,85.5435,80.0053,96.61989999999997,5.538199999999989,45,2026-09-18 17:00:00,87.7921,2.2486000000000104,0.4060163952186658,time_exit
107,Short,22,2026-09-16 12:00:00,23,2026-09-16 13:00:00,96.4041,101.0646,87.0831,4.660499999999999,23,2026-09-16 13:00:00,101.0646,-4.660499999999999,-1.0,stop
107,Long,29,2026-09-17 10:00:00,30,2026-09-17 11:00:00,103.123,103.0636,103.24180000000003,0.05940000000001078,30,2026-09-17 11:00:00,103.0636,-0.05940000000001078,-1.0,stop
108,Short,32,2026-09-17 13:00:00,33,2026-09-17 14:00:00,120.6957,123.7763,114.5345,3.080600000000004,35,2026-09-17 16:00:00,114.5345,6.161200000000008,2.0,target
108,Long,41,2026-09-18 13:00:00,42,2026-09-18 14:00:00,115.6082,115.1727,116.47919999999998,0.43549999999999045,42,2026-09-18 14:00:00,116.47919999999998,0.8709999999999809,2.0,target
109,Short,18,2026-09-15 17:00:00,19,2026-09-16 09:00:00,85.3249,92.924,70.12669999999999,7.599100000000007,25,2026-09-16 15:00:00,92.924,-7.599100000000007,-1.0,stop
109,Long,26,2026-09-16 16:00:00,27,2026-09-16 17:00:00,103.11,95.5134,118.30319999999999,7.596599999999995,37,2026-09-18 09:00:00,118.30319999999999,15.19319999999999,2.0,target
109,Short,41,2026-09-18 13:00:00,42,2026-09-18 14:00:00,100.5729,106.6442,88.43030000000002,6.071299999999994,45,2026-09-18 17:00:00,95.9199,4.653000000000006,0.7663927000807094,time_exit
110,Short,22,2026-09-16 12:00:00,23,2026-09-16 13:00:00,135.0295,135.1424,134.80370000000002,0.11289999999999623,23,2026-09-16 13:00:00,135.1424,-0.11289999999999623,-1.0,stop
110,Long,25,2026-09-16 15:00:00,26,2026-09-16 16:00:00,132.1881,131.7632,133.03789999999995,0.4248999999999796,26,2026-09-16 16:00:00,131.7632,-0.4248999999999796,-1.0,stop
110,Short,27,2026-09-16 17:00:00,28,2026-09-17 09:00:00,118.4663,124.9605,105.47790000000002,6.494199999999992,28,2026-09-17 09:00:00,124.9605,-6.494199999999992,-1.0,stop
110,Long,44,2026-09-18 16:00:00,45,2026-09-18 17:00:00,114.3513,109.5643,123.92529999999998,4.786999999999992,45,2026-09-18 17:00:00,109.5643,-4.786999999999992,-1.0,stop
111,Short,26,2026-09-16 16:00:00,27,2026-09-16 17:00:00,120.4641,125.5621,110.2681,5.097999999999999,27,2026-09-16 17:00:00,125.5621,-5.097999999999999,-1.0,stop
111,Long,32,2026-09-17 13:00:00,33,2026-09-17 14:00:00,132.3469,128.3629,140.31490000000002,3.984000000000009,35,2026-09-17 16:00:00,128.3629,-3.984000000000009,-1.0,stop
111,Short,38,2026-09-18 10:00:00,39,2026-09-18 11:00:00,123.9162,125.8721,120.0044,1.9558999999999997,40,2026-09-18 12:00:00,125.8721,-1.9558999999999997,-1.0,stop
112,Short,19,2026-09-16 09:00:00,20,2026-09-16 10:00:00,114.3628,114.44,114.20839999999998,0.07720000000000482,20,2026-09-16 10:00:00,114.44,-0.07720000000000482,-1.0,stop
112,Long,31,2026-09-17 12:00:00,32,2026-09-17 13:00:00,115.8792,115.5218,116.594,0.3573999999999984,32,2026-09-17 13:00:00,116.594,0.7147999999999968,2.0,target
112,Short,43,2026-09-18 15:00:00,44,2026-09-18 16:00:00,117.9272,122.93,107.92159999999998,5.002800000000008,45,2026-09-18 17:00:00,111.5516,6.375600000000006,1.274406332453825,time_exit
113,Short,16,2026-09-15 15:00:00,17,2026-09-15 16:00:00,86.7987,88.4907,83.41469999999998,1.6920000000000073,17,2026-09-15 16:00:00,88.4907,-1.6920000000000073,-1.0,stop
113,Long,36,2026-09-17 17:00:00,37,2026-09-18 09:00:00,73.4199,70.4054,79.4489,3.014499999999998,38,2026-09-18 10:00:00,79.4489,6.028999999999996,2.0,target
114,Short,13,2026-09-15 12:00:00,14,2026-09-15 13:00:00,97.9974,100.2788,93.43459999999999,2.281400000000005,14,2026-09-15 13:00:00,100.2788,-2.281400000000005,-1.0,stop
114,Long,21,2026-09-16 11:00:00,22,2026-09-16 12:00:00,101.9037,100.8439,104.02329999999999,1.0597999999999956,22,2026-09-16 12:00:00,104.02329999999999,2.1195999999999913,2.0,target
114,Short,27,2026-09-16 17:00:00,28,2026-09-17 09:00:00,97.5945,101.5517,89.6801,3.9572000000000003,31,2026-09-17 12:00:00,89.6801,7.9144000000000005,2.0,target
114,Long,35,2026-09-17 16:00:00,36,2026-09-17 17:00:00,106.9318,100.4435,119.90839999999999,6.488299999999995,39,2026-09-18 11:00:00,100.4435,-6.488299999999995,-1.0,stop
114,Short,41,2026-09-18 13:00:00,42,2026-09-18 14:00:00,95.185,95.3959,94.76320000000001,0.2108999999999952,42,2026-09-18 14:00:00,94.76320000000001,0.4217999999999904,2.0,target
115,Short,17,2026-09-15 16:00:00,18,2026-09-15 17:00:00,122.7742,123.1035,122.11559999999999,0.3293000000000035,18,2026-09-15 17:00:00,123.1035,-0.3293000000000035,-1.0,stop
115,Long,18,2026-09-15 17:00:00,19,2026-09-16 09:00:00,129.1799,122.6072,142.3253,6.5726999999999975,20,2026-09-16 10:00:00,122.6072,-6.5726999999999975,-1.0,stop
116,Short,28,2026-09-17 09:00:00,29,2026-09-17 10:00:00,120.0299,126.3819,107.32589999999999,6.352000000000004,29,2026-09-17 10:00:00,126.3819,-6.352000000000004,-1.0,stop
117,Long,16,2026-09-15 15:00:00,17,2026-09-15 16:00:00,83.0395,82.6508,83.8169,0.38870000000000005,17,2026-09-15 16:00:00,82.6508,-0.38870000000000005,-1.0,stop
117,Short,17,2026-09-15 16:00:00,18,2026-09-15 17:00:00,78.1217,83.0562,68.2527,4.9345,20,2026-09-16 10:00:00,83.0562,-4.9345,-1.0,stop
117,Long,18,2026-09-15 17:00:00,19,2026-09-16 09:00:00,74.8921,74.5553,75.56569999999999,0.33679999999999666,19,2026-09-16 09:00:00,74.5553,-0.33679999999999666,-1.0,stop
117,Short,21,2026-09-16 11:00:00,22,2026-09-16 12:00:00,76.6248,83.5087,62.85699999999997,6.883900000000011,24,2026-09-16 14:00:00,62.85699999999997,13.767800000000022,2.0,target
117,Long,41,2026-09-18 13:00:00,42,2026-09-18 14:00:00,50.0382,49.9305,50.253600000000006,0.10770000000000124,42,2026-09-18 14:00:00,49.9305,-0.10770000000000124,-1.0,stop
118,Long,19,2026-09-16 09:00:00,20,2026-09-16 10:00:00,101.6504,95.3038,114.34360000000002,6.346600000000009,34,2026-09-17 15:00:00,114.34360000000002,12.693200000000019,2.0,target
118,Short,30,2026-09-17 11:00:00,31,2026-09-17 12:00:00,97.9663,103.0542,87.79050000000002,5.0878999999999905,31,2026-09-17 12:00:00,103.0542,-5.0878999999999905,-1.0,stop
118,Long,34,2026-09-17 15:00:00,35,2026-09-17 16:00:00,117.6204,112.4838,127.8936,5.136600000000001,36,2026-09-17 17:00:00,127.8936,10.273200000000003,2.0,target
118,Short,42,2026-09-18 14:00:00,43,2026-09-18 15:00:00,106.4072,107.8663,103.48900000000002,1.4590999999999923,43,2026-09-18 15:00:00,107.8663,-1.4590999999999923,-1.0,stop
119,Short,23,2026-09-16 13:00:00,24,2026-09-16 14:00:00,116.3064,116.3915,116.1362,0.08509999999999707,24,2026-09-16 14:00:00,116.3915,-0.08509999999999707,-1.0,stop
119,Long,36,2026-09-17 17:00:00,37,2026-09-18 09:00:00,120.4489,113.6882,133.9703,6.7607,45,2026-09-18 17:00:00,123.7808,3.3319000000000045,0.49283358232135793,time_exit
120,Short,16,2026-09-15 15:00:00,17,2026-09-15 16:00:00,94.5908,95.0313,93.7098,0.4405000000000001,17,2026-09-15 16:00:00,95.0313,-0.4405000000000001,-1.0,stop
120,Long,23,2026-09-16 13:00:00,24,2026-09-16 14:00:00,96.9204,96.3351,98.09100000000001,0.5853000000000037,24,2026-09-16 14:00:00,96.3351,-0.5853000000000037,-1.0,stop
120,Short,24,2026-09-16 14:00:00,25,2026-09-16 15:00:00,89.5613,97.3513,73.98130000000002,7.789999999999992,28,2026-09-17 09:00:00,97.3513,-7.789999999999992,-1.0,stop
121,Short,23,2026-09-16 13:00:00,24,2026-09-16 14:00:00,107.6832,113.6536,95.7424,5.970399999999998,25,2026-09-16 15:00:00,113.6536,-5.970399999999998,-1.0,stop
121,Long,30,2026-09-17 11:00:00,31,2026-09-17 12:00:00,119.6758,119.542,119.94339999999998,0.1337999999999937,31,2026-09-17 12:00:00,119.542,-0.1337999999999937,-1.0,stop
121,Short,34,2026-09-17 15:00:00,35,2026-09-17 16:00:00,107.88,109.5267,104.58659999999998,1.6467000000000098,35,2026-09-17 16:00:00,109.5267,-1.6467000000000098,-1.0,stop
121,Long,40,2026-09-18 12:00:00,41,2026-09-18 13:00:00,119.8113,119.7804,119.87310000000001,0.030900000000002592,41,2026-09-18 13:00:00,119.7804,-0.030900000000002592,-1.0,stop
122,Short,21,2026-09-16 11:00:00,22,2026-09-16 12:00:00,105.9383,108.6351,100.5447,2.696799999999996,23,2026-09-16 13:00:00,108.6351,-2.696799999999996,-1.0,stop
122,Long,26,2026-09-16 16:00:00,27,2026-09-16 17:00:00,111.8191,111.1836,113.09010000000002,0.6355000000000075,27,2026-09-16 17:00:00,111.1836,-0.6355000000000075,-1.0,stop
122,Short,34,2026-09-17 15:00:00,35,2026-09-17 16:00:00,107.4574,109.3672,103.63780000000003,1.90979999999999,35,2026-09-17 16:00:00,109.3672,-1.90979999999999,-1.0,stop
123,Short,17,2026-09-15 16:00:00,18,2026-09-15 17:00:00,100.1019,100.3178,99.67009999999999,0.21590000000000487,18,2026-09-15 17:00:00,100.3178,-0.21590000000000487,-1.0,stop
123,Long,20,2026-09-16 10:00:00,21,2026-09-16 11:00:00,102.624,98.0008,111.87039999999999,4.623199999999997,24,2026-09-16 14:00:00,111.87039999999999,9.246399999999994,2.0,target
123,Short,30,2026-09-17 11:00:00,31,2026-09-17 12:00:00,92.5542,98.3546,80.95339999999997,5.80040000000001,37,2026-09-18 09:00:00,98.3546,-5.80040000000001,-1.0,stop
123,Long,39,2026-09-18 11:00:00,40,2026-09-18 12:00:00,96.8507,96.7529,97.04630000000002,0.09780000000000655,40,2026-09-18 12:00:00,96.7529,-0.09780000000000655,-1.0,stop
123,Short,43,2026-09-18 15:00:00,44,2026-09-18 16:00:00,87.1998,91.4704,78.65859999999999,4.270600000000002,45,2026-09-18 17:00:00,78.65859999999999,8.541200000000003,2.0,target
124,Long,18,2026-09-15 17:00:00,19,2026-09-16 09:00:00,79.7433,75.4825,88.26490000000001,4.260800000000003,20,2026-09-16 10:00:00,88.26490000000001,8.521600000000007,2.0,target
124,Short,30,2026-09-17 11:00:00,31,2026-09-17 12:00:00,86.539,86.7521,86.11280000000001,0.21309999999999718,31,2026-09-17 12:00:00,86.7521,-0.21309999999999718,-1.0,stop
124,Long,41,2026-09-18 13:00:00,42,2026-09-18 14:00:00,89.1002,87.7432,91.8142,1.3569999999999993,42,2026-09-18 14:00:00,87.7432,-1.3569999999999993,-1.0,stop
125,Long,18,2026-09-15 17:00:00,19,2026-09-16 09:00:00,89.0199,83.618,99.82370000000003,5.401900000000012,20,2026-09-16 10:00:00,83.618,-5.401900000000012,-1.0,stop
125,Short,24,2026-09-16 14:00:00,25,2026-09-16 15:00:00,79.4081,81.4249,75.37450000000003,2.0167999999999893,25,2026-09-16 15:00:00,75.37450000000003,4.0335999999999785,2.0,target
125,Long,34,2026-09-17 15:00:00,35,2026-09-17 16:00:00,77.0602,75.3613,80.45799999999998,1.6988999999999947,37,2026-09-18 09:00:00,80.45799999999998,3.3977999999999895,2.0,target
125,Short,40,2026-09-18 12:00:00,41,2026-09-18 13:00:00,61.6221,69.6613,45.543700000000015,8.039199999999994,45,2026-09-18 17:00:00,64.5301,-2.9080000000000013,-0.36172753507811767,time_exit
126,Long,19,2026-09-16 09:00:00,20,2026-09-16 10:00:00,105.9055,105.81,106.0965,0.09550000000000125,20,2026-09-16 10:00:00,105.81,-0.09550000000000125,-1.0,stop
126,Short,20,2026-09-16 10:00:00,21,2026-09-16 11:00:00,98.9483,106.2916,84.2617,7.343299999999999,29,2026-09-17 10:00:00,84.2617,14.686599999999999,2.0,target
126,Long,38,2026-09-18 10:00:00,39,2026-09-18 11:00:00,77.1938,77.1644,77.25259999999999,0.02939999999999543,39,2026-09-18 11:00:00,77.1644,-0.02939999999999543,-1.0,stop
127,Short,32,2026-09-17 13:00:00,33,2026-09-17 14:00:00,107.8328,109.8055,103.88740000000003,1.972699999999989,37,2026-09-18 09:00:00,103.88740000000003,3.945399999999978,2.0,target
128,Long,15,2026-09-15 14:00:00,16,2026-09-15 15:00:00,83.6727,80.2601,90.49790000000003,3.412600000000012,21,2026-09-16 11:00:00,90.49790000000003,6.825200000000024,2.0,target
128,Short,33,2026-09-17 14:00:00,34,2026-09-17 15:00:00,93.0196,98.3505,82.3578,5.3309,38,2026-09-18 10:00:00,82.3578,10.6618,2.0,target
129,Long,21,2026-09-16 11:00:00,22,2026-09-16 12:00:00,75.4047,68.6095,88.99510000000002,6.795200000000008,25,2026-09-16 15:00:00,88.99510000000002,13.590400000000017,2.0,target
129,Short,35,2026-09-17 16:00:00,36,2026-09-17 17:00:00,77.4634,84.8771,62.63599999999998,7.413700000000006,41,2026-09-18 13:00:00,62.63599999999998,14.827400000000011,2.0,target
130,Long,19,2026-09-16 09:00:00,20,2026-09-16 10:00:00,84.4898,78.3159,96.83760000000001,6.173900000000003,25,2026-09-16 15:00:00,96.83760000000001,12.347800000000007,2.0,target
130,Short,34,2026-09-17 15:00:00,35,2026-09-17 16:00:00,92.7816,95.1191,88.10659999999999,2.3375000000000057,35,2026-09-17 16:00:00,88.10659999999999,4.675000000000011,2.0,target
130,Long,40,2026-09-18 12:00:00,41,2026-09-18 13:00:00,103.3689,103.3259,103.45489999999998,0.042999999999992156,41,2026-09-18 13:00:00,103.45489999999998,0.08599999999998431,2.0,target
131,Long,17,2026-09-15 16:00:00,18,2026-09-15 17:00:00,109.4421,102.4418,123.44269999999999,7.000299999999996,19,2026-09-16 09:00:00,102.4418,-7.000299999999996,-1.0,stop
131,Short,25,2026-09-16 15:00:00,26,2026-09-16 16:00:00,95.4904,102.3374,81.79639999999998,6.847000000000008,28,2026-09-17 09:00:00,102.3374,-6.847000000000008,-1.0,stop
132,Long,25,2026-09-16 15:00:00,26,2026-09-16 16:00:00,58.0388,57.6002,58.916000000000004,0.438600000000001,26,2026-09-16 16:00:00,58.916000000000004,0.877200000000002,2.0,target
132,Short,29,2026-09-17 10:00:00,30,2026-09-17 11:00:00,52.3866,58.7523,39.65520000000001,6.365699999999997,40,2026-09-18 12:00:00,58.7523,-6.365699999999997,-1.0,stop
132,Long,40,2026-09-18 12:00:00,41,2026-09-18 13:00:00,59.4222,55.1166,68.0334,4.305599999999998,43,2026-09-18 15:00:00,55.1166,-4.305599999999998,-1.0,stop
133,Short,17,2026-09-15 16:00:00,18,2026-09-15 17:00:00,99.9266,100.1925,99.39479999999999,0.265900000000002,18,2026-09-15 17:00:00,100.1925,-0.265900000000002,-1.0,stop
134,Long,23,2026-09-16 13:00:00,24,2026-09-16 14:00:00,74.6285,74.4744,74.9367,0.15409999999999968,24,2026-09-16 14:00:00,74.4744,-0.15409999999999968,-1.0,stop
134,Short,43,2026-09-18 15:00:00,44,2026-09-18 16:00:00,95.4712,97.2915,91.83059999999999,1.8203000000000031,45,2026-09-18 17:00:00,97.2915,-1.8203000000000031,-1.0,stop
135,Long,13,2026-09-15 12:00:00,14,2026-09-15 13:00:00,102.659,102.2141,103.54880000000001,0.44490000000000407,14,2026-09-15 13:00:00,102.2141,-0.44490000000000407,-1.0,stop
135,Short,24,2026-09-16 14:00:00,25,2026-09-16 15:00:00,95.7409,99.9774,87.26789999999998,4.236500000000007,25,2026-09-16 15:00:00,99.9774,-4.236500000000007,-1.0,stop
135,Long,25,2026-09-16 15:00:00,26,2026-09-16 16:00:00,101.4163,95.6122,113.02450000000002,5.804100000000005,31,2026-09-17 12:00:00,95.6122,-5.804100000000005,-1.0,stop
135,Short,26,2026-09-16 16:00:00,27,2026-09-16 17:00:00,106.8138,107.1294,106.1826,0.31560000000000343,27,2026-09-16 17:00:00,106.1826,0.6312000000000069,2.0,target
135,Long,29,2026-09-17 10:00:00,30,2026-09-17 11:00:00,102.4003,102.2192,102.7625,0.1811000000000007,30,2026-09-17 11:00:00,102.2192,-0.1811000000000007,-1.0,stop
135,Short,31,2026-09-17 12:00:00,32,2026-09-17 13:00:00,94.0039,97.0924,87.82690000000001,3.0884999999999962,32,2026-09-17 13:00:00,97.0924,-3.0884999999999962,-1.0,stop
136,Long,38,2026-09-18 10:00:00,39,2026-09-18 11:00:00,57.0732,56.7472,57.7252,0.3260000000000005,39,2026-09-18 11:00:00,56.7472,-0.3260000000000005,-1.0,stop
136,Short,43,2026-09-18 15:00:00,44,2026-09-18 16:00:00,51.9947,51.998,51.98810000000001,0.003299999999995862,44,2026-09-18 16:00:00,51.998,-0.003299999999995862,-1.0,stop
136,Long,44,2026-09-18 16:00:00,45,2026-09-18 17:00:00,59.3897,51.7894,74.59029999999998,7.600299999999997,45,2026-09-18 17:00:00,53.4745,-5.915199999999999,-0.7782850676946964,time_exit
137,Long,40,2026-09-18 12:00:00,41,2026-09-18 13:00:00,59.1073,59.0988,59.12430000000001,0.008500000000005059,41,2026-09-18 13:00:00,59.0988,-0.008500000000005059,-1.0,stop
137,Short,44,2026-09-18 16:00:00,45,2026-09-18 17:00:00,53.4411,53.4904,53.342499999999994,0.04930000000000234,45,2026-09-18 17:00:00,53.4904,-0.04930000000000234,-1.0,stop
138,Short,19,2026-09-16 09:00:00,20,2026-09-16 10:00:00,104.5555,104.6608,104.3449,0.10529999999999973,20,2026-09-16 10:00:00,104.6608,-0.10529999999999973,-1.0,stop
138,Long,28,2026-09-17 09:00:00,29,2026-09-17 10:00:00,110.4676,106.3795,118.64380000000003,4.088100000000011,30,2026-09-17 11:00:00,118.64380000000003,8.176200000000023,2.0,target
138,Short,38,2026-09-18 10:00:00,39,2026-09-18 11:00:00,108.0768,108.9606,106.30920000000002,0.8837999999999937,39,2026-09-18 11:00:00,108.9606,-0.8837999999999937,-1.0,stop
138,Long,43,2026-09-18 15:00:00,44,2026-09-18 16:00:00,118.2949,117.8473,119.19009999999999,0.4475999999999942,44,2026-09-18 16:00:00,117.8473,-0.4475999999999942,-1.0,stop
139,Long,22,2026-09-16 12:00:00,23,2026-09-16 13:00:00,92.9799,90.8236,97.2925,2.1563000000000017,23,2026-09-16 13:00:00,90.8236,-2.1563000000000017,-1.0,stop
139,Short,31,2026-09-17 12:00:00,32,2026-09-17 13:00:00,77.0422,82.8415,65.44359999999999,5.799300000000002,41,2026-09-18 13:00:00,82.8415,-5.799300000000002,-1.0,stop
139,Long,41,2026-09-18 13:00:00,42,2026-09-18 14:00:00,83.429,76.5395,97.208,6.889499999999998,45,2026-09-18 17:00:00,84.6257,1.1966999999999928,0.17369910733725133,time_exit
140,Long,13,2026-09-15 12:00:00,14,2026-09-15 13:00:00,83.5769,83.2453,84.24009999999998,0.33159999999999457,14,2026-09-15 13:00:00,83.2453,-0.33159999999999457,-1.0,stop
140,Short,18,2026-09-15 17:00:00,19,2026-09-16 09:00:00,78.5123,84.4499,66.63709999999999,5.937600000000003,27,2026-09-16 17:00:00,66.63709999999999,11.875200000000007,2.0,target
140,Long,33,2026-09-17 14:00:00,34,2026-09-17 15:00:00,75.4092,74.9951,76.23740000000001,0.4141000000000048,34,2026-09-17 15:00:00,76.23740000000001,0.8282000000000096,2.0,target
141,Long,19,2026-09-16 09:00:00,20,2026-09-16 10:00:00,106.0874,102.8469,112.5684,3.2404999999999973,21,2026-09-16 11:00:00,102.8469,-3.2404999999999973,-1.0,stop
141,Short,24,2026-09-16 14:00:00,25,2026-09-16 15:00:00,95.1572,95.5304,94.41080000000001,0.3731999999999971,25,2026-09-16 15:00:00,95.5304,-0.3731999999999971,-1.0,stop
141,Long,32,2026-09-17 13:00:00,33,2026-09-17 14:00:00,101.4962,96.205,112.07860000000001,5.2912000000000035,33,2026-09-17 14:00:00,96.205,-5.2912000000000035,-1.0,stop
142,Short,22,2026-09-16 12:00:00,23,2026-09-16 13:00:00,117.2376,123.996,103.72080000000001,6.758399999999995,28,2026-09-17 09:00:00,103.72080000000001,13.51679999999999,2.0,target
142,Long,35,2026-09-17 16:00:00,36,2026-09-17 17:00:00,109.8866,106.8921,115.8756,2.994500000000002,38,2026-09-18 10:00:00,106.8921,-2.994500000000002,-1.0,stop
142,Short,42,2026-09-18 14:00:00,43,2026-09-18 15:00:00,108.384,108.5441,108.0638,0.1600999999999999,43,2026-09-18 15:00:00,108.5441,-0.1600999999999999,-1.0,stop
142,Long,43,2026-09-18 15:00:00,44,2026-09-18 16:00:00,111.1776,108.1423,117.24819999999998,3.0352999999999923,45,2026-09-18 17:00:00,110.7717,-0.4059000000000026,-0.133726485026193,time_exit
143,Long,18,2026-09-15 17:00:00,19,2026-09-16 09:00:00,110.7844,110.0165,112.32020000000003,0.7679000000000116,20,2026-09-16 10:00:00,112.32020000000003,1.5358000000000231,2.0,target
143,Short,27,2026-09-16 17:00:00,28,2026-09-17 09:00:00,98.7928,105.0919,86.19460000000001,6.299099999999996,29,2026-09-17 10:00:00,105.0919,-6.299099999999996,-1.0,stop
143,Long,33,2026-09-17 14:00:00,34,2026-09-17 15:00:00,109.6384,109.394,110.1272,0.24439999999999884,34,2026-09-17 15:00:00,110.1272,0.4887999999999977,2.0,target
143,Short,39,2026-09-18 11:00:00,40,2026-09-18 12:00:00,98.6729,105.6213,84.77609999999999,6.948400000000007,45,2026-09-18 17:00:00,94.0983,4.574600000000004,0.6583673939324161,time_exit
144,Long,13,2026-09-15 12:00:00,14,2026-09-15 13:00:00,105.4052,98.296,119.62359999999997,7.109199999999987,21,2026-09-16 11:00:00,98.296,-7.109199999999987,-1.0,stop
144,Short,22,2026-09-16 12:00:00,23,2026-09-16 13:00:00,95.2352,97.6387,90.42820000000002,2.403499999999994,24,2026-09-16 14:00:00,90.42820000000002,4.806999999999988,2.0,target
144,Long,35,2026-09-17 16:00:00,36,2026-09-17 17:00:00,95.8994,91.8717,103.95479999999999,4.027699999999996,38,2026-09-18 10:00:00,103.95479999999999,8.055399999999992,2.0,target
145,Long,13,2026-09-15 12:00:00,14,2026-09-15 13:00:00,109.4724,109.0455,110.32619999999997,0.4268999999999892,14,2026-09-15 13:00:00,110.32619999999997,0.8537999999999784,2.0,target
145,Short,25,2026-09-16 15:00:00,26,2026-09-16 16:00:00,106.74,107.1084,106.00319999999998,0.3684000000000083,26,2026-09-16 16:00:00,106.00319999999998,0.7368000000000166,2.0,target
145,Long,36,2026-09-17 17:00:00,37,2026-09-18 09:00:00,100.8199,100.6909,101.07790000000001,0.1290000000000049,37,2026-09-18 09:00:00,100.6909,-0.1290000000000049,-1.0,stop
145,Short,44,2026-09-18 16:00:00,45,2026-09-18 17:00:00,94.4729,100.4143,82.59009999999999,5.941400000000002,45,2026-09-18 17:00:00,91.454,3.018900000000002,0.5081125660618712,time_exit
146,Long,30,2026-09-17 11:00:00,31,2026-09-17 12:00:00,66.1936,65.7987,66.98340000000002,0.3949000000000069,31,2026-09-17 12:00:00,66.98340000000002,0.7898000000000138,2.0,target
146,Short,37,2026-09-18 09:00:00,38,2026-09-18 10:00:00,61.7192,69.2931,46.57140000000001,7.573899999999995,42,2026-09-18 14:00:00,69.2931,-7.573899999999995,-1.0,stop
147,Short,17,2026-09-15 16:00:00,18,2026-09-15 17:00:00,103.4722,106.4372,97.5422,2.9650000000000034,18,2026-09-15 17:00:00,97.5422,5.930000000000007,2.0,target
147,Long,32,2026-09-17 13:00:00,33,2026-09-17 14:00:00,103.2884,99.5346,110.79599999999999,3.7537999999999982,33,2026-09-17 14:00:00,99.5346,-3.7537999999999982,-1.0,stop
148,Short,33,2026-09-17 14:00:00,34,2026-09-17 15:00:00,116.7337,121.355,107.49109999999999,4.621300000000005,34,2026-09-17 15:00:00,121.355,-4.621300000000005,-1.0,stop
148,Long,38,2026-09-18 10:00:00,39,2026-09-18 11:00:00,130.9559,127.3877,138.09230000000005,3.5682000000000187,40,2026-09-18 12:00:00,127.3877,-3.5682000000000187,-1.0,stop
148,Short,44,2026-09-18 16:00:00,45,2026-09-18 17:00:00,120.3146,120.3907,120.1624,0.07609999999999673,45,2026-09-18 17:00:00,120.1624,0.15219999999999345,2.0,target
149,Short,18,2026-09-15 17:00:00,19,2026-09-16 09:00:00,87.1724,87.4892,86.5388,0.31680000000000064,19,2026-09-16 09:00:00,87.4892,-0.31680000000000064,-1.0,stop
149,Long,44,2026-09-18 16:00:00,45,2026-09-18 17:00:00,41.8915,36.2583,53.157900000000005,5.633200000000002,45,2026-09-18 17:00:00,48.1148,6.223300000000002,1.104753958673578,time_exit
150,Long,15,2026-09-15 14:00:00,16,2026-09-15 15:00:00,97.8049,97.6169,98.18090000000001,0.1880000000000024,16,2026-09-15 15:00:00,97.6169,-0.1880000000000024,-1.0,stop
150,Short,19,2026-09-16 09:00:00,20,2026-09-16 10:00:00,84.0803,87.7654,76.71009999999998,3.6851000000000056,20,2026-09-16 10:00:00,87.7654,-3.6851000000000056,-1.0,stop
150,Long,38,2026-09-18 10:00:00,39,2026-09-18 11:00:00,63.7356,63.3343,64.53819999999999,0.4012999999999991,39,2026-09-18 11:00:00,63.3343,-0.4012999999999991,-1.0,stop
151,Short,19,2026-09-16 09:00:00,20,2026-09-16 10:00:00,102.1546,102.6692,101.1254,0.5146000000000015,21,2026-09-16 11:00:00,101.1254,1.029200000000003,2.0,target
151,Long,27,2026-09-16 17:00:00,28,2026-09-17 09:00:00,109.0463,106.7917,113.5555,2.2545999999999964,29,2026-09-17 10:00:00,106.7917,-2.2545999999999964,-1.0,stop
151,Short,32,2026-09-17 13:00:00,33,2026-09-17 14:00:00,99.8641,100.0205,99.55129999999998,0.15640000000000498,33,2026-09-17 14:00:00,100.0205,-0.15640000000000498,-1.0,stop
151,Long,37,2026-09-18 09:00:00,38,2026-09-18 10:00:00,113.5781,109.8772,120.97990000000001,3.7009000000000043,40,2026-09-18 12:00:00,109.8772,-3.7009000000000043,-1.0,stop
152,Short,16,2026-09-15 15:00:00,17,2026-09-15 16:00:00,85.4106,85.7461,84.73960000000001,0.33549999999999613,17,2026-09-15 16:00:00,85.7461,-0.33549999999999613,-1.0,stop
152,Long,22,2026-09-16 12:00:00,23,2026-09-16 13:00:00,99.9164,93.3525,113.04419999999998,6.56389999999999,28,2026-09-17 09:00:00,113.04419999999998,13.12779999999998,2.0,target
152,Short,36,2026-09-17 17:00:00,37,2026-09-18 09:00:00,105.7717,106.2344,104.8463,0.4626999999999981,37,2026-09-18 09:00:00,104.8463,0.9253999999999962,2.0,target
153,Short,15,2026-09-15 14:00:00,16,2026-09-15 15:00:00,109.5403,114.0239,100.57310000000001,4.483599999999996,16,2026-09-15 15:00:00,114.0239,-4.483599999999996,-1.0,stop
153,Long,21,2026-09-16 11:00:00,22,2026-09-16 12:00:00,135.1545,127.5138,150.43590000000003,7.64070000000001,23,2026-09-16 13:00:00,127.5138,-7.64070000000001,-1.0,stop
153,Short,38,2026-09-18 10:00:00,39,2026-09-18 11:00:00,138.7484,138.8238,138.5976,0.07540000000000191,39,2026-09-18 11:00:00,138.5976,0.15080000000000382,2.0,target
154,Short,14,2026-09-15 13:00:00,15,2026-09-15 14:00:00,89.6761,95.6577,77.7129,5.9816,21,2026-09-16 11:00:00,77.7129,11.9632,2.0,target
154,Long,28,2026-09-17 09:00:00,29,2026-09-17 10:00:00,91.9898,85.0285,105.91240000000002,6.9613000000000085,31,2026-09-17 12:00:00,85.0285,-6.9613000000000085,-1.0,stop
154,Short,34,2026-09-17 15:00:00,35,2026-09-17 16:00:00,85.8613,86.2679,85.0481,0.4065999999999974,35,2026-09-17 16:00:00,86.2679,-0.4065999999999974,-1.0,stop
154,Long,40,2026-09-18 12:00:00,41,2026-09-18 13:00:00,85.3335,82.8838,90.23290000000001,2.449700000000007,41,2026-09-18 13:00:00,82.8838,-2.449700000000007,-1.0,stop
154,Short,42,2026-09-18 14:00:00,43,2026-09-18 15:00:00,75.8335,82.2152,63.07010000000001,6.381699999999995,45,2026-09-18 17:00:00,80.0529,-4.219399999999993,-0.6611717880815451,time_exit
155,Short,20,2026-09-16 10:00:00,21,2026-09-16 11:00:00,93.45,100.0714,80.20720000000001,6.621399999999994,32,2026-09-17 13:00:00,80.20720000000001,13.242799999999988,2.0,target
156,Long,24,2026-09-16 14:00:00,25,2026-09-16 15:00:00,76.7201,75.9807,78.19890000000001,0.7394000000000034,25,2026-09-16 15:00:00,78.19890000000001,1.4788000000000068,2.0,target
156,Short,31,2026-09-17 12:00:00,32,2026-09-17 13:00:00,76.0996,76.2211,75.85659999999997,0.12150000000001171,32,2026-09-17 13:00:00,75.85659999999997,0.24300000000002342,2.0,target
157,Short,17,2026-09-15 16:00:00,18,2026-09-15 17:00:00,107.4009,113.3194,95.56389999999998,5.918500000000009,26,2026-09-16 16:00:00,95.56389999999998,11.837000000000018,2.0,target
157,Long,19,2026-09-16 09:00:00,20,2026-09-16 10:00:00,110.3846,110.2548,110.64420000000001,0.12980000000000302,20,2026-09-16 10:00:00,110.2548,-0.12980000000000302,-1.0,stop
157,Short,25,2026-09-16 15:00:00,26,2026-09-16 16:00:00,99.6744,104.4388,90.14560000000002,4.764399999999995,37,2026-09-18 09:00:00,104.4388,-4.764399999999995,-1.0,stop
157,Long,36,2026-09-17 17:00:00,37,2026-09-18 09:00:00,104.1121,96.6594,119.01749999999998,7.452699999999993,45,2026-09-18 17:00:00,106.9033,2.7912000000000035,0.37452198532075703,time_exit
158,Long,18,2026-09-15 17:00:00,19,2026-09-16 09:00:00,99.3973,96.2641,105.6637,3.133200000000002,19,2026-09-16 09:00:00,96.2641,-3.133200000000002,-1.0,stop
158,Short,19,2026-09-16 09:00:00,20,2026-09-16 10:00:00,92.6787,99.6105,78.81510000000002,6.9317999999999955,30,2026-09-17 11:00:00,99.6105,-6.9317999999999955,-1.0,stop
158,Long,20,2026-09-16 10:00:00,21,2026-09-16 11:00:00,99.1467,92.4223,112.59549999999997,6.724399999999989,22,2026-09-16 12:00:00,92.4223,-6.724399999999989,-1.0,stop
158,Short,21,2026-09-16 11:00:00,22,2026-09-16 12:00:00,94.5156,99.1653,85.21620000000001,4.649699999999996,27,2026-09-16 17:00:00,99.1653,-4.649699999999996,-1.0,stop
158,Long,29,2026-09-17 10:00:00,30,2026-09-17 11:00:00,96.4306,95.898,97.4958,0.5326000000000022,30,2026-09-17 11:00:00,97.4958,1.0652000000000044,2.0,target
158,Short,33,2026-09-17 14:00:00,34,2026-09-17 15:00:00,91.4043,91.634,90.94490000000002,0.22969999999999402,34,2026-09-17 15:00:00,91.634,-0.22969999999999402,-1.0,stop
158,Long,38,2026-09-18 10:00:00,39,2026-09-18 11:00:00,95.8236,91.3325,104.8058,4.491100000000003,42,2026-09-18 14:00:00,104.8058,8.982200000000006,2.0,target
159,Short,23,2026-09-16 13:00:00,24,2026-09-16 14:00:00,110.0691,114.9429,100.32150000000003,4.873799999999989,33,2026-09-17 14:00:00,100.32150000000003,9.747599999999977,2.0,target
159,Long,32,2026-09-17 13:00:00,33,2026-09-17 14:00:00,105.6514,105.629,105.69619999999998,0.022399999999990428,33,2026-09-17 14:00:00,105.629,-0.022399999999990428,-1.0,stop
159,Short,33,2026-09-17 14:00:00,34,2026-09-17 15:00:00,100.3014,105.6755,89.5532,5.3740999999999985,39,2026-09-18 11:00:00,89.5532,10.748199999999997,2.0,target
160,Short,16,2026-09-15 15:00:00,17,2026-09-15 16:00:00,104.7721,109.199,95.91829999999999,4.426900000000003,17,2026-09-15 16:00:00,109.199,-4.426900000000003,-1.0,stop
160,Long,33,2026-09-17 14:00:00,34,2026-09-17 15:00:00,106.7543,100.815,118.6329,5.939300000000003,35,2026-09-17 16:00:00,100.815,-5.939300000000003,-1.0,stop
160,Short,39,2026-09-18 11:00:00,40,2026-09-18 12:00:00,85.558,91.9534,72.76720000000002,6.395399999999995,45,2026-09-18 17:00:00,81.3658,4.192200000000014,0.6555023923445003,time_exit
161,Short,15,2026-09-15 14:00:00,16,2026-09-15 15:00:00,85.856,91.2667,75.03459999999998,5.410700000000006,18,2026-09-15 17:00:00,91.2667,-5.410700000000006,-1.0,stop
161,Long,30,2026-09-17 11:00:00,31,2026-09-17 12:00:00,83.3193,82.8927,84.17249999999999,0.42659999999999343,31,2026-09-17 12:00:00,82.8927,-0.42659999999999343,-1.0,stop
161,Short,40,2026-09-18 12:00:00,41,2026-09-18 13:00:00,82.1215,84.1024,78.15969999999999,1.9809000000000054,41,2026-09-18 13:00:00,84.1024,-1.9809000000000054,-1.0,stop
162,Short,15,2026-09-15 14:00:00,16,2026-09-15 15:00:00,97.9952,98.1935,97.59859999999999,0.19830000000000325,16,2026-09-15 15:00:00,97.59859999999999,0.3966000000000065,2.0,target
162,Long,23,2026-09-16 13:00:00,24,2026-09-16 14:00:00,95.0928,95.0759,95.12659999999998,0.016899999999992588,24,2026-09-16 14:00:00,95.0759,-0.016899999999992588,-1.0,stop
162,Short,32,2026-09-17 13:00:00,33,2026-09-17 14:00:00,97.1198,97.5376,96.2842,0.4177999999999997,33,2026-09-17 14:00:00,97.5376,-0.4177999999999997,-1.0,stop
162,Long,40,2026-09-18 12:00:00,41,2026-09-18 13:00:00,99.5469,99.4285,99.78369999999998,0.11839999999999407,41,2026-09-18 13:00:00,99.4285,-0.11839999999999407,-1.0,stop
163,Short,23,2026-09-16 13:00:00,24,2026-09-16 14:00:00,117.5977,117.9845,116.82410000000002,0.3867999999999938,24,2026-09-16 14:00:00,117.9845,-0.3867999999999938,-1.0,stop
163,Long,40,2026-09-18 12:00:00,41,2026-09-18 13:00:00,121.9842,117.8944,130.16379999999998,4.089799999999997,41,2026-09-18 13:00:00,117.8944,-4.089799999999997,-1.0,stop
163,Short,41,2026-09-18 13:00:00,42,2026-09-18 14:00:00,114.5338,121.9893,99.6228,7.455500000000001,45,2026-09-18 17:00:00,116.3521,-1.8182999999999936,-0.24388706324190107,time_exit
164,Short,13,2026-09-15 12:00:00,14,2026-09-15 13:00:00,97.8066,98.0567,97.3064,0.2501000000000033,14,2026-09-15 13:00:00,98.0567,-0.2501000000000033,-1.0,stop
164,Long,44,2026-09-18 16:00:00,45,2026-09-18 17:00:00,84.2378,79.3078,94.09779999999998,4.929999999999993,45,2026-09-18 17:00:00,85.0114,0.7736000000000018,0.15691683569979778,time_exit
165,Long,20,2026-09-16 10:00:00,21,2026-09-16 11:00:00,90.7231,83.5536,105.0621,7.169499999999999,31,2026-09-17 12:00:00,105.0621,14.338999999999999,2.0,target
165,Short,42,2026-09-18 14:00:00,43,2026-09-18 15:00:00,99.653,106.1927,86.57360000000001,6.539699999999996,45,2026-09-18 17:00:00,100.6722,-1.0191999999999979,-0.15584812758995037,time_exit
166,Short,16,2026-09-15 15:00:00,17,2026-09-15 16:00:00,84.0239,84.2221,83.6275,0.19819999999999993,17,2026-09-15 16:00:00,84.2221,-0.19819999999999993,-1.0,stop
166,Long,23,2026-09-16 13:00:00,24,2026-09-16 14:00:00,98.9844,95.3043,106.34459999999999,3.680099999999996,26,2026-09-16 16:00:00,106.34459999999999,7.360199999999992,2.0,target
166,Short,36,2026-09-17 17:00:00,37,2026-09-18 09:00:00,103.7795,107.7013,95.93589999999999,3.9218000000000046,37,2026-09-18 09:00:00,107.7013,-3.9218000000000046,-1.0,stop
166,Long,43,2026-09-18 15:00:00,44,2026-09-18 16:00:00,115.7421,111.2528,124.7207,4.4893,45,2026-09-18 17:00:00,114.7639,-0.9781999999999869,-0.2178958857728347,time_exit
167,Long,20,2026-09-16 10:00:00,21,2026-09-16 11:00:00,95.1246,89.0186,107.33659999999999,6.1059999999999945,22,2026-09-16 12:00:00,89.0186,-6.1059999999999945,-1.0,stop
167,Short,25,2026-09-16 15:00:00,26,2026-09-16 16:00:00,77.2831,77.31,77.22930000000001,0.026899999999997704,26,2026-09-16 16:00:00,77.31,-0.026899999999997704,-1.0,stop
167,Long,40,2026-09-18 12:00:00,41,2026-09-18 13:00:00,72.6232,67.546,82.77759999999998,5.077199999999991,45,2026-09-18 17:00:00,72.6524,0.029200000000003,0.005751201449618501,time_exit
168,Long,16,2026-09-15 15:00:00,17,2026-09-15 16:00:00,103.3064,97.5506,114.81799999999998,5.755799999999994,24,2026-09-16 14:00:00,97.5506,-5.755799999999994,-1.0,stop
168,Short,26,2026-09-16 16:00:00,27,2026-09-16 17:00:00,92.4163,96.9251,83.39870000000002,4.508799999999994,28,2026-09-17 09:00:00,96.9251,-4.508799999999994,-1.0,stop
169,Short,30,2026-09-17 11:00:00,31,2026-09-17 12:00:00,128.3943,129.3696,126.44369999999998,0.9753000000000043,31,2026-09-17 12:00:00,129.3696,-0.9753000000000043,-1.0,stop
169,Long,32,2026-09-17 13:00:00,33,2026-09-17 14:00:00,139.5184,133.6787,151.19780000000006,5.839700000000022,34,2026-09-17 15:00:00,133.6787,-5.839700000000022,-1.0,stop
169,Short,43,2026-09-18 15:00:00,44,2026-09-18 16:00:00,126.0484,131.4181,115.30899999999998,5.369700000000009,44,2026-09-18 16:00:00,131.4181,-5.369700000000009,-1.0,stop
170,Short,15,2026-09-15 14:00:00,16,2026-09-15 15:00:00,93.3076,93.3808,93.1612,0.07319999999999993,16,2026-09-15 15:00:00,93.3808,-0.07319999999999993,-1.0,stop
170,Long,28,2026-09-17 09:00:00,29,2026-09-17 10:00:00,86.0836,85.9902,86.27040000000001,0.09340000000000259,29,2026-09-17 10:00:00,85.9902,-0.09340000000000259,-1.0,stop
171,Long,38,2026-09-18 10:00:00,39,2026-09-18 11:00:00,82.638,79.621,88.67200000000003,3.01700000000001,39,2026-09-18 11:00:00,79.621,-3.01700000000001,-1.0,stop
171,Short,43,2026-09-18 15:00:00,44,2026-09-18 16:00:00,77.5646,78.7074,75.27899999999998,1.1428000000000083,44,2026-09-18 16:00:00,78.7074,-1.1428000000000083,-1.0,stop
171,Long,44,2026-09-18 16:00:00,45,2026-09-18 17:00:00,82.9659,77.2449,94.40790000000001,5.721000000000004,45,2026-09-18 17:00:00,90.101,7.135099999999994,1.2471770669463362,time_exit
172,Short,22,2026-09-16 12:00:00,23,2026-09-16 13:00:00,116.9073,120.7366,109.24870000000003,3.8292999999999893,29,2026-09-17 10:00:00,120.7366,-3.8292999999999893,-1.0,stop
172,Long,31,2026-09-17 12:00:00,32,2026-09-17 13:00:00,129.8614,127.0564,135.47140000000002,2.805000000000007,33,2026-09-17 14:00:00,127.0564,-2.805000000000007,-1.0,stop
172,Short,44,2026-09-18 16:00:00,45,2026-09-18 17:00:00,120.4731,124.7247,111.96990000000001,4.251599999999996,45,2026-09-18 17:00:00,115.6647,4.808400000000006,1.1309624611910833,time_exit
173,Short,15,2026-09-15 14:00:00,16,2026-09-15 15:00:00,112.1962,112.6162,111.3562,0.4200000000000017,16,2026-09-15 15:00:00,112.6162,-0.4200000000000017,-1.0,stop
173,Long,22,2026-09-16 12:00:00,23,2026-09-16 13:00:00,122.8396,117.0441,134.43060000000003,5.795500000000004,25,2026-09-16 15:00:00,117.0441,-5.795500000000004,-1.0,stop
173,Short,28,2026-09-17 09:00:00,29,2026-09-17 10:00:00,117.221,124.4951,102.67280000000002,7.27409999999999,35,2026-09-17 16:00:00,124.4951,-7.27409999999999,-1.0,stop
173,Long,35,2026-09-17 16:00:00,36,2026-09-17 17:00:00,125.6622,120.6693,135.64799999999997,4.992899999999992,37,2026-09-18 09:00:00,135.64799999999997,9.98579999999997,1.9999999999999971,target
174,Long,39,2026-09-18 11:00:00,40,2026-09-18 12:00:00,64.8061,59.9435,74.5313,4.8626000000000005,42,2026-09-18 14:00:00,74.5313,9.725200000000001,2.0,target
175,Long,15,2026-09-15 14:00:00,16,2026-09-15 15:00:00,91.2299,87.7261,98.2375,3.5037999999999982,19,2026-09-16 09:00:00,98.2375,7.0075999999999965,2.0,target
175,Short,25,2026-09-16 15:00:00,26,2026-09-16 16:00:00,87.7844,88.4783,86.3966,0.6938999999999993,26,2026-09-16 16:00:00,86.3966,1.3877999999999986,2.0,target
175,Long,32,2026-09-17 13:00:00,33,2026-09-17 14:00:00,90.125,89.8549,90.6652,0.27009999999999934,33,2026-09-17 14:00:00,89.8549,-0.27009999999999934,-1.0,stop
175,Short,34,2026-09-17 15:00:00,35,2026-09-17 16:00:00,84.1231,84.5729,83.22349999999997,0.4498000000000104,35,2026-09-17 16:00:00,84.5729,-0.4498000000000104,-1.0,stop
175,Long,37,2026-09-18 09:00:00,38,2026-09-18 10:00:00,98.5718,96.3208,103.07379999999998,2.2509999999999906,38,2026-09-18 10:00:00,96.3208,-2.2509999999999906,-1.0,stop
175,Short,43,2026-09-18 15:00:00,44,2026-09-18 16:00:00,89.9672,90.179,89.54360000000001,0.21179999999999666,44,2026-09-18 16:00:00,90.179,-0.21179999999999666,-1.0,stop
175,Long,44,2026-09-18 16:00:00,45,2026-09-18 17:00:00,93.0033,89.6405,99.72889999999998,3.362799999999993,45,2026-09-18 17:00:00,96.7263,3.722999999999999,1.1071131200190338,time_exit
176,Short,14,2026-09-15 13:00:00,15,2026-09-15 14:00:00,94.5789,94.8493,94.03810000000001,0.2703999999999951,15,2026-09-15 14:00:00,94.03810000000001,0.5407999999999902,2.0,target
176,Long,33,2026-09-17 14:00:00,34,2026-09-17 15:00:00,77.0844,76.9408,77.37160000000002,0.1436000000000064,34,2026-09-17 15:00:00,76.9408,-0.1436000000000064,-1.0,stop
176,Short,39,2026-09-18 11:00:00,40,2026-09-18 12:00:00,60.0413,67.204,45.71590000000001,7.162699999999994,41,2026-09-18 13:00:00,67.204,-7.162699999999994,-1.0,stop
177,Long,21,2026-09-16 11:00:00,22,2026-09-16 12:00:00,96.5874,95.1715,99.41920000000002,1.4159000000000077,22,2026-09-16 12:00:00,95.1715,-1.4159000000000077,-1.0,stop
177,Short,32,2026-09-17 13:00:00,33,2026-09-17 14:00:00,89.7474,97.6933,73.85560000000001,7.945899999999995,45,2026-09-18 17:00:00,80.3719,9.375500000000002,1.1799166865930868,time_exit
177,Long,40,2026-09-18 12:00:00,41,2026-09-18 13:00:00,96.6501,92.0896,105.77109999999998,4.5604999999999905,41,2026-09-18 13:00:00,92.0896,-4.5604999999999905,-1.0,stop
177,Short,43,2026-09-18 15:00:00,44,2026-09-18 16:00:00,82.5322,89.9101,67.77640000000001,7.377899999999997,45,2026-09-18 17:00:00,80.3719,2.1603000000000065,0.29280689627129775,time_exit
178,Long,24,2026-09-16 14:00:00,25,2026-09-16 15:00:00,102.9939,96.6316,115.71849999999998,6.3622999999999905,38,2026-09-18 10:00:00,96.6316,-6.3622999999999905,-1.0,stop
178,Short,37,2026-09-18 09:00:00,38,2026-09-18 10:00:00,102.2151,106.2018,94.24170000000001,3.986699999999999,39,2026-09-18 11:00:00,94.24170000000001,7.973399999999998,2.0,target
179,Long,26,2026-09-16 16:00:00,27,2026-09-16 17:00:00,79.7133,79.3033,80.53330000000003,0.4100000000000108,27,2026-09-16 17:00:00,79.3033,-0.4100000000000108,-1.0,stop
179,Short,30,2026-09-17 11:00:00,31,2026-09-17 12:00:00,79.5872,80.3832,77.99519999999998,0.7960000000000065,31,2026-09-17 12:00:00,77.99519999999998,1.592000000000013,2.0,target
179,Long,38,2026-09-18 10:00:00,39,2026-09-18 11:00:00,78.2167,77.7513,79.14750000000001,0.4654000000000025,40,2026-09-18 12:00:00,79.14750000000001,0.930800000000005,2.0,target
180,Long,18,2026-09-15 17:00:00,19,2026-09-16 09:00:00,87.6078,86.5238,89.7758,1.0840000000000032,20,2026-09-16 10:00:00,89.7758,2.1680000000000064,2.0,target
180,Short,34,2026-09-17 15:00:00,35,2026-09-17 16:00:00,90.7647,97.764,76.76610000000002,6.999299999999991,42,2026-09-18 14:00:00,76.76610000000002,13.998599999999982,2.0,target
180,Long,35,2026-09-17 16:00:00,36,2026-09-17 17:00:00,96.5502,90.4157,108.81920000000001,6.134500000000003,39,2026-09-18 11:00:00,90.4157,-6.134500000000003,-1.0,stop
180,Short,37,2026-09-18 09:00:00,38,2026-09-18 10:00:00,91.2408,93.5592,86.60399999999997,2.318400000000011,40,2026-09-18 12:00:00,86.60399999999997,4.636800000000022,2.0,target
181,Short,16,2026-09-15 15:00:00,17,2026-09-15 16:00:00,110.4252,112.382,106.5116,1.9568000000000012,17,2026-09-15 16:00:00,112.382,-1.9568000000000012,-1.0,stop
181,Long,23,2026-09-16 13:00:00,24,2026-09-16 14:00:00,111.5376,111.4183,111.77619999999999,0.11929999999999552,24,2026-09-16 14:00:00,111.4183,-0.11929999999999552,-1.0,stop
181,Short,42,2026-09-18 14:00:00,43,2026-09-18 15:00:00,148.3473,149.5616,145.91869999999997,1.2143000000000086,43,2026-09-18 15:00:00,149.5616,-1.2143000000000086,-1.0,stop
182,Short,16,2026-09-15 15:00:00,17,2026-09-15 16:00:00,92.7704,97.5492,83.21279999999999,4.778800000000004,20,2026-09-16 10:00:00,97.5492,-4.778800000000004,-1.0,stop
182,Long,23,2026-09-16 13:00:00,24,2026-09-16 14:00:00,111.1988,103.1943,127.20780000000002,8.004500000000007,26,2026-09-16 16:00:00,103.1943,-8.004500000000007,-1.0,stop
182,Short,29,2026-09-17 10:00:00,30,2026-09-17 11:00:00,98.5883,101.0751,93.6147,2.4868000000000023,32,2026-09-17 13:00:00,101.0751,-2.4868000000000023,-1.0,stop
183,Short,15,2026-09-15 14:00:00,16,2026-09-15 15:00:00,81.392,84.4889,75.19819999999999,3.096900000000005,17,2026-09-15 16:00:00,75.19819999999999,6.19380000000001,2.0,target
183,Long,24,2026-09-16 14:00:00,25,2026-09-16 15:00:00,85.3991,85.2461,85.70510000000002,0.1530000000000058,25,2026-09-16 15:00:00,85.2461,-0.1530000000000058,-1.0,stop
183,Short,28,2026-09-17 09:00:00,29,2026-09-17 10:00:00,72.5159,78.0498,61.4481,5.533900000000003,32,2026-09-17 13:00:00,61.4481,11.067800000000005,2.0,target
184,Long,13,2026-09-15 12:00:00,14,2026-09-15 13:00:00,97.31,89.5852,112.7596,7.724800000000002,20,2026-09-16 10:00:00,89.5852,-7.724800000000002,-1.0,stop
184,Short,20,2026-09-16 10:00:00,21,2026-09-16 11:00:00,84.5317,90.6311,72.3329,6.099400000000003,26,2026-09-16 16:00:00,90.6311,-6.099400000000003,-1.0,stop
184,Long,33,2026-09-17 14:00:00,34,2026-09-17 15:00:00,90.7209,90.5389,91.0849,0.18200000000000216,34,2026-09-17 15:00:00,91.0849,0.3640000000000043,2.0,target
185,Long,23,2026-09-16 13:00:00,24,2026-09-16 14:00:00,80.609,75.6109,90.60519999999998,4.998099999999994,28,2026-09-17 09:00:00,90.60519999999998,9.996199999999988,2.0,target
185,Short,38,2026-09-18 10:00:00,39,2026-09-18 11:00:00,88.4055,91.532,82.15250000000002,3.126499999999993,45,2026-09-18 17:00:00,88.6876,-0.2820999999999998,-0.09022869022869037,time_exit
186,Long,17,2026-09-15 16:00:00,18,2026-09-15 17:00:00,85.4299,78.7313,98.8271,6.698599999999999,21,2026-09-16 11:00:00,78.7313,-6.698599999999999,-1.0,stop
186,Short,23,2026-09-16 13:00:00,24,2026-09-16 14:00:00,73.4542,77.1875,65.9876,3.7333,26,2026-09-16 16:00:00,65.9876,7.4666,2.0,target
187,Long,29,2026-09-17 10:00:00,30,2026-09-17 11:00:00,69.6413,67.9528,73.01830000000001,1.6885000000000048,30,2026-09-17 11:00:00,67.9528,-1.6885000000000048,-1.0,stop
187,Short,30,2026-09-17 11:00:00,31,2026-09-17 12:00:00,64.0517,70.0064,52.14229999999999,5.9547000000000025,36,2026-09-17 17:00:00,52.14229999999999,11.909400000000005,2.0,target
188,Short,15,2026-09-15 14:00:00,16,2026-09-15 15:00:00,80.238,85.3596,69.9948,5.121600000000001,20,2026-09-16 10:00:00,69.9948,10.243200000000002,2.0,target
189,Long,18,2026-09-15 17:00:00,19,2026-09-16 09:00:00,81.8536,81.6193,82.32220000000001,0.23430000000000462,19,2026-09-16 09:00:00,81.6193,-0.23430000000000462,-1.0,stop
189,Short,19,2026-09-16 09:00:00,20,2026-09-16 10:00:00,85.2654,85.4538,84.8886,0.18840000000000146,20,2026-09-16 10:00:00,85.4538,-0.18840000000000146,-1.0,stop
189,Long,21,2026-09-16 11:00:00,22,2026-09-16 12:00:00,92.7866,90.6172,97.12540000000003,2.16940000000001,22,2026-09-16 12:00:00,97.12540000000003,4.33880000000002,2.0,target
189,Short,32,2026-09-17 13:00:00,33,2026-09-17 14:00:00,98.3681,98.5907,97.9229,0.2225999999999999,33,2026-09-17 14:00:00,98.5907,-0.2225999999999999,-1.0,stop
189,Long,33,2026-09-17 14:00:00,34,2026-09-17 15:00:00,105.3268,98.1494,119.68160000000002,7.177400000000006,41,2026-09-18 13:00:00,119.68160000000002,14.354800000000012,2.0,target
190,Long,14,2026-09-15 13:00:00,15,2026-09-15 14:00:00,101.809,95.6686,114.0898,6.1404,27,2026-09-16 17:00:00,95.6686,-6.1404,-1.0,stop
190,Short,27,2026-09-16 17:00:00,28,2026-09-17 09:00:00,93.6444,96.3175,88.29820000000002,2.673099999999991,29,2026-09-17 10:00:00,88.29820000000002,5.346199999999982,2.0,target
190,Long,39,2026-09-18 11:00:00,40,2026-09-18 12:00:00,93.0285,86.3577,106.3701,6.6708,45,2026-09-18 17:00:00,88.7666,-4.261899999999997,-0.6388888888888885,time_exit
191,Long,23,2026-09-16 13:00:00,24,2026-09-16 14:00:00,96.6835,96.6339,96.78269999999999,0.04959999999999809,24,2026-09-16 14:00:00,96.6339,-0.04959999999999809,-1.0,stop
191,Short,32,2026-09-17 13:00:00,33,2026-09-17 14:00:00,90.7868,96.7554,78.84960000000001,5.968599999999995,38,2026-09-18 10:00:00,96.7554,-5.968599999999995,-1.0,stop
191,Long,39,2026-09-18 11:00:00,40,2026-09-18 12:00:00,106.6658,99.9432,120.111,6.7226,42,2026-09-18 14:00:00,99.9432,-6.7226,-1.0,stop
192,Long,28,2026-09-17 09:00:00,29,2026-09-17 10:00:00,80.5012,76.7136,88.07639999999999,3.7875999999999976,31,2026-09-17 12:00:00,76.7136,-3.7875999999999976,-1.0,stop
192,Short,33,2026-09-17 14:00:00,34,2026-09-17 15:00:00,64.7251,69.8874,54.400499999999994,5.162300000000002,37,2026-09-18 09:00:00,54.400499999999994,10.324600000000004,2.0,target
193,Long,13,2026-09-15 12:00:00,14,2026-09-15 13:00:00,79.3255,78.9608,80.0549,0.36469999999999914,14,2026-09-15 13:00:00,80.0549,0.7293999999999983,2.0,target
193,Short,20,2026-09-16 10:00:00,21,2026-09-16 11:00:00,78.0991,82.9376,68.42210000000001,4.838499999999996,22,2026-09-16 12:00:00,82.9376,-4.838499999999996,-1.0,stop
193,Long,35,2026-09-17 16:00:00,36,2026-09-17 17:00:00,70.6829,70.287,71.4747,0.3958999999999975,36,2026-09-17 17:00:00,71.4747,0.791799999999995,2.0,target
193,Short,43,2026-09-18 15:00:00,44,2026-09-18 16:00:00,67.6147,73.6078,55.6285,5.993099999999998,45,2026-09-18 17:00:00,55.6285,11.986199999999997,2.0,target
194,Long,27,2026-09-16 17:00:00,28,2026-09-17 09:00:00,72.6977,64.7211,88.65089999999998,7.976599999999991,32,2026-09-17 13:00:00,64.7211,-7.976599999999991,-1.0,stop
194,Short,34,2026-09-17 15:00:00,35,2026-09-17 16:00:00,65.2456,65.6011,64.53459999999998,0.35550000000000637,35,2026-09-17 16:00:00,65.6011,-0.35550000000000637,-1.0,stop
194,Long,38,2026-09-18 10:00:00,39,2026-09-18 11:00:00,75.2147,67.4865,90.67109999999997,7.728199999999987,45,2026-09-18 17:00:00,76.2421,1.0274,0.1329416940555371,time_exit
195,Short,29,2026-09-17 10:00:00,30,2026-09-17 11:00:00,115.153,115.7972,113.86460000000001,0.6441999999999979,30,2026-09-17 11:00:00,113.86460000000001,1.2883999999999958,2.0,target
195,Long,35,2026-09-17 16:00:00,36,2026-09-17 17:00:00,135.2372,131.9231,141.8654,3.3140999999999963,37,2026-09-18 09:00:00,131.9231,-3.3140999999999963,-1.0,stop
196,Long,22,2026-09-16 12:00:00,23,2026-09-16 13:00:00,89.5459,89.2214,90.1949,0.32450000000000045,23,2026-09-16 13:00:00,89.2214,-0.32450000000000045,-1.0,stop
196,Short,37,2026-09-18 09:00:00,38,2026-09-18 10:00:00,106.9787,107.1035,106.72910000000002,0.12479999999999336,38,2026-09-18 10:00:00,107.1035,-0.12479999999999336,-1.0,stop
196,Long,44,2026-09-18 16:00:00,45,2026-09-18 17:00:00,106.1092,105.8622,106.6032,0.2469999999999999,45,2026-09-18 17:00:00,105.8622,-0.2469999999999999,-1.0,stop
197,Short,18,2026-09-15 17:00:00,19,2026-09-16 09:00:00,100.0864,102.7136,94.832,2.627200000000002,19,2026-09-16 09:00:00,94.832,5.254400000000004,2.0,target
197,Long,38,2026-09-18 10:00:00,39,2026-09-18 11:00:00,85.3478,80.5963,94.85080000000002,4.751500000000007,45,2026-09-18 17:00:00,84.7976,-0.5502000000000038,-0.11579501210144227,time_exit
198,Long,18,2026-09-15 17:00:00,19,2026-09-16 09:00:00,95.3141,90.4778,104.98669999999998,4.836299999999994,25,2026-09-16 15:00:00,90.4778,-4.836299999999994,-1.0,stop
198,Short,27,2026-09-16 17:00:00,28,2026-09-17 09:00:00,86.9934,91.2611,78.45799999999998,4.267700000000005,33,2026-09-17 14:00:00,91.2611,-4.267700000000005,-1.0,stop
198,Long,35,2026-09-17 16:00:00,36,2026-09-17 17:00:00,89.1941,89.1435,89.29530000000001,0.050600000000002865,36,2026-09-17 17:00:00,89.1435,-0.050600000000002865,-1.0,stop
198,Short,39,2026-09-18 11:00:00,40,2026-09-18 12:00:00,87.697,88.1419,86.8072,0.44490000000000407,41,2026-09-18 13:00:00,88.1419,-0.44490000000000407,-1.0,stop
198,Long,41,2026-09-18 13:00:00,42,2026-09-18 14:00:00,94.321,87.3636,108.23579999999998,6.957399999999993,45,2026-09-18 17:00:00,103.8463,9.525300000000001,1.3690890275102785,time_exit
199,Long,18,2026-09-15 17:00:00,19,2026-09-16 09:00:00,105.5137,103.9833,108.5745,1.5304000000000002,19,2026-09-16 09:00:00,103.9833,-1.5304000000000002,-1.0,stop
199,Short,22,2026-09-16 12:00:00,23,2026-09-16 13:00:00,94.9621,95.3543,94.17770000000003,0.39219999999998834,23,2026-09-16 13:00:00,95.3543,-0.39219999999998834,-1.0,stop
199,Long,40,2026-09-18 12:00:00,41,2026-09-18 13:00:00,92.562,92.1207,93.4446,0.44129999999999825,41,2026-09-18 13:00:00,92.1207,-0.44129999999999825,-1.0,stop
199,Short,41,2026-09-18 13:00:00,42,2026-09-18 14:00:00,89.1422,92.5746,82.2774,3.4324000000000012,42,2026-09-18 14:00:00,92.5746,-3.4324000000000012,-1.0,stop
199,Long,42,2026-09-18 14:00:00,43,2026-09-18 15:00:00,96.0973,88.7246,110.84270000000002,7.372700000000009,45,2026-09-18 17:00:00,106.2189,10.1216,1.3728484815603494,time_exit
200,Long,16,2026-09-15 15:00:00,17,2026-09-15 16:00:00,98.5632,98.1092,99.47119999999998,0.4539999999999935,17,2026-09-15 16:00:00,98.1092,-0.4539999999999935,-1.0,stop
200,Short,19,2026-09-16 09:00:00,20,2026-09-16 10:00:00,93.6648,93.8877,93.21900000000001,0.22289999999999566,20,2026-09-16 10:00:00,93.8877,-0.22289999999999566,-1.0,stop
200,Long,25,2026-09-16 15:00:00,26,2026-09-16 16:00:00,104.0359,101.6118,108.88409999999999,2.4240999999999957,27,2026-09-16 17:00:00,108.88409999999999,4.848199999999991,2.0,target
201,Long,27,2026-09-16 17:00:00,28,2026-09-17 09:00:00,77.5143,72.6517,87.2395,4.8626000000000005,32,2026-09-17 13:00:00,72.6517,-4.8626000000000005,-1.0,stop
201,Short,34,2026-09-17 15:00:00,35,2026-09-17 16:00:00,74.6628,74.8081,74.37220000000002,0.14529999999999177,35,2026-09-17 16:00:00,74.8081,-0.14529999999999177,-1.0,stop
201,Long,41,2026-09-18 13:00:00,42,2026-09-18 14:00:00,76.8499,76.4159,77.71790000000003,0.4340000000000117,42,2026-09-18 14:00:00,77.71790000000003,0.8680000000000234,2.0,target
202,Long,18,2026-09-15 17:00:00,19,2026-09-16 09:00:00,79.5406,74.8428,88.9362,4.697800000000001,19,2026-09-16 09:00:00,74.8428,-4.697800000000001,-1.0,stop
203,Long,25,2026-09-16 15:00:00,26,2026-09-16 16:00:00,88.0867,83.6958,96.86849999999997,4.390899999999988,26,2026-09-16 16:00:00,83.6958,-4.390899999999988,-1.0,stop
203,Short,44,2026-09-18 16:00:00,45,2026-09-18 17:00:00,99.4983,99.719,99.05690000000001,0.22069999999999368,45,2026-09-18 17:00:00,99.05690000000001,0.44139999999998736,2.0,target
204,Short,17,2026-09-15 16:00:00,18,2026-09-15 17:00:00,89.8518,96.8576,75.84019999999998,7.005800000000008,19,2026-09-16 09:00:00,96.8576,-7.005800000000008,-1.0,stop
204,Long,18,2026-09-15 17:00:00,19,2026-09-16 09:00:00,95.4227,89.4798,107.30850000000002,5.942900000000009,26,2026-09-16 16:00:00,89.4798,-5.942900000000009,-1.0,stop
204,Short,20,2026-09-16 10:00:00,21,2026-09-16 11:00:00,92.7558,97.2239,83.81959999999998,4.468100000000007,21,2026-09-16 11:00:00,97.2239,-4.468100000000007,-1.0,stop
204,Long,22,2026-09-16 12:00:00,23,2026-09-16 13:00:00,101.5293,97.7158,109.15630000000002,3.8135000000000048,23,2026-09-16 13:00:00,97.7158,-3.8135000000000048,-1.0,stop
204,Short,26,2026-09-16 16:00:00,27,2026-09-16 17:00:00,88.2247,92.8385,78.9971,4.613799999999998,27,2026-09-16 17:00:00,92.8385,-4.613799999999998,-1.0,stop
204,Long,36,2026-09-17 17:00:00,37,2026-09-18 09:00:00,95.486,94.2481,97.96180000000003,1.2379000000000104,37,2026-09-18 09:00:00,94.2481,-1.2379000000000104,-1.0,stop
204,Short,44,2026-09-18 16:00:00,45,2026-09-18 17:00:00,89.482,89.8626,88.7208,0.38060000000000116,45,2026-09-18 17:00:00,89.8626,-0.38060000000000116,-1.0,stop
205,Short,20,2026-09-16 10:00:00,21,2026-09-16 11:00:00,125.0828,125.5187,124.21100000000003,0.4358999999999895,21,2026-09-16 11:00:00,125.5187,-0.4358999999999895,-1.0,stop
205,Long,27,2026-09-16 17:00:00,28,2026-09-17 09:00:00,137.2048,129.7925,152.02940000000004,7.412300000000016,35,2026-09-17 16:00:00,152.02940000000004,14.824600000000032,2.0,target
205,Short,39,2026-09-18 11:00:00,40,2026-09-18 12:00:00,135.0984,141.9643,121.36659999999998,6.8659000000000106,40,2026-09-18 12:00:00,141.9643,-6.8659000000000106,-1.0,stop
206,Long,26,2026-09-16 16:00:00,27,2026-09-16 17:00:00,92.1194,92.0623,92.23360000000001,0.05710000000000548,27,2026-09-16 17:00:00,92.0623,-0.05710000000000548,-1.0,stop
206,Short,38,2026-09-18 10:00:00,39,2026-09-18 11:00:00,100.0721,100.4906,99.23510000000002,0.41849999999999454,39,2026-09-18 11:00:00,100.4906,-0.41849999999999454,-1.0,stop
206,Long,40,2026-09-18 12:00:00,41,2026-09-18 13:00:00,107.5692,101.039,120.62959999999998,6.530199999999994,43,2026-09-18 15:00:00,101.039,-6.530199999999994,-1.0,stop
207,Long,27,2026-09-16 17:00:00,28,2026-09-17 09:00:00,55.8682,55.4607,56.6832,0.40749999999999886,28,2026-09-17 09:00:00,55.4607,-0.40749999999999886,-1.0,stop
207,Short,42,2026-09-18 14:00:00,43,2026-09-18 15:00:00,68.9255,69.2417,68.29310000000001,0.31619999999999493,43,2026-09-18 15:00:00,69.2417,-0.31619999999999493,-1.0,stop
207,Long,44,2026-09-18 16:00:00,45,2026-09-18 17:00:00,73.0551,71.1146,76.9361,1.9405000000000001,45,2026-09-18 17:00:00,71.1146,-1.9405000000000001,-1.0,stop
208,Short,16,2026-09-15 15:00:00,17,2026-09-15 16:00:00,110.2904,110.3901,110.09100000000001,0.09969999999999857,17,2026-09-15 16:00:00,110.3901,-0.09969999999999857,-1.0,stop
208,Long,26,2026-09-16 16:00:00,27,2026-09-16 17:00:00,107.0191,101.329,118.3993,5.690100000000001,45,2026-09-18 17:00:00,115.9225,8.903400000000005,1.564717667527812,time_exit
208,Short,39,2026-09-18 11:00:00,40,2026-09-18 12:00:00,110.2637,110.5841,109.62289999999999,0.32040000000000646,40,2026-09-18 12:00:00,109.62289999999999,0.6408000000000129,2.0,target
208,Long,44,2026-09-18 16:00:00,45,2026-09-18 17:00:00,112.1514,111.723,113.00819999999999,0.42839999999999634,45,2026-09-18 17:00:00,113.00819999999999,0.8567999999999927,2.0,target
209,Short,24,2026-09-16 14:00:00,25,2026-09-16 15:00:00,90.7478,90.965,90.31339999999999,0.2172000000000054,25,2026-09-16 15:00:00,90.965,-0.2172000000000054,-1.0,stop
209,Long,28,2026-09-17 09:00:00,29,2026-09-17 10:00:00,103.6809,98.8239,113.39489999999999,4.856999999999999,29,2026-09-17 10:00:00,98.8239,-4.856999999999999,-1.0,stop
209,Short,41,2026-09-18 13:00:00,42,2026-09-18 14:00:00,92.582,97.8975,81.951,5.3155,42,2026-09-18 14:00:00,97.8975,-5.3155,-1.0,stop
210,Long,16,2026-09-15 15:00:00,17,2026-09-15 16:00:00,90.4001,90.1428,90.9147,0.25730000000000075,17,2026-09-15 16:00:00,90.1428,-0.25730000000000075,-1.0,stop
210,Short,24,2026-09-16 14:00:00,25,2026-09-16 15:00:00,91.6155,91.7322,91.38209999999998,0.11670000000000869,25,2026-09-16 15:00:00,91.7322,-0.11670000000000869,-1.0,stop
210,Long,26,2026-09-16 16:00:00,27,2026-09-16 17:00:00,104.7325,98.5036,117.1903,6.228899999999996,36,2026-09-17 17:00:00,98.5036,-6.228899999999996,-1.0,stop
210,Short,37,2026-09-18 09:00:00,38,2026-09-18 10:00:00,104.4786,104.8932,103.64940000000001,0.414599999999993,39,2026-09-18 11:00:00,103.64940000000001,0.829199999999986,2.0,target
210,Long,42,2026-09-18 14:00:00,43,2026-09-18 15:00:00,113.2141,108.5355,122.57130000000001,4.678600000000003,45,2026-09-18 17:00:00,112.6089,-0.6051999999999964,-0.12935493523703587,time_exit
211,Short,13,2026-09-15 12:00:00,14,2026-09-15 13:00:00,116.5385,117.0215,115.57249999999999,0.4830000000000041,14,2026-09-15 13:00:00,117.0215,-0.4830000000000041,-1.0,stop
211,Long,14,2026-09-15 13:00:00,15,2026-09-15 14:00:00,120.4068,116.5003,128.21980000000002,3.9065000000000083,16,2026-09-15 15:00:00,116.5003,-3.9065000000000083,-1.0,stop
211,Short,21,2026-09-16 11:00:00,22,2026-09-16 12:00:00,111.6686,115.7727,103.46039999999999,4.1041000000000025,23,2026-09-16 13:00:00,103.46039999999999,8.208200000000005,2.0,target
211,Long,28,2026-09-17 09:00:00,29,2026-09-17 10:00:00,123.2945,122.3558,125.1719,0.9386999999999972,30,2026-09-17 11:00:00,125.1719,1.8773999999999944,2.0,target
211,Short,41,2026-09-18 13:00:00,42,2026-09-18 14:00:00,129.6108,130.9099,127.01260000000005,1.2990999999999815,43,2026-09-18 15:00:00,127.01260000000005,2.598199999999963,2.0,target
212,Short,17,2026-09-15 16:00:00,18,2026-09-15 17:00:00,101.9833,109.5293,86.89129999999999,7.5460000000000065,21,2026-09-16 11:00:00,109.5293,-7.5460000000000065,-1.0,stop
212,Long,23,2026-09-16 13:00:00,24,2026-09-16 14:00:00,114.8941,113.7715,117.13929999999998,1.1225999999999914,24,2026-09-16 14:00:00,113.7715,-1.1225999999999914,-1.0,stop
212,Short,28,2026-09-17 09:00:00,29,2026-09-17 10:00:00,97.8221,100.9802,91.50590000000003,3.1580999999999904,30,2026-09-17 11:00:00,100.9802,-3.1580999999999904,-1.0,stop
212,Long,42,2026-09-18 14:00:00,43,2026-09-18 15:00:00,102.0503,100.1718,105.80729999999997,1.8784999999999883,43,2026-09-18 15:00:00,100.1718,-1.8784999999999883,-1.0,stop
213,Short,21,2026-09-16 11:00:00,22,2026-09-16 12:00:00,101.0188,107.5011,88.05420000000001,6.482299999999995,31,2026-09-17 12:00:00,107.5011,-6.482299999999995,-1.0,stop
213,Long,31,2026-09-17 12:00:00,32,2026-09-17 13:00:00,109.5715,103.6341,121.4463,5.937399999999997,35,2026-09-17 16:00:00,103.6341,-5.937399999999997,-1.0,stop
213,Short,38,2026-09-18 10:00:00,39,2026-09-18 11:00:00,92.3587,97.4632,82.1497,5.104500000000002,45,2026-09-18 17:00:00,86.8372,5.521500000000003,1.0816926241551574,time_exit
214,Short,22,2026-09-16 12:00:00,23,2026-09-16 13:00:00,100.4609,103.4963,94.39009999999998,3.03540000000001,25,2026-09-16 15:00:00,103.4963,-3.03540000000001,-1.0,stop
214,Long,28,2026-09-17 09:00:00,29,2026-09-17 10:00:00,106.673,106.4617,107.09560000000002,0.21130000000000848,29,2026-09-17 10:00:00,107.09560000000002,0.42260000000001696,2.0,target
214,Short,41,2026-09-18 13:00:00,42,2026-09-18 14:00:00,119.786,120.0625,119.233,0.27649999999999864,42,2026-09-18 14:00:00,119.233,0.5529999999999973,2.0,target
215,Short,14,2026-09-15 13:00:00,15,2026-09-15 14:00:00,103.1035,103.5681,102.17429999999999,0.46460000000000434,15,2026-09-15 14:00:00,102.17429999999999,0.9292000000000087,2.0,target
215,Long,32,2026-09-17 13:00:00,33,2026-09-17 14:00:00,83.6658,82.3685,86.26040000000002,1.297300000000007,33,2026-09-17 14:00:00,82.3685,-1.297300000000007,-1.0,stop
215,Short,36,2026-09-17 17:00:00,37,2026-09-18 09:00:00,79.0992,81.9708,73.356,2.871600000000001,40,2026-09-18 12:00:00,73.356,5.743200000000002,2.0,target
216,Long,17,2026-09-15 16:00:00,18,2026-09-15 17:00:00,109.34,109.0716,109.8768,0.26839999999999975,18,2026-09-15 17:00:00,109.0716,-0.26839999999999975,-1.0,stop
216,Short,22,2026-09-16 12:00:00,23,2026-09-16 13:00:00,101.0195,107.4239,88.21069999999997,6.40440000000001,25,2026-09-16 15:00:00,107.4239,-6.40440000000001,-1.0,stop
216,Long,29,2026-09-17 10:00:00,30,2026-09-17 11:00:00,107.4923,103.7835,114.9099,3.7087999999999965,41,2026-09-18 13:00:00,103.7835,-3.7087999999999965,-1.0,stop
216,Short,40,2026-09-18 12:00:00,41,2026-09-18 13:00:00,107.3364,108.9497,104.10979999999998,1.6133000000000095,41,2026-09-18 13:00:00,104.10979999999998,3.226600000000019,2.0,target
217,Short,19,2026-09-16 09:00:00,20,2026-09-16 10:00:00,98.9319,101.2489,94.29789999999998,2.3170000000000073,20,2026-09-16 10:00:00,94.29789999999998,4.6340000000000146,2.0,target
217,Long,25,2026-09-16 15:00:00,26,2026-09-16 16:00:00,101.3111,101.077,101.77929999999999,0.23409999999999798,26,2026-09-16 16:00:00,101.077,-0.23409999999999798,-1.0,stop
218,Long,43,2026-09-18 15:00:00,44,2026-09-18 16:00:00,32.8349,25.805,46.89469999999999,7.029899999999998,45,2026-09-18 17:00:00,33.7236,0.8887,0.12641716098379782,time_exit
219,Short,15,2026-09-15 14:00:00,16,2026-09-15 15:00:00,99.3648,103.2492,91.596,3.8843999999999994,19,2026-09-16 09:00:00,103.2492,-3.8843999999999994,-1.0,stop
219,Long,23,2026-09-16 13:00:00,24,2026-09-16 14:00:00,100.4201,100.361,100.5383,0.05910000000000082,24,2026-09-16 14:00:00,100.5383,0.11820000000000164,2.0,target
219,Short,27,2026-09-16 17:00:00,28,2026-09-17 09:00:00,98.6039,102.7905,90.2307,4.1865999999999985,34,2026-09-17 15:00:00,90.2307,8.373199999999997,2.0,target
219,Long,40,2026-09-18 12:00:00,41,2026-09-18 13:00:00,95.1087,88.392,108.5421,6.716700000000003,44,2026-09-18 16:00:00,88.392,-6.716700000000003,-1.0,stop
220,Short,20,2026-09-16 10:00:00,21,2026-09-16 11:00:00,104.6534,108.2985,97.3632,3.6450999999999993,22,2026-09-16 12:00:00,97.3632,7.290199999999999,2.0,target
220,Long,39,2026-09-18 11:00:00,40,2026-09-18 12:00:00,86.7391,86.5447,87.12789999999997,0.19439999999998747,40,2026-09-18 12:00:00,86.5447,-0.19439999999998747,-1.0,stop
220,Short,42,2026-09-18 14:00:00,43,2026-09-18 15:00:00,84.3337,86.2773,80.44649999999999,1.9436000000000035,43,2026-09-18 15:00:00,86.2773,-1.9436000000000035,-1.0,stop
220,Long,44,2026-09-18 16:00:00,45,2026-09-18 17:00:00,96.352,88.3879,112.28020000000001,7.964100000000002,45,2026-09-18 17:00:00,99.3751,3.0230999999999995,0.37959091422759617,time_exit
221,Short,20,2026-09-16 10:00:00,21,2026-09-16 11:00:00,123.2382,130.5655,108.58360000000005,7.32729999999998,22,2026-09-16 12:00:00,130.5655,-7.32729999999998,-1.0,stop
221,Long,32,2026-09-17 13:00:00,33,2026-09-17 14:00:00,127.6244,127.37,128.1332,0.25439999999998975,33,2026-09-17 14:00:00,127.37,-0.25439999999998975,-1.0,stop
221,Short,37,2026-09-18 09:00:00,38,2026-09-18 10:00:00,115.9976,122.9863,102.02020000000002,6.988699999999994,45,2026-09-18 17:00:00,122.062,-6.064399999999992,-0.8677436433099142,time_exit
222,Short,15,2026-09-15 14:00:00,16,2026-09-15 15:00:00,111.6857,111.9948,111.0675,0.3091000000000008,16,2026-09-15 15:00:00,111.9948,-0.3091000000000008,-1.0,stop
222,Long,32,2026-09-17 13:00:00,33,2026-09-17 14:00:00,98.6029,92.5282,110.75230000000002,6.074700000000007,36,2026-09-17 17:00:00,110.75230000000002,12.149400000000014,2.0,target
223,Short,19,2026-09-16 09:00:00,20,2026-09-16 10:00:00,111.2439,111.5791,110.5735,0.3352000000000004,20,2026-09-16 10:00:00,110.5735,0.6704000000000008,2.0,target
223,Long,29,2026-09-17 10:00:00,30,2026-09-17 11:00:00,113.4718,110.1504,120.1146,3.321399999999997,30,2026-09-17 11:00:00,110.1504,-3.321399999999997,-1.0,stop
223,Short,33,2026-09-17 14:00:00,34,2026-09-17 15:00:00,102.7585,108.0379,92.1997,5.279399999999995,35,2026-09-17 16:00:00,108.0379,-5.279399999999995,-1.0,stop
223,Long,37,2026-09-18 09:00:00,38,2026-09-18 10:00:00,114.2778,111.7287,119.37599999999999,2.5490999999999957,38,2026-09-18 10:00:00,111.7287,-2.5490999999999957,-1.0,stop
223,Short,42,2026-09-18 14:00:00,43,2026-09-18 15:00:00,93.7773,99.6692,81.99349999999998,5.891900000000007,45,2026-09-18 17:00:00,97.3431,-3.56580000000001,-0.6052037543067611,time_exit
224,Short,43,2026-09-18 15:00:00,44,2026-09-18 16:00:00,125.1037,129.8724,115.56630000000001,4.7686999999999955,45,2026-09-18 17:00:00,129.8724,-4.7686999999999955,-1.0,stop
225,Long,18,2026-09-15 17:00:00,19,2026-09-16 09:00:00,108.8703,103.6299,119.35109999999999,5.240399999999994,19,2026-09-16 09:00:00,103.6299,-5.240399999999994,-1.0,stop
225,Short,20,2026-09-16 10:00:00,21,2026-09-16 11:00:00,105.177,105.3119,104.90720000000003,0.13489999999998759,21,2026-09-16 11:00:00,105.3119,-0.13489999999998759,-1.0,stop
225,Long,22,2026-09-16 12:00:00,23,2026-09-16 13:00:00,106.2937,105.8322,107.2167,0.4615000000000009,23,2026-09-16 13:00:00,107.2167,0.9230000000000018,2.0,target
225,Short,31,2026-09-17 12:00:00,32,2026-09-17 13:00:00,105.7238,109.6524,97.86659999999999,3.928600000000003,39,2026-09-18 11:00:00,109.6524,-3.928600000000003,-1.0,stop
225,Long,40,2026-09-18 12:00:00,41,2026-09-18 13:00:00,117.5995,111.8138,129.17090000000002,5.785700000000006,43,2026-09-18 15:00:00,111.8138,-5.785700000000006,-1.0,stop
226,Long,15,2026-09-15 14:00:00,16,2026-09-15 15:00:00,90.7562,83.196,105.87660000000002,7.560200000000009,17,2026-09-15 16:00:00,83.196,-7.560200000000009,-1.0,stop
226,Short,27,2026-09-16 17:00:00,28,2026-09-17 09:00:00,84.9936,85.2484,84.484,0.254800000000003,28,2026-09-17 09:00:00,84.484,0.509600000000006,2.0,target
226,Long,33,2026-09-17 14:00:00,34,2026-09-17 15:00:00,90.256,90.0149,90.7382,0.24110000000000298,34,2026-09-17 15:00:00,90.0149,-0.24110000000000298,-1.0,stop
227,Short,24,2026-09-16 14:00:00,25,2026-09-16 15:00:00,116.8069,117.2908,115.83909999999999,0.48390000000000555,25,2026-09-16 15:00:00,117.2908,-0.48390000000000555,-1.0,stop
227,Long,29,2026-09-17 10:00:00,30,2026-09-17 11:00:00,133.0351,125.5207,148.0639,7.514399999999995,32,2026-09-17 13:00:00,148.0639,15.02879999999999,2.0,target
228,Short,15,2026-09-15 14:00:00,16,2026-09-15 15:00:00,98.9026,103.3746,89.95860000000002,4.471999999999994,17,2026-09-15 16:00:00,89.95860000000002,8.943999999999988,2.0,target
228,Long,23,2026-09-16 13:00:00,24,2026-09-16 14:00:00,108.0534,104.3107,115.5388,3.7426999999999992,25,2026-09-16 15:00:00,104.3107,-3.7426999999999992,-1.0,stop
228,Short,38,2026-09-18 10:00:00,39,2026-09-18 11:00:00,108.6883,112.8567,100.35149999999999,4.168400000000005,40,2026-09-18 12:00:00,112.8567,-4.168400000000005,-1.0,stop
228,Long,40,2026-09-18 12:00:00,41,2026-09-18 13:00:00,115.2327,110.13,125.43809999999999,5.102699999999999,41,2026-09-18 13:00:00,110.13,-5.102699999999999,-1.0,stop
229,Long,22,2026-09-16 12:00:00,23,2026-09-16 13:00:00,94.3907,94.3506,94.47089999999999,0.04009999999999536,23,2026-09-16 13:00:00,94.3506,-0.04009999999999536,-1.0,stop
229,Short,26,2026-09-16 16:00:00,27,2026-09-16 17:00:00,89.7728,97.2328,74.85280000000002,7.459999999999994,35,2026-09-17 16:00:00,74.85280000000002,14.919999999999987,2.0,target
229,Long,43,2026-09-18 15:00:00,44,2026-09-18 16:00:00,82.2581,81.8753,83.0237,0.38280000000000314,44,2026-09-18 16:00:00,81.8753,-0.38280000000000314,-1.0,stop
230,Long,26,2026-09-16 16:00:00,27,2026-09-16 17:00:00,77.3884,77.3083,77.54860000000001,0.08010000000000161,27,2026-09-16 17:00:00,77.3083,-0.08010000000000161,-1.0,stop
230,Short,29,2026-09-17 10:00:00,30,2026-09-17 11:00:00,73.9855,74.3994,73.1577,0.41389999999999816,30,2026-09-17 11:00:00,74.3994,-0.41389999999999816,-1.0,stop
230,Long,35,2026-09-17 16:00:00,36,2026-09-17 17:00:00,80.76,74.9502,92.37960000000002,5.80980000000001,36,2026-09-17 17:00:00,74.9502,-5.80980000000001,-1.0,stop
231,Long,19,2026-09-16 09:00:00,20,2026-09-16 10:00:00,99.8309,99.5178,100.45710000000001,0.3131000000000057,20,2026-09-16 10:00:00,99.5178,-0.3131000000000057,-1.0,stop
231,Short,26,2026-09-16 16:00:00,27,2026-09-16 17:00:00,93.99,96.2939,89.3822,2.3038999999999987,28,2026-09-17 09:00:00,96.2939,-2.3038999999999987,-1.0,stop
231,Long,37,2026-09-18 09:00:00,38,2026-09-18 10:00:00,94.0081,93.5434,94.93749999999999,0.46469999999999345,38,2026-09-18 10:00:00,93.5434,-0.46469999999999345,-1.0,stop
233,Short,22,2026-09-16 12:00:00,23,2026-09-16 13:00:00,124.2761,124.9746,122.87910000000001,0.6984999999999957,23,2026-09-16 13:00:00,124.9746,-0.6984999999999957,-1.0,stop
233,Long,26,2026-09-16 16:00:00,27,2026-09-16 17:00:00,131.3066,126.0831,141.7536,5.223500000000001,28,2026-09-17 09:00:00,126.0831,-5.223500000000001,-1.0,stop
233,Short,29,2026-09-17 10:00:00,30,2026-09-17 11:00:00,125.1634,125.167,125.15619999999998,0.0036000000000058208,30,2026-09-17 11:00:00,125.167,-0.0036000000000058208,-1.0,stop
234,Long,21,2026-09-16 11:00:00,22,2026-09-16 12:00:00,93.6313,93.4688,93.95629999999998,0.16249999999999432,22,2026-09-16 12:00:00,93.4688,-0.16249999999999432,-1.0,stop
234,Short,27,2026-09-16 17:00:00,28,2026-09-17 09:00:00,87.5327,87.8251,86.9479,0.29240000000000066,28,2026-09-17 09:00:00,86.9479,0.5848000000000013,2.0,target
234,Long,38,2026-09-18 10:00:00,39,2026-09-18 11:00:00,92.1796,84.6858,107.16719999999998,7.493799999999993,45,2026-09-18 17:00:00,103.5771,11.397500000000008,1.5209239638100855,time_exit
235,Long,18,2026-09-15 17:00:00,19,2026-09-16 09:00:00,104.0438,104.0179,104.09560000000002,0.02590000000000714,19,2026-09-16 09:00:00,104.0179,-0.02590000000000714,-1.0,stop
235,Short,43,2026-09-18 15:00:00,44,2026-09-18 16:00:00,127.0744,127.4861,126.251,0.4116999999999962,44,2026-09-18 16:00:00,127.4861,-0.4116999999999962,-1.0,stop
235,Long,44,2026-09-18 16:00:00,45,2026-09-18 17:00:00,134.2026,126.9981,148.61159999999998,7.204499999999996,45,2026-09-18 17:00:00,134.6877,0.48510000000001696,0.06733291692692307,time_exit
236,Long,20,2026-09-16 10:00:00,21,2026-09-16 11:00:00,96.4277,96.1,97.08310000000002,0.3277000000000072,21,2026-09-16 11:00:00,96.1,-0.3277000000000072,-1.0,stop
236,Short,25,2026-09-16 15:00:00,26,2026-09-16 16:00:00,95.5158,95.9433,94.66080000000001,0.4274999999999949,26,2026-09-16 16:00:00,94.66080000000001,0.8549999999999898,2.0,target
236,Long,35,2026-09-17 16:00:00,36,2026-09-17 17:00:00,93.1965,89.7951,99.99929999999999,3.4013999999999953,36,2026-09-17 17:00:00,99.99929999999999,6.802799999999991,2.0,target
237,Long,13,2026-09-15 12:00:00,14,2026-09-15 13:00:00,83.0894,82.6235,84.02119999999998,0.46589999999999065,14,2026-09-15 13:00:00,84.02119999999998,0.9317999999999813,2.0,target
237,Short,35,2026-09-17 16:00:00,36,2026-09-17 17:00:00,117.118,117.1322,117.08959999999999,0.014200000000002433,36,2026-09-17 17:00:00,117.1322,-0.014200000000002433,-1.0,stop
237,Long,39,2026-09-18 11:00:00,40,2026-09-18 12:00:00,119.2605,113.7832,130.2151,5.4773,43,2026-09-18 15:00:00,130.2151,10.954600000000013,2.0000000000000027,target
237,Short,41,2026-09-18 13:00:00,42,2026-09-18 14:00:00,121.8098,121.9973,121.4348,0.1875,42,2026-09-18 14:00:00,121.9973,-0.1875,-1.0,stop
237,Long,42,2026-09-18 14:00:00,43,2026-09-18 15:00:00,124.4141,121.4662,130.30990000000003,2.947900000000004,43,2026-09-18 15:00:00,130.30990000000003,5.895800000000023,2.000000000000005,target
238,Short,15,2026-09-15 14:00:00,16,2026-09-15 15:00:00,98.3703,98.3795,98.35190000000001,0.00919999999999277,16,2026-09-15 15:00:00,98.3795,-0.00919999999999277,-1.0,stop
238,Long,20,2026-09-16 10:00:00,21,2026-09-16 11:00:00,102.192,102.1462,102.28359999999999,0.04579999999999984,21,2026-09-16 11:00:00,102.28359999999999,0.09159999999999968,2.0,target
238,Short,23,2026-09-16 13:00:00,24,2026-09-16 14:00:00,90.6134,96.4273,78.98559999999999,5.813900000000004,27,2026-09-16 17:00:00,96.4273,-5.813900000000004,-1.0,stop
238,Long,30,2026-09-17 11:00:00,31,2026-09-17 12:00:00,112.8293,106.2314,126.02510000000002,6.59790000000001,37,2026-09-18 09:00:00,106.2314,-6.59790000000001,-1.0,stop
238,Short,38,2026-09-18 10:00:00,39,2026-09-18 11:00:00,102.3494,104.7181,97.612,2.368700000000004,40,2026-09-18 12:00:00,97.612,4.737400000000008,2.0,target
240,Long,21,2026-09-16 11:00:00,22,2026-09-16 12:00:00,104.7717,100.4027,113.5097,4.369,25,2026-09-16 15:00:00,113.5097,8.738,2.0,target
240,Short,31,2026-09-17 12:00:00,32,2026-09-17 13:00:00,109.5589,110.0281,108.62049999999999,0.4692000000000007,32,2026-09-17 13:00:00,110.0281,-0.4692000000000007,-1.0,stop
240,Long,32,2026-09-17 13:00:00,33,2026-09-17 14:00:00,115.7379,109.0895,129.0347,6.648399999999995,36,2026-09-17 17:00:00,109.0895,-6.648399999999995,-1.0,stop
240,Short,38,2026-09-18 10:00:00,39,2026-09-18 11:00:00,106.9816,107.4552,106.03439999999999,0.4736000000000047,39,2026-09-18 11:00:00,106.03439999999999,0.9472000000000094,2.0,target
241,Short,19,2026-09-16 09:00:00,20,2026-09-16 10:00:00,95.479,98.0993,90.2384,2.6203000000000003,20,2026-09-16 10:00:00,90.2384,5.240600000000001,2.0,target
241,Long,34,2026-09-17 15:00:00,35,2026-09-17 16:00:00,95.9643,89.4629,108.96709999999997,6.50139999999999,35,2026-09-17 16:00:00,89.4629,-6.50139999999999,-1.0,stop
241,Short,42,2026-09-18 14:00:00,43,2026-09-18 15:00:00,93.3276,93.5668,92.84920000000001,0.23919999999999675,43,2026-09-18 15:00:00,93.5668,-0.23919999999999675,-1.0,stop
241,Long,44,2026-09-18 16:00:00,45,2026-09-18 17:00:00,97.3485,97.2782,97.48910000000001,0.07030000000000314,45,2026-09-18 17:00:00,97.2782,-0.07030000000000314,-1.0,stop
242,Long,27,2026-09-16 17:00:00,28,2026-09-17 09:00:00,74.0983,67.6597,86.97549999999998,6.438599999999994,31,2026-09-17 12:00:00,67.6597,-6.438599999999994,-1.0,stop
242,Short,34,2026-09-17 15:00:00,35,2026-09-17 16:00:00,70.5981,70.7121,70.3701,0.11400000000000432,35,2026-09-17 16:00:00,70.7121,-0.11400000000000432,-1.0,stop
242,Long,37,2026-09-18 09:00:00,38,2026-09-18 10:00:00,79.0948,71.9444,93.39560000000002,7.150400000000005,42,2026-09-18 14:00:00,93.39560000000002,14.30080000000001,2.0,target
243,Long,23,2026-09-16 13:00:00,24,2026-09-16 14:00:00,84.9872,78.237,98.48760000000001,6.750200000000007,28,2026-09-17 09:00:00,78.237,-6.750200000000007,-1.0,stop
243,Short,30,2026-09-17 11:00:00,31,2026-09-17 12:00:00,78.8344,79.1982,78.1068,0.3637999999999977,31,2026-09-17 12:00:00,79.1982,-0.3637999999999977,-1.0,stop
243,Long,33,2026-09-17 14:00:00,34,2026-09-17 15:00:00,88.0561,87.8933,88.38170000000001,0.16280000000000427,34,2026-09-17 15:00:00,87.8933,-0.16280000000000427,-1.0,stop
244,Short,19,2026-09-16 09:00:00,20,2026-09-16 10:00:00,117.2074,117.2479,117.12640000000002,0.04049999999999443,20,2026-09-16 10:00:00,117.2479,-0.04049999999999443,-1.0,stop
244,Long,21,2026-09-16 11:00:00,22,2026-09-16 12:00:00,112.2256,111.8176,113.0416,0.40800000000000125,22,2026-09-16 12:00:00,111.8176,-0.40800000000000125,-1.0,stop
244,Short,22,2026-09-16 12:00:00,23,2026-09-16 13:00:00,107.0985,112.5164,96.2627,5.417900000000003,29,2026-09-17 10:00:00,112.5164,-5.417900000000003,-1.0,stop
244,Long,31,2026-09-17 12:00:00,32,2026-09-17 13:00:00,117.2552,115.9282,119.9092,1.3269999999999982,35,2026-09-17 16:00:00,119.9092,2.6539999999999964,2.0,target
245,Long,14,2026-09-15 13:00:00,15,2026-09-15 14:00:00,109.8938,108.9702,111.74099999999999,0.9235999999999933,16,2026-09-15 15:00:00,108.9702,-0.9235999999999933,-1.0,stop
245,Short,19,2026-09-16 09:00:00,20,2026-09-16 10:00:00,95.6059,99.1127,88.59230000000001,3.5067999999999984,20,2026-09-16 10:00:00,99.1127,-3.5067999999999984,-1.0,stop
245,Long,23,2026-09-16 13:00:00,24,2026-09-16 14:00:00,111.9265,110.7118,114.35590000000002,1.2147000000000077,25,2026-09-16 15:00:00,110.7118,-1.2147000000000077,-1.0,stop
246,Long,17,2026-09-15 16:00:00,18,2026-09-15 17:00:00,102.3324,95.901,115.19520000000003,6.431400000000011,18,2026-09-15 17:00:00,95.901,-6.431400000000011,-1.0,stop
246,Short,37,2026-09-18 09:00:00,38,2026-09-18 10:00:00,104.6821,108.5315,96.98330000000003,3.8493999999999886,39,2026-09-18 11:00:00,108.5315,-3.8493999999999886,-1.0,stop
247,Short,17,2026-09-15 16:00:00,18,2026-09-15 17:00:00,123.1216,123.5733,122.2182,0.45170000000000243,18,2026-09-15 17:00:00,123.5733,-0.45170000000000243,-1.0,stop
247,Long,25,2026-09-16 15:00:00,26,2026-09-16 16:00:00,128.4944,123.5242,138.43480000000005,4.97020000000002,28,2026-09-17 09:00:00,138.43480000000005,9.94040000000004,2.0,target
247,Short,36,2026-09-17 17:00:00,37,2026-09-18 09:00:00,137.416,138.1512,135.9456,0.7351999999999919,38,2026-09-18 10:00:00,135.9456,1.4703999999999837,2.0,target
247,Long,43,2026-09-18 15:00:00,44,2026-09-18 16:00:00,143.7177,137.0434,157.06630000000004,6.6743000000000166,45,2026-09-18 17:00:00,145.3426,1.6248999999999967,0.24345624260221935,time_exit
248,Short,37,2026-09-18 09:00:00,38,2026-09-18 10:00:00,140.0265,140.4606,139.1583,0.4341000000000008,38,2026-09-18 10:00:00,140.4606,-0.4341000000000008,-1.0,stop
249,Short,25,2026-09-16 15:00:00,26,2026-09-16 16:00:00,111.5591,116.7686,101.14009999999999,5.209500000000006,33,2026-09-17 14:00:00,101.14009999999999,10.419000000000011,2.0,target
250,Short,18,2026-09-15 17:00:00,19,2026-09-16 09:00:00,105.5199,112.7768,91.00610000000003,7.2568999999999875,23,2026-09-16 13:00:00,112.7768,-7.2568999999999875,-1.0,stop
250,Long,25,2026-09-16 15:00:00,26,2026-09-16 16:00:00,118.5037,112.0326,131.4459,6.471099999999993,33,2026-09-17 14:00:00,131.4459,12.9422,2.000000000000002,target
251,Short,35,2026-09-17 16:00:00,36,2026-09-17 17:00:00,132.9546,133.9973,130.8692,1.0426999999999964,36,2026-09-17 17:00:00,133.9973,-1.0426999999999964,-1.0,stop
251,Long,38,2026-09-18 10:00:00,39,2026-09-18 11:00:00,145.757,145.3145,146.642,0.44249999999999545,39,2026-09-18 11:00:00,145.3145,-0.44249999999999545,-1.0,stop
252,Long,23,2026-09-16 13:00:00,24,2026-09-16 14:00:00,93.4663,85.8133,108.77230000000002,7.653000000000006,37,2026-09-18 09:00:00,85.8133,-7.653000000000006,-1.0,stop
252,Short,37,2026-09-18 09:00:00,38,2026-09-18 10:00:00,85.5117,91.8823,72.77050000000001,6.370599999999996,40,2026-09-18 12:00:00,91.8823,-6.370599999999996,-1.0,stop
252,Long,43,2026-09-18 15:00:00,44,2026-09-18 16:00:00,96.7549,96.4071,97.45050000000002,0.34780000000000655,44,2026-09-18 16:00:00,97.45050000000002,0.6956000000000131,2.0,target
253,Long,29,2026-09-17 10:00:00,30,2026-09-17 11:00:00,81.6437,75.4534,94.02429999999998,6.1902999999999935,31,2026-09-17 12:00:00,75.4534,-6.1902999999999935,-1.0,stop
253,Short,33,2026-09-17 14:00:00,34,2026-09-17 15:00:00,69.9335,72.0069,65.78669999999998,2.0734000000000066,35,2026-09-17 16:00:00,65.78669999999998,4.146800000000013,2.0,target
253,Long,41,2026-09-18 13:00:00,42,2026-09-18 14:00:00,77.4536,72.2603,87.84019999999998,5.193299999999994,42,2026-09-18 14:00:00,72.2603,-5.193299999999994,-1.0,stop
254,Short,15,2026-09-15 14:00:00,16,2026-09-15 15:00:00,89.9482,90.3748,89.09500000000001,0.42659999999999343,16,2026-09-15 15:00:00,90.3748,-0.42659999999999343,-1.0,stop
254,Long,25,2026-09-16 15:00:00,26,2026-09-16 16:00:00,93.4615,88.8917,102.6011,4.569800000000001,27,2026-09-16 17:00:00,102.6011,9.139600000000002,2.0,target
255,Long,20,2026-09-16 10:00:00,21,2026-09-16 11:00:00,117.9973,117.905,118.18189999999998,0.0922999999999945,21,2026-09-16 11:00:00,117.905,-0.0922999999999945,-1.0,stop
255,Short,32,2026-09-17 13:00:00,33,2026-09-17 14:00:00,127.1636,127.5876,126.31560000000002,0.4239999999999924,33,2026-09-17 14:00:00,127.5876,-0.4239999999999924,-1.0,stop
255,Long,36,2026-09-17 17:00:00,37,2026-09-18 09:00:00,136.0039,135.5932,136.82529999999997,0.4106999999999914,37,2026-09-18 09:00:00,136.82529999999997,0.8213999999999828,2.0,target
256,Long,19,2026-09-16 09:00:00,20,2026-09-16 10:00:00,90.6838,89.2653,93.52080000000002,1.4185000000000088,21,2026-09-16 11:00:00,89.2653,-1.4185000000000088,-1.0,stop
256,Short,24,2026-09-16 14:00:00,25,2026-09-16 15:00:00,85.693,86.0825,84.914,0.3894999999999982,26,2026-09-16 16:00:00,84.914,0.7789999999999964,2.0,target
256,Long,32,2026-09-17 13:00:00,33,2026-09-17 14:00:00,81.0621,80.9794,81.2275,0.08270000000000266,33,2026-09-17 14:00:00,80.9794,-0.08270000000000266,-1.0,stop
256,Short,35,2026-09-17 16:00:00,36,2026-09-17 17:00:00,81.9508,87.5962,70.66000000000001,5.645399999999995,41,2026-09-18 13:00:00,70.66000000000001,11.29079999999999,2.0,target
257,Long,15,2026-09-15 14:00:00,16,2026-09-15 15:00:00,95.7928,95.41,96.5584,0.38280000000000314,16,2026-09-15 15:00:00,95.41,-0.38280000000000314,-1.0,stop
257,Short,18,2026-09-15 17:00:00,19,2026-09-16 09:00:00,96.0195,96.4465,95.16549999999998,0.4270000000000067,19,2026-09-16 09:00:00,96.4465,-0.4270000000000067,-1.0,stop
257,Long,28,2026-09-17 09:00:00,29,2026-09-17 10:00:00,96.6519,96.3004,97.3549,0.3515000000000015,29,2026-09-17 10:00:00,96.3004,-0.3515000000000015,-1.0,stop
257,Short,31,2026-09-17 12:00:00,32,2026-09-17 13:00:00,80.2212,87.3984,65.8668,7.177199999999999,33,2026-09-17 14:00:00,87.3984,-7.177199999999999,-1.0,stop
257,Long,37,2026-09-18 09:00:00,38,2026-09-18 10:00:00,105.7214,100.1439,116.8764,5.577500000000001,45,2026-09-18 17:00:00,113.7053,7.983899999999991,1.4314477812640054,time_exit
258,Long,14,2026-09-15 13:00:00,15,2026-09-15 14:00:00,96.8291,95.9525,98.58229999999999,0.8765999999999963,15,2026-09-15 14:00:00,98.58229999999999,1.7531999999999925,2.0,target
258,Short,33,2026-09-17 14:00:00,34,2026-09-17 15:00:00,101.72,106.7625,91.63499999999999,5.042500000000004,34,2026-09-17 15:00:00,106.7625,-5.042500000000004,-1.0,stop
259,Long,19,2026-09-16 09:00:00,20,2026-09-16 10:00:00,105.8578,99.8983,117.77679999999998,5.959499999999991,32,2026-09-17 13:00:00,117.77679999999998,11.918999999999983,2.0,target
259,Short,27,2026-09-16 17:00:00,28,2026-09-17 09:00:00,102.9161,104.7588,99.23070000000001,1.8426999999999936,28,2026-09-17 09:00:00,104.7588,-1.8426999999999936,-1.0,stop
259,Long,32,2026-09-17 13:00:00,33,2026-09-17 14:00:00,119.7986,115.6836,128.02859999999998,4.114999999999995,39,2026-09-18 11:00:00,115.6836,-4.114999999999995,-1.0,stop
259,Short,44,2026-09-18 16:00:00,45,2026-09-18 17:00:00,112.9604,116.8812,105.11880000000001,3.9208,45,2026-09-18 17:00:00,111.0652,1.8952000000000027,0.48337074066517105,time_exit
260,Long,26,2026-09-16 16:00:00,27,2026-09-16 17:00:00,90.464,84.4177,102.5566,6.046300000000002,34,2026-09-17 15:00:00,102.5566,12.092600000000004,2.0,target
260,Short,41,2026-09-18 13:00:00,42,2026-09-18 14:00:00,91.697,91.8968,91.29740000000001,0.1997999999999962,42,2026-09-18 14:00:00,91.8968,-0.1997999999999962,-1.0,stop
261,Short,33,2026-09-17 14:00:00,34,2026-09-17 15:00:00,134.7181,140.8476,122.45909999999998,6.129500000000007,35,2026-09-17 16:00:00,122.45909999999998,12.259000000000015,2.0,target
262,Long,21,2026-09-16 11:00:00,22,2026-09-16 12:00:00,84.9606,84.4248,86.03219999999999,0.5357999999999947,22,2026-09-16 12:00:00,84.4248,-0.5357999999999947,-1.0,stop
263,Short,15,2026-09-15 14:00:00,16,2026-09-15 15:00:00,114.4478,114.7384,113.8666,0.29059999999999775,16,2026-09-15 15:00:00,114.7384,-0.29059999999999775,-1.0,stop
263,Long,16,2026-09-15 15:00:00,17,2026-09-15 16:00:00,114.6149,114.1313,115.58210000000003,0.4836000000000098,17,2026-09-15 16:00:00,115.58210000000003,0.9672000000000196,2.0,target
263,Short,24,2026-09-16 14:00:00,25,2026-09-16 15:00:00,110.0412,110.4987,109.12620000000001,0.457499999999996,25,2026-09-16 15:00:00,109.12620000000001,0.914999999999992,2.0,target
263,Long,36,2026-09-17 17:00:00,37,2026-09-18 09:00:00,106.0374,102.1204,113.87140000000001,3.9170000000000016,38,2026-09-18 10:00:00,102.1204,-3.9170000000000016,-1.0,stop
263,Short,41,2026-09-18 13:00:00,42,2026-09-18 14:00:00,94.4532,94.6411,94.0774,0.18789999999999907,42,2026-09-18 14:00:00,94.6411,-0.18789999999999907,-1.0,stop
264,Long,17,2026-09-15 16:00:00,18,2026-09-15 17:00:00,114.2654,107.5992,127.5978,6.6662000000000035,25,2026-09-16 15:00:00,127.5978,13.332400000000007,2.0,target
264,Short,34,2026-09-17 15:00:00,35,2026-09-17 16:00:00,119.4111,125.4069,107.41950000000003,5.9957999999999885,38,2026-09-18 10:00:00,125.4069,-5.9957999999999885,-1.0,stop
264,Long,40,2026-09-18 12:00:00,41,2026-09-18 13:00:00,131.8959,130.7453,134.19710000000006,1.1506000000000256,42,2026-09-18 14:00:00,130.7453,-1.1506000000000256,-1.0,stop
265,Short,13,2026-09-15 12:00:00,14,2026-09-15 13:00:00,119.5865,121.2709,116.21770000000001,1.6843999999999966,14,2026-09-15 13:00:00,121.2709,-1.6843999999999966,-1.0,stop
265,Long,18,2026-09-15 17:00:00,19,2026-09-16 09:00:00,119.0575,118.7868,119.59890000000001,0.27070000000000505,19,2026-09-16 09:00:00,119.59890000000001,0.5414000000000101,2.0,target
265,Short,20,2026-09-16 10:00:00,21,2026-09-16 11:00:00,123.6854,123.8026,123.45100000000001,0.11719999999999686,21,2026-09-16 11:00:00,123.8026,-0.11719999999999686,-1.0,stop
265,Long,23,2026-09-16 13:00:00,24,2026-09-16 14:00:00,134.293,127.6295,147.62000000000003,6.663500000000013,39,2026-09-18 11:00:00,147.62000000000003,13.327000000000027,2.0,target
265,Short,35,2026-09-17 16:00:00,36,2026-09-17 17:00:00,134.7323,135.9804,132.23610000000002,1.2480999999999938,36,2026-09-17 17:00:00,135.9804,-1.2480999999999938,-1.0,stop
265,Long,39,2026-09-18 11:00:00,40,2026-09-18 12:00:00,150.3349,146.4603,158.08410000000003,3.874600000000015,44,2026-09-18 16:00:00,146.4603,-3.874600000000015,-1.0,stop
266,Long,13,2026-09-15 12:00:00,14,2026-09-15 13:00:00,103.4782,99.9385,110.5576,3.5396999999999963,14,2026-09-15 13:00:00,99.9385,-3.5396999999999963,-1.0,stop
266,Short,19,2026-09-16 09:00:00,20,2026-09-16 10:00:00,89.984,93.8848,82.18239999999999,3.900800000000004,21,2026-09-16 11:00:00,93.8848,-3.900800000000004,-1.0,stop
266,Long,24,2026-09-16 14:00:00,25,2026-09-16 15:00:00,99.7172,95.4214,108.3088,4.2958,26,2026-09-16 16:00:00,108.3088,8.5916,2.0,target
266,Short,43,2026-09-18 15:00:00,44,2026-09-18 16:00:00,106.2772,113.3829,92.06579999999997,7.105700000000013,45,2026-09-18 17:00:00,112.7508,-6.473600000000005,-0.9110432469707408,time_exit
267,Short,13,2026-09-15 12:00:00,14,2026-09-15 13:00:00,115.6221,119.2346,108.39710000000001,3.612499999999997,17,2026-09-15 16:00:00,108.39710000000001,7.224999999999994,2.0,target
267,Long,25,2026-09-16 15:00:00,26,2026-09-16 16:00:00,104.7097,104.3536,105.4219,0.35609999999999786,26,2026-09-16 16:00:00,105.4219,0.7121999999999957,2.0,target
267,Short,34,2026-09-17 15:00:00,35,2026-09-17 16:00:00,96.2822,99.7216,89.40340000000002,3.439399999999992,35,2026-09-17 16:00:00,89.40340000000002,6.878799999999984,2.0,target
267,Long,41,2026-09-18 13:00:00,42,2026-09-18 14:00:00,104.2844,104.0042,104.84480000000002,0.2802000000000078,42,2026-09-18 14:00:00,104.0042,-0.2802000000000078,-1.0,stop
268,Long,13,2026-09-15 12:00:00,14,2026-09-15 13:00:00,101.1892,97.6375,108.2926,3.5516999999999967,14,2026-09-15 13:00:00,97.6375,-3.5516999999999967,-1.0,stop
268,Short,14,2026-09-15 13:00:00,15,2026-09-15 14:00:00,94.6126,101.1892,81.4594,6.576599999999999,18,2026-09-15 17:00:00,81.4594,13.153199999999998,2.0,target
268,Long,15,2026-09-15 14:00:00,16,2026-09-15 15:00:00,88.2364,88.1008,88.5076,0.1355999999999966,16,2026-09-15 15:00:00,88.1008,-0.1355999999999966,-1.0,stop
268,Short,16,2026-09-15 15:00:00,17,2026-09-15 16:00:00,86.8672,88.2843,84.03299999999999,1.417100000000005,17,2026-09-15 16:00:00,84.03299999999999,2.83420000000001,2.0,target
268,Long,28,2026-09-17 09:00:00,29,2026-09-17 10:00:00,81.3329,74.6705,94.65769999999998,6.662399999999991,31,2026-09-17 12:00:00,74.6705,-6.662399999999991,-1.0,stop
268,Short,33,2026-09-17 14:00:00,34,2026-09-17 15:00:00,69.774,69.9718,69.3784,0.19780000000000086,34,2026-09-17 15:00:00,69.9718,-0.19780000000000086,-1.0,stop
268,Long,38,2026-09-18 10:00:00,39,2026-09-18 11:00:00,73.4115,73.0126,74.2093,0.3988999999999976,39,2026-09-18 11:00:00,73.0126,-0.3988999999999976,-1.0,stop
268,Short,39,2026-09-18 11:00:00,40,2026-09-18 12:00:00,66.1361,73.5073,51.393699999999995,7.371200000000002,42,2026-09-18 14:00:00,51.393699999999995,14.742400000000004,2.0,target
269,Short,22,2026-09-16 12:00:00,23,2026-09-16 13:00:00,115.4454,121.3639,103.60840000000002,5.9184999999999945,23,2026-09-16 13:00:00,121.3639,-5.9184999999999945,-1.0,stop
269,Long,27,2026-09-16 17:00:00,28,2026-09-17 09:00:00,137.97,134.4179,145.0742,3.552099999999996,29,2026-09-17 10:00:00,134.4179,-3.552099999999996,-1.0,stop
269,Short,37,2026-09-18 09:00:00,38,2026-09-18 10:00:00,131.9724,132.2167,131.48379999999997,0.24430000000000973,38,2026-09-18 10:00:00,132.2167,-0.24430000000000973,-1.0,stop
270,Short,14,2026-09-15 13:00:00,15,2026-09-15 14:00:00,104.8661,104.9607,104.6769,0.0945999999999998,15,2026-09-15 14:00:00,104.9607,-0.0945999999999998,-1.0,stop
270,Long,33,2026-09-17 14:00:00,34,2026-09-17 15:00:00,87.2588,87.0058,87.7648,0.2530000000000001,34,2026-09-17 15:00:00,87.0058,-0.2530000000000001,-1.0,stop
270,Short,37,2026-09-18 09:00:00,38,2026-09-18 10:00:00,78.7048,78.7122,78.69000000000003,0.007399999999989859,38,2026-09-18 10:00:00,78.7122,-0.007399999999989859,-1.0,stop
270,Long,44,2026-09-18 16:00:00,45,2026-09-18 17:00:00,90.848,85.3014,101.9412,5.546599999999998,45,2026-09-18 17:00:00,89.2118,-1.6362000000000023,-0.29499152634046133,time_exit
271,Long,27,2026-09-16 17:00:00,28,2026-09-17 09:00:00,71.4004,71.072,72.05720000000001,0.328400000000002,28,2026-09-17 09:00:00,71.072,-0.328400000000002,-1.0,stop
272,Short,18,2026-09-15 17:00:00,19,2026-09-16 09:00:00,95.6409,100.0968,86.7291,4.4559,22,2026-09-16 12:00:00,100.0968,-4.4559,-1.0,stop
272,Long,24,2026-09-16 14:00:00,25,2026-09-16 15:00:00,98.519,98.2425,99.072,0.27649999999999864,25,2026-09-16 15:00:00,98.2425,-0.27649999999999864,-1.0,stop
272,Short,28,2026-09-17 09:00:00,29,2026-09-17 10:00:00,92.0154,96.1744,83.69739999999999,4.159000000000006,33,2026-09-17 14:00:00,96.1744,-4.159000000000006,-1.0,stop
272,Long,36,2026-09-17 17:00:00,37,2026-09-18 09:00:00,94.727,94.632,94.917,0.09499999999999886,37,2026-09-18 09:00:00,94.632,-0.09499999999999886,-1.0,stop
272,Short,40,2026-09-18 12:00:00,41,2026-09-18 13:00:00,92.1159,92.4298,91.48809999999999,0.31390000000000384,41,2026-09-18 13:00:00,92.4298,-0.31390000000000384,-1.0,stop
273,Long,13,2026-09-15 12:00:00,14,2026-09-15 13:00:00,95.8376,94.0624,99.38799999999999,1.7751999999999981,14,2026-09-15 13:00:00,99.38799999999999,3.5503999999999962,2.0,target
273,Short,33,2026-09-17 14:00:00,34,2026-09-17 15:00:00,133.8845,134.3252,133.00310000000002,0.44069999999999254,34,2026-09-17 15:00:00,133.00310000000002,0.8813999999999851,2.0,target
273,Long,36,2026-09-17 17:00:00,37,2026-09-18 09:00:00,130.666,130.6252,130.74759999999998,0.04079999999999018,37,2026-09-18 09:00:00,130.6252,-0.04079999999999018,-1.0,stop
273,Short,44,2026-09-18 16:00:00,45,2026-09-18 17:00:00,128.8018,131.2793,123.84679999999994,2.4775000000000205,45,2026-09-18 17:00:00,126.7365,2.0652999999999793,0.8336226034308627,time_exit
274,Short,19,2026-09-16 09:00:00,20,2026-09-16 10:00:00,96.0125,96.2488,95.5399,0.23629999999999995,20,2026-09-16 10:00:00,96.2488,-0.23629999999999995,-1.0,stop
274,Long,38,2026-09-18 10:00:00,39,2026-09-18 11:00:00,70.7131,70.4436,71.25209999999998,0.26949999999999363,39,2026-09-18 11:00:00,70.4436,-0.26949999999999363,-1.0,stop
274,Short,41,2026-09-18 13:00:00,42,2026-09-18 14:00:00,65.0826,65.2686,64.71059999999999,0.18600000000000705,42,2026-09-18 14:00:00,65.2686,-0.18600000000000705,-1.0,stop
275,Short,19,2026-09-16 09:00:00,20,2026-09-16 10:00:00,110.3124,110.4386,110.06,0.1261999999999972,20,2026-09-16 10:00:00,110.4386,-0.1261999999999972,-1.0,stop
275,Long,24,2026-09-16 14:00:00,25,2026-09-16 15:00:00,118.03,114.725,124.64000000000001,3.305000000000007,25,2026-09-16 15:00:00,114.725,-3.305000000000007,-1.0,stop
275,Short,33,2026-09-17 14:00:00,34,2026-09-17 15:00:00,102.4968,106.2418,95.00679999999998,3.7450000000000045,35,2026-09-17 16:00:00,95.00679999999998,7.490000000000009,2.0,target
275,Long,42,2026-09-18 14:00:00,43,2026-09-18 15:00:00,100.1357,99.9912,100.42469999999999,0.14449999999999363,43,2026-09-18 15:00:00,99.9912,-0.14449999999999363,-1.0,stop
276,Long,26,2026-09-16 16:00:00,27,2026-09-16 17:00:00,112.4441,109.8852,117.56190000000002,2.5589000000000084,27,2026-09-16 17:00:00,109.8852,-2.5589000000000084,-1.0,stop
276,Short,29,2026-09-17 10:00:00,30,2026-09-17 11:00:00,94.9954,101.8762,81.23380000000002,6.880799999999994,34,2026-09-17 15:00:00,81.23380000000002,13.761599999999987,2.0,target
276,Long,40,2026-09-18 12:00:00,41,2026-09-18 13:00:00,86.7491,86.3767,87.4939,0.37239999999999895,41,2026-09-18 13:00:00,87.4939,0.7447999999999979,2.0,target
277,Long,17,2026-09-15 16:00:00,18,2026-09-15 17:00:00,85.2856,83.5434,88.77,1.7421999999999969,18,2026-09-15 17:00:00,83.5434,-1.7421999999999969,-1.0,stop
277,Short,19,2026-09-16 09:00:00,20,2026-09-16 10:00:00,75.4705,81.4915,63.4285,6.021000000000001,29,2026-09-17 10:00:00,81.4915,-6.021000000000001,-1.0,stop
277,Long,28,2026-09-17 09:00:00,29,2026-09-17 10:00:00,79.499,79.2676,79.96179999999998,0.2313999999999936,29,2026-09-17 10:00:00,79.2676,-0.2313999999999936,-1.0,stop
277,Short,38,2026-09-18 10:00:00,39,2026-09-18 11:00:00,78.0935,82.5474,69.18570000000003,4.45389999999999,40,2026-09-18 12:00:00,69.18570000000003,8.90779999999998,2.0,target
278,Short,15,2026-09-15 14:00:00,16,2026-09-15 15:00:00,101.5414,108.6499,87.32439999999998,7.1085000000000065,20,2026-09-16 10:00:00,108.6499,-7.1085000000000065,-1.0,stop
278,Long,21,2026-09-16 11:00:00,22,2026-09-16 12:00:00,111.1682,108.5179,116.4688,2.6503000000000014,24,2026-09-16 14:00:00,108.5179,-2.6503000000000014,-1.0,stop
279,Short,16,2026-09-15 15:00:00,17,2026-09-15 16:00:00,96.9954,97.217,96.55220000000001,0.22159999999999513,17,2026-09-15 16:00:00,97.217,-0.22159999999999513,-1.0,stop
279,Long,20,2026-09-16 10:00:00,21,2026-09-16 11:00:00,108.769,104.8292,116.64860000000002,3.9398000000000053,21,2026-09-16 11:00:00,104.8292,-3.9398000000000053,-1.0,stop
279,Short,34,2026-09-17 15:00:00,35,2026-09-17 16:00:00,110.4829,110.5359,110.3769,0.05299999999999727,35,2026-09-17 16:00:00,110.5359,-0.05299999999999727,-1.0,stop
280,Long,23,2026-09-16 13:00:00,24,2026-09-16 14:00:00,79.4326,76.9632,84.37139999999998,2.469399999999993,25,2026-09-16 15:00:00,84.37139999999998,4.938799999999986,2.0,target
280,Short,34,2026-09-17 15:00:00,35,2026-09-17 16:00:00,80.1152,84.9015,70.54260000000001,4.786299999999997,40,2026-09-18 12:00:00,84.9015,-4.786299999999997,-1.0,stop
280,Long,40,2026-09-18 12:00:00,41,2026-09-18 13:00:00,90.2845,84.3519,102.14969999999998,5.932599999999994,45,2026-09-18 17:00:00,92.0041,1.7195999999999998,0.2898560496241111,time_exit
281,Short,25,2026-09-16 15:00:00,26,2026-09-16 16:00:00,116.9047,117.1115,116.4911,0.2068000000000012,26,2026-09-16 16:00:00,116.4911,0.4136000000000024,2.0,target
281,Long,32,2026-09-17 13:00:00,33,2026-09-17 14:00:00,119.3644,113.2361,131.62100000000004,6.12830000000001,33,2026-09-17 14:00:00,113.2361,-6.12830000000001,-1.0,stop
283,Long,22,2026-09-16 12:00:00,23,2026-09-16 13:00:00,74.733,74.6517,74.8956,0.08129999999999882,23,2026-09-16 13:00:00,74.6517,-0.08129999999999882,-1.0,stop
283,Short,31,2026-09-17 12:00:00,32,2026-09-17 13:00:00,73.394,81.0258,58.13040000000001,7.631799999999998,33,2026-09-17 14:00:00,81.0258,-7.631799999999998,-1.0,stop
283,Long,36,2026-09-17 17:00:00,37,2026-09-18 09:00:00,94.8979,89.0822,106.52930000000002,5.815700000000007,39,2026-09-18 11:00:00,106.52930000000002,11.631400000000014,2.0,target
284,Long,16,2026-09-15 15:00:00,17,2026-09-15 16:00:00,95.0083,92.6109,99.80310000000001,2.3974000000000046,17,2026-09-15 16:00:00,92.6109,-2.3974000000000046,-1.0,stop
284,Short,19,2026-09-16 09:00:00,20,2026-09-16 10:00:00,93.3986,93.6369,92.92200000000001,0.2382999999999953,20,2026-09-16 10:00:00,93.6369,-0.2382999999999953,-1.0,stop
284,Long,29,2026-09-17 10:00:00,30,2026-09-17 11:00:00,92.685,90.1884,97.6782,2.496600000000001,32,2026-09-17 13:00:00,90.1884,-2.496600000000001,-1.0,stop
284,Short,35,2026-09-17 16:00:00,36,2026-09-17 17:00:00,78.7032,84.265,67.57959999999999,5.561800000000005,45,2026-09-18 17:00:00,78.7477,-0.04449999999999932,-0.008001006868279923,time_exit
285,Short,19,2026-09-16 09:00:00,20,2026-09-16 10:00:00,106.9624,107.129,106.6292,0.16660000000000252,20,2026-09-16 10:00:00,107.129,-0.16660000000000252,-1.0,stop
285,Long,25,2026-09-16 15:00:00,26,2026-09-16 16:00:00,111.9474,110.3008,115.24060000000001,1.6466000000000065,26,2026-09-16 16:00:00,110.3008,-1.6466000000000065,-1.0,stop
286,Short,14,2026-09-15 13:00:00,15,2026-09-15 14:00:00,90.905,98.1386,76.43780000000001,7.233599999999996,18,2026-09-15 17:00:00,98.1386,-7.233599999999996,-1.0,stop
286,Long,21,2026-09-16 11:00:00,22,2026-09-16 12:00:00,100.4832,100.4808,100.48799999999999,0.0023999999999944066,22,2026-09-16 12:00:00,100.4808,-0.0023999999999944066,-1.0,stop
286,Short,26,2026-09-16 16:00:00,27,2026-09-16 17:00:00,89.9849,94.428,81.0987,4.443100000000001,28,2026-09-17 09:00:00,94.428,-4.443100000000001,-1.0,stop
286,Long,31,2026-09-17 12:00:00,32,2026-09-17 13:00:00,104.4834,97.6092,118.2318,6.874200000000002,33,2026-09-17 14:00:00,97.6092,-6.874200000000002,-1.0,stop
286,Short,36,2026-09-17 17:00:00,37,2026-09-18 09:00:00,94.8517,95.0837,94.3877,0.23199999999999932,37,2026-09-18 09:00:00,95.0837,-0.23199999999999932,-1.0,stop
286,Long,42,2026-09-18 14:00:00,43,2026-09-18 15:00:00,109.8104,102.9349,123.5614,6.875500000000002,45,2026-09-18 17:00:00,122.2488,12.438400000000001,1.8090902479819646,time_exit
287,Short,28,2026-09-17 09:00:00,29,2026-09-17 10:00:00,116.9105,117.7484,115.23469999999999,0.8379000000000048,29,2026-09-17 10:00:00,115.23469999999999,1.6758000000000095,2.0,target
288,Long,20,2026-09-16 10:00:00,21,2026-09-16 11:00:00,113.6347,107.1704,126.56329999999998,6.464299999999994,36,2026-09-17 17:00:00,107.1704,-6.464299999999994,-1.0,stop
288,Short,29,2026-09-17 10:00:00,30,2026-09-17 11:00:00,116.4634,116.4847,116.42079999999997,0.021300000000010755,30,2026-09-17 11:00:00,116.4847,-0.021300000000010755,-1.0,stop
288,Long,33,2026-09-17 14:00:00,34,2026-09-17 15:00:00,118.7915,118.5508,119.2729,0.2407000000000039,34,2026-09-17 15:00:00,118.5508,-0.2407000000000039,-1.0,stop
288,Short,36,2026-09-17 17:00:00,37,2026-09-18 09:00:00,104.7453,107.7575,98.72090000000001,3.012199999999993,39,2026-09-18 11:00:00,107.7575,-3.012199999999993,-1.0,stop
289,Short,18,2026-09-15 17:00:00,19,2026-09-16 09:00:00,102.3754,102.3978,102.33059999999999,0.02240000000000464,19,2026-09-16 09:00:00,102.3978,-0.02240000000000464,-1.0,stop
289,Long,24,2026-09-16 14:00:00,25,2026-09-16 15:00:00,101.8575,101.8119,101.94870000000002,0.04560000000000741,25,2026-09-16 15:00:00,101.8119,-0.04560000000000741,-1.0,stop
289,Short,33,2026-09-17 14:00:00,34,2026-09-17 15:00:00,103.7623,103.8561,103.57469999999999,0.09380000000000166,34,2026-09-17 15:00:00,103.8561,-0.09380000000000166,-1.0,stop
289,Long,41,2026-09-18 13:00:00,42,2026-09-18 14:00:00,103.524,103.2254,104.12120000000002,0.2986000000000075,42,2026-09-18 14:00:00,103.2254,-0.2986000000000075,-1.0,stop
290,Short,43,2026-09-18 15:00:00,44,2026-09-18 16:00:00,157.1735,161.143,149.23449999999997,3.9695000000000107,45,2026-09-18 17:00:00,155.3533,1.8201999999999998,0.4585464164252412,time_exit
291,Long,20,2026-09-16 10:00:00,21,2026-09-16 11:00:00,97.6301,93.5008,105.8887,4.129300000000001,24,2026-09-16 14:00:00,93.5008,-4.129300000000001,-1.0,stop
291,Short,28,2026-09-17 09:00:00,29,2026-09-17 10:00:00,93.0567,93.2397,92.69070000000002,0.18299999999999272,29,2026-09-17 10:00:00,92.69070000000002,0.36599999999998545,2.0,target
291,Long,35,2026-09-17 16:00:00,36,2026-09-17 17:00:00,88.9736,88.6572,89.60640000000001,0.31640000000000157,36,2026-09-17 17:00:00,88.6572,-0.31640000000000157,-1.0,stop
291,Short,36,2026-09-17 17:00:00,37,2026-09-18 09:00:00,85.3694,89.2245,77.65919999999998,3.8551000000000073,37,2026-09-18 09:00:00,89.2245,-3.8551000000000073,-1.0,stop
291,Long,43,2026-09-18 15:00:00,44,2026-09-18 16:00:00,95.5392,93.967,98.68359999999998,1.5721999999999952,44,2026-09-18 16:00:00,93.967,-1.5721999999999952,-1.0,stop
292,Long,22,2026-09-16 12:00:00,23,2026-09-16 13:00:00,94.509,89.8954,103.73620000000001,4.613600000000005,24,2026-09-16 14:00:00,103.73620000000001,9.22720000000001,2.0,target
293,Short,16,2026-09-15 15:00:00,17,2026-09-15 16:00:00,94.8804,101.3773,81.88659999999997,6.496900000000011,22,2026-09-16 12:00:00,81.88659999999997,12.993800000000022,2.0,target
293,Long,44,2026-09-18 16:00:00,45,2026-09-18 17:00:00,56.2699,55.7226,57.3645,0.5472999999999999,45,2026-09-18 17:00:00,55.7226,-0.5472999999999999,-1.0,stop
294,Short,23,2026-09-16 13:00:00,24,2026-09-16 14:00:00,135.2656,141.9417,121.91340000000002,6.676099999999991,30,2026-09-17 11:00:00,121.91340000000002,13.352199999999982,2.0,target
294,Long,39,2026-09-18 11:00:00,40,2026-09-18 12:00:00,126.257,120.2815,138.20800000000003,5.975500000000011,43,2026-09-18 15:00:00,120.2815,-5.975500000000011,-1.0,stop
294,Short,44,2026-09-18 16:00:00,45,2026-09-18 17:00:00,117.1072,117.5555,116.21060000000003,0.44829999999998904,45,2026-09-18 17:00:00,116.7732,0.3340000000000032,0.745036805710487,time_exit
295,Short,26,2026-09-16 16:00:00,27,2026-09-16 17:00:00,124.8422,125.3103,123.90600000000002,0.46809999999999263,27,2026-09-16 17:00:00,123.90600000000002,0.9361999999999853,2.0,target
295,Long,34,2026-09-17 15:00:00,35,2026-09-17 16:00:00,128.1148,127.8354,128.6736,0.27939999999999543,35,2026-09-17 16:00:00,127.8354,-0.27939999999999543,-1.0,stop
295,Short,39,2026-09-18 11:00:00,40,2026-09-18 12:00:00,120.1934,127.276,106.0282,7.082599999999999,45,2026-09-18 17:00:00,117.6915,2.501899999999992,0.35324598311354477,time_exit
296,Long,21,2026-09-16 11:00:00,22,2026-09-16 12:00:00,83.2328,82.9249,83.8486,0.3079000000000036,22,2026-09-16 12:00:00,82.9249,-0.3079000000000036,-1.0,stop
296,Short,23,2026-09-16 13:00:00,24,2026-09-16 14:00:00,80.0569,81.7604,76.64989999999999,1.7035000000000053,24,2026-09-16 14:00:00,81.7604,-1.7035000000000053,-1.0,stop
297,Long,14,2026-09-15 13:00:00,15,2026-09-15 14:00:00,124.3436,116.845,139.3408,7.498599999999996,32,2026-09-17 13:00:00,139.3408,14.997200000000007,2.0000000000000018,target
297,Short,24,2026-09-16 14:00:00,25,2026-09-16 15:00:00,123.4946,123.8037,122.8764,0.3091000000000008,25,2026-09-16 15:00:00,123.8037,-0.3091000000000008,-1.0,stop
297,Long,27,2026-09-16 17:00:00,28,2026-09-17 09:00:00,129.8278,122.6409,144.20159999999998,7.186899999999994,45,2026-09-18 17:00:00,128.5495,-1.2783000000000015,-0.1778652826670752,time_exit
297,Short,41,2026-09-18 13:00:00,42,2026-09-18 14:00:00,140.9473,141.1639,140.5141,0.21659999999999968,42,2026-09-18 14:00:00,140.5141,0.43319999999999936,2.0,target
298,Short,25,2026-09-16 15:00:00,26,2026-09-16 16:00:00,109.4412,116.6438,95.03599999999999,7.202600000000004,28,2026-09-17 09:00:00,95.03599999999999,14.405200000000008,2.0,target
299,Long,23,2026-09-16 13:00:00,24,2026-09-16 14:00:00,76.2526,75.8336,77.0906,0.41899999999999693,24,2026-09-16 14:00:00,75.8336,-0.41899999999999693,-1.0,stop
299,Short,26,2026-09-16 16:00:00,27,2026-09-16 17:00:00,76.7305,76.863,76.46550000000002,0.13249999999999318,27,2026-09-16 17:00:00,76.863,-0.13249999999999318,-1.0,stop
299,Long,28,2026-09-17 09:00:00,29,2026-09-17 10:00:00,82.5398,82.2544,83.11059999999999,0.28539999999999566,29,2026-09-17 10:00:00,82.2544,-0.28539999999999566,-1.0,stop
300,Long,33,2026-09-17 14:00:00,34,2026-09-17 15:00:00,49.1744,48.8504,49.822399999999995,0.32399999999999807,34,2026-09-17 15:00:00,48.8504,-0.32399999999999807,-1.0,stop
300,Short,34,2026-09-17 15:00:00,35,2026-09-17 16:00:00,44.253,49.6332,33.492599999999996,5.380200000000002,37,2026-09-18 09:00:00,49.6332,-5.380200000000002,-1.0,stop
300,Long,35,2026-09-17 16:00:00,36,2026-09-17 17:00:00,45.0011,44.1572,46.6889,0.8438999999999979,37,2026-09-18 09:00:00,46.6889,1.6877999999999957,2.0,target
300,Short,37,2026-09-18 09:00:00,38,2026-09-18 10:00:00,51.0425,51.4699,50.187699999999985,0.4274000000000058,38,2026-09-18 10:00:00,51.4699,-0.4274000000000058,-1.0,stop
300,Long,38,2026-09-18 10:00:00,39,2026-09-18 11:00:00,55.2068,51.0321,63.556200000000004,4.174700000000001,39,2026-09-18 11:00:00,51.0321,-4.174700000000001,-1.0,stop
